location_code,damage_code,collision_code,road_code,light_code,road_type_code,traffic_code,weather_code,emp_liability_code,kpi_cause_code
RAD,MIR,SSW,DRY,DAY,MULTI,LIGHT,FINE,1,ROA
RAD,NSM,SSW,DRY,NIGHT,MULTI,LIGHT,FINE,1,CARS TRUCKS
RAD,OSR,TAI,DRY,DAY,MULTI,MODERATE,FINE,4,EMP
RBT,NSR,SSW,WET,DUSK,SINGLE,HEAVY,RAIN,4,BUS - OTHER
XRD,OSM,SSW,DRY,DAY,MULTI,MODERATE,FINE,4,BUS - OTHER
RAD,NSF,SSW,DRY,DAY,SINGLE,MODERATE,FINE,4,EMP
RAD,FRNT,SSW,WET,DAY,MULTI,LIGHT,RAIN,1,EMP
BSP,OSR,SSW,DRY,DAY,SINGLE,MODERATE,FINE,4,EMP
RAD,NSF,SSW,DRY,DAY,SINGLE,MODERATE,FINE,1,ROA
BSP,OSR,N2T,DRY,DUSK,SINGLE,LIGHT,FINE,5,ROA
XRD,OSF,SSW,DRY,DAY,SINGLE,MODERATE,FINE,4,CARS TRUCKS
BSP,OSF,SSW,DRY,DAY,SINGLE,LIGHT,FINE,1,EMP
XRD,OSR,SSW,DRY,DAY,MULTI,LIGHT,FINE,1,CARS TRUCKS
BSP,MIR,SSW,DRY,DAY,MULTI,LIGHT,FINE,5,ROA
RAD,FRNT,BTMO,WET,DAY,SINGLE,LIGHT,RAIN,0,ENV
RAD,NSM,SSW,DRY,DAWN,MULTI,HEAVY,FINE,4,EMP
XRD,OSR,TBO,DRY,DAY,MULTI,LIGHT,FINE,1,GEN
RAD,NSM,SSW,DRY,NIGHT,SINGLE,HEAVY,FINE,4,EMP
XRD,MIR,ROO,DRY,DAY,MULTI,HEAVY,FINE,4,EMP
BSP,REAR,SSW,DRY,DAY,SINGLE,LIGHT,FINE,4,EMP
BSP,NSR,ROO,DRY,DAY,MULTI,HEAVY,FINE,4,BUS - OTHER
BSP,OSR,SSW,WET,DAY,MULTI,MODERATE,RAIN,1,ROA
BSP,NSM,SSW,WET,DAY,SINGLE,LIGHT,RAIN,1,CARS TRUCKS
RAD,OSF,SSW,DRY,DAY,MULTI,LIGHT,FINE,5,CARS TRUCKS
RAD,OSM,SSW,DRY,DAY,SINGLE,LIGHT,FINE,6,OTH
RAD,NSR,SSW,DRY,DAY,SINGLE,LIGHT,FINE,6,OTH
BSP,FRNT,TBO,DRY,DAY,MULTI,LIGHT,FINE,4,EMP
RAD,OSM,SSW,DRY,DUSK,MULTI,LIGHT,FINE,4,EMP
RAD,OSF,SSW,DRY,DAY,MULTI,MODERATE,FINE,5,CARS TRUCKS
RAD,NSM,SSW,DRY,DAY,SINGLE,NO,FINE,4,BUS - OTHER
RAD,FRNT,SSW,DRY,DAY,MULTI,HEAVY,FINE,1,ROA
RAD,NSR,SSW,DRY,DAY,SINGLE,NO,FINE,5,ROA
RAD,REAR,BTMO,WET,NIGHT,SINGLE,NO,RAIN,4,EMP
RAD,OSM,SSW,DRY,NIGHT,MULTI,LIGHT,FINE,4,CARS TRUCKS
RAD,NSR,TAI,DRY,DAY,MULTI,MODERATE,FINE,0,CARS TRUCKS
TIN,OSR,N2T,DRY,DAY,MULTI,LIGHT,FINE,1,ROA
RAD,FRNT,SSW,DRY,DAY,SINGLE,LIGHT,FINE,5,CARS TRUCKS
RAD,FRNT,BTMO,DRY,DAY,SINGLE,NO,FINE,4,CARS TRUCKS
RAD,OSR,SSW,DRY,DAY,SINGLE,MODERATE,FINE,5,CARS TRUCKS
DEPOT,NSM,SSW,DRY,DAY,SINGLE,LIGHT,FINE,4,BUS - OTHER
XRD,WSRE,SSW,DRY,DAY,SINGLE,LIGHT,FINE,4,EMP
RAD,NSR,SSW,DRY,DAY,SINGLE,LIGHT,FINE,1,BUS - OTHER
BSP,OSR,N2T,DRY,DAY,MULTI,LIGHT,FINE,1,CARS TRUCKS
RBT,FRNT,N2T,DRY,DAY,SINGLE,LIGHT,FINE,4,EMP
RAD,REAR,SSW,WET,DAY,SINGLE,MODERATE,RAIN,4,EMP
RAD,OSF,SSW,DRY,DUSK,MULTI,LIGHT,FINE,1,CARS TRUCKS
RAD,OSR,TAI,DRY,DAY,MULTI,HEAVY,FINE,1,CARS TRUCKS
RAD,NSR,N2T,DRY,DAY,MULTI,MODERATE,FINE,5,ROA
RAD,FRNT,HON,DRY,NIGHT,MULTI,MODERATE,FINE,4,EMP
RAD,NSF,SSW,DRY,NIGHT,SINGLE,NO,FINE,4,EMP
BSP,OSF,SSW,DRY,DAY,SINGLE,LIGHT,FINE,1,CARS TRUCKS
XRD,OSM,SSW,DRY,DAY,MULTI,LIGHT,FINE,1,CARS TRUCKS
BSP,NSR,SSW,DRY,DAY,BUS,NO,FINE,4,CARS TRUCKS
XRD,NSR,REVERSING,WET,DAWN,SINGLE,LIGHT,RAIN,4,EMP
BSP,OSR,SSW,DRY,DAY,SINGLE,MODERATE,FINE,5,ROA
RAD,FRNT,SSW,DRY,DAY,MULTI,HEAVY,FINE,5,CARS TRUCKS
RAD,FRNT,HON,DRY,DAY,SINGLE,NO,FINE,4,CARS TRUCKS
RAD,MIR,SSW,DRY,STREET,SINGLE,LIGHT,FINE,4,EMP
XRD,OSM,SSW,WET,DAY,SINGLE,LIGHT,RAIN,4,EMP
XRD,NSF,N2T,DRY,DAY,SINGLE,MODERATE,FINE,4,CARS TRUCKS
RBT,FRNT,HON,DRY,DAY,SINGLE,LIGHT,FINE,4,CARS TRUCKS
BSP,OSR,SSW,DRY,DUSK,MULTI,MODERATE,FINE,1,CARS TRUCKS
RAD,NSF,SSW,DRY,NIGHT,SINGLE,LIGHT,FINE,1,CARS TRUCKS
BSP,REAR,N2T,WET,DAY,MULTI,LIGHT,RAIN,5,CARS TRUCKS
XRD,OSR,SSW,DRY,DAY,MULTI,HEAVY,FINE,4,CARS TRUCKS
RAD,OSR,SSW,DRY,DAY,MULTI,LIGHT,FINE,1,ROA
BSP,OSM,SSW,DRY,DAY,SINGLE,LIGHT,FINE,4,CARS TRUCKS
RAD,FRNT,BTMO,DRY,DAY,MULTI,MODERATE,FINE,1,CARS TRUCKS
RAD,WSRE,HON,DRY,NIGHT,SINGLE,NO,FINE,4,BUS - OTHER
BSP,OSR,SSW,DRY,DAY,MULTI,HEAVY,FINE,5,ROA
XRD,FRNT,N2T,WET,NIGHT,SINGLE,LIGHT,RAIN,4,EMP
RAD,FRNT,TBO,DRY,DAY,SINGLE,HEAVY,FINE,1,CARS TRUCKS
RAD,FRNT,SSW,DRY,DAY,BUS,HEAVY,FINE,5,ROA
TIN,REAR,REVERSING,DRY,DAY,MULTI,MODERATE,FINE,4,EMP
BSP,NSM,TBO,DRY,DAY,SINGLE,LIGHT,FINE,4,CARS TRUCKS
RAD,OSF,SSW,DRY,DAY,MULTI,LIGHT,FINE,1,GEN
RAD,OSR,SSW,DRY,DAY,MULTI,MODERATE,FINE,1,ROA
RAD,NSF,SSW,DRY,DAY,SINGLE,HEAVY,FINE,1,CARS TRUCKS
BSP,NSR,N2T,DRY,DAY,SINGLE,LIGHT,FINE,1,ROA
RAD,NSR,TAI,DRY,DAY,SINGLE,LIGHT,FINE,4,CARS TRUCKS
RAD,MIR,SSW,DRY,DAY,SINGLE,LIGHT,FINE,4,CARS TRUCKS
XRD,NSR,SSW,DRY,DAY,SINGLE,HEAVY,FINE,4,EMP
RAD,NSM,SSW,WET,NIGHT,BUS,LIGHT,FINE,4,EMP
RBT,NSR,SSW,DRY,DAY,SINGLE,LIGHT,FINE,0,OTH
RAD,OSF,SSW,DRY,DAY,SINGLE,MODERATE,FINE,1,CARS TRUCKS
RAD,OSR,N2T,DRY,DAY,MULTI,HEAVY,FINE,1,ROA
RAD,FRNT,SSW,DRY,DAY,SINGLE,MODERATE,FINE,4,OTH
RAD,REAR,SSW,DRY,STREET,MULTI,MODERATE,FINE,4,OTH
RAD,NSR,SSW,DRY,NIGHT,MULTI,MODERATE,FINE,4,BUS - OTHER
XRD,OSM,SSW,DRY,DAY,MULTI,MODERATE,FINE,1,CARS TRUCKS
RAD,TOPR,SSW,DRY,DAY,SINGLE,LIGHT,FINE,4,EMP
RAD,REAR,N2T,WET,DAY,MULTI,MODERATE,RAIN,1,ROA
RAD,NSM,SSW,DRY,DAY,SINGLE,LIGHT,FINE,4,ROA
XRD,FRNT,N2T,DRY,DAY,MULTI,MODERATE,FINE,4,EMP
BSP,MIR,SSW,DRY,DUSK,MULTI,MODERATE,FINE,4,EMP
RAD,OSF,SSW,DRY,DAY,MULTI,LIGHT,FINE,4,CARS TRUCKS
XRD,FRNT,N2T,DRY,DAY,MULTI,HEAVY,FINE,4,CARS TRUCKS
RBT,NSF,N2T,DRY,DAY,MULTI,LIGHT,FINE,4,EMP
RAD,REAR,SSW,DRY,DAY,SINGLE,HEAVY,FINE,1,CARS TRUCKS
RAD,FRNT,N2T,DRY,DAY,MULTI,LIGHT,FINE,1,CARS TRUCKS
BSP,NSF,SSW,DRY,DAY,MULTI,MODERATE,FINE,4,EMP
RAD,OSR,SSW,DRY,DAY,SINGLE,MODERATE,FINE,4,CARS TRUCKS
RAD,OSM,SSW,DRY,DAY,MULTI,LIGHT,FINE,1,ROA
RAD,TOPM,SSW,WET,DAY,SINGLE,LIGHT,RAIN,1,EMP
XRD,NSR,N2T,DRY,DAY,MULTI,LIGHT,FINE,1,ROA
RBT,NSR,TAI,DRY,DAY,SINGLE,LIGHT,FINE,4,CARS TRUCKS
DEPOT,OSR,BTMO,DRY,DAY,SINGLE,LIGHT,FINE,4,BUS - OTHER
RAD,OSF,N2T,DRY,DAY,MULTI,LIGHT,FINE,1,CARS TRUCKS
BSP,NSR,SSW,DRY,DAY,SINGLE,NO,FINE,4,CARS TRUCKS
TIN,NSM,SSW,DRY,DAY,MULTI,HEAVY,FINE,4,CARS TRUCKS
RAD,OSR,SSW,DRY,DAY,SINGLE,LIGHT,FINE,0,CARS TRUCKS
BSP,OSR,SSW,DRY,DAY,MULTI,LIGHT,FINE,1,CARS TRUCKS
RAD,OSR,TBO,DRY,DAY,SINGLE,LIGHT,FINE,1,ROA
RAD,OSM,SSW,DRY,DAY,MULTI,MODERATE,FINE,4,BUS - OTHER
RAD,TOPM,SSW,DRY,DAY,SINGLE,LIGHT,FINE,4,EMP
RAD,FRNT,TBO,DRY,DAY,SINGLE,LIGHT,FINE,4,EMP
TIN,NSM,SSW,DRY,DAY,SINGLE,HEAVY,FINE,4,BUS - OTHER
RAD,MIR,SSW,WET,DAY,SINGLE,LIGHT,RAIN,4,EMP
RAD,MIR,SSW,DRY,DAY,SINGLE,LIGHT,FINE,4,ENV
RAD,NSM,SSW,DRY,DUSK,MULTI,LIGHT,FINE,4,CARS TRUCKS
BSP,NSM,SSW,DRY,DUSK,MULTI,HEAVY,FINE,4,EMP
RAD,MIR,SSW,SLIP,DAWN,SINGLE,LIGHT,FINE,4,ENV
RAD,REAR,SSW,DRY,DAY,MULTI,LIGHT,FINE,4,EMP
BSP,WIN,SSW,DRY,NIGHT,SINGLE,LIGHT,FINE,5,GEN
RAD,OSF,SSW,DRY,DAY,SINGLE,LIGHT,FINE,5,CARS TRUCKS
RAD,REAR,REVERSING,DRY,DAY,SINGLE,NO,FINE,4,CARS TRUCKS
RAD,WSRE,SSW,DRY,DAY,MULTI,LIGHT,SUN,0,OTH
RBT,NSF,SSW,DRY,DAY,MULTI,LIGHT,FINE,4,EMP
RBT,OSR,SSW,WET,DAY,MULTI,HEAVY,RAIN,1,CARS TRUCKS
RAD,MIR,SSW,WET,DUSK,SINGLE,MODERATE,RAIN,4,CARS TRUCKS
RAD,REAR,BTMO,DRY,DAY,SINGLE,LIGHT,FINE,1,CARS TRUCKS
RAD,NSR,TAI,DRY,DAY,SINGLE,HEAVY,SUN,4,EMP
XRD,NSF,SSW,DRY,DAY,MULTI,MODERATE,FINE,5,CARS TRUCKS
RAD,NSR,TBO,DRY,DAY,SINGLE,LIGHT,FINE,1,CARS TRUCKS
RAD,NSR,SSW,DRY,DAY,SINGLE,HEAVY,SUN,4,CARS TRUCKS
RAD,FRNT,TBO,DRY,DAY,SINGLE,LIGHT,FINE,1,CARS TRUCKS
BSP,REAR,REVERSING,DRY,DAY,SINGLE,NO,FINE,4,EMP
XRD,NSM,SSW,DRY,DAY,SINGLE,HEAVY,FINE,4,ROA
RAD,NSM,SSW,DRY,STREET,MULTI,HEAVY,FINE,5,EMP
RAD,NSF,SSW,DRY,DAY,MULTI,LIGHT,FINE,1,EMP
RAD,NSR,TAI,DRY,DAY,MULTI,HEAVY,FINE,4,EMP
RAD,FRNT,BTMO,WET,DAY,SINGLE,HEAVY,RAIN,0,EMP
RAD,NSF,TBO,DRY,DAY,SINGLE,LIGHT,FINE,1,CARS TRUCKS
RAD,NSM,N2T,DRY,DAY,MULTI,LIGHT,FINE,4,BUS - OTHER
RAD,OSM,SSW,DRY,DAY,MULTI,MODERATE,SUN,4,CARS TRUCKS
XRD,OSR,TAI,DRY,DAY,MULTI,LIGHT,FINE,4,EMP
XRD,OSR,SSW,DRY,NIGHT,MULTI,MODERATE,FINE,4,BUS - OTHER
RAD,FRNT,TBO,WET,DAWN,MULTI,NO,RAIN,1,CARS TRUCKS
BSP,FRNT,SSW,DRY,DAY,SINGLE,NO,FINE,4,EMP
XRD,NSF,SSW,DRY,DAY,MULTI,LIGHT,FINE,1,CARS TRUCKS
RAD,FRNT,N2T,DRY,DAY,MULTI,LIGHT,FINE,4,EMP
RAD,NSM,SSW,WET,NIGHT,MULTI,LIGHT,FINE,4,BUS - OTHER
BSP,MIR,HON,DRY,DAY,MULTI,HEAVY,FINE,4,EMP
BSP,FRNT,HON,DRY,DAY,BUS,NO,FINE,4,BUS - OTHER
RAD,OSF,BTMO,DRY,DAY,BUS,LIGHT,FINE,4,EMP
BSP,MIR,HON,DRY,DAY,MULTI,MODERATE,FINE,4,MAT
BSP,NSR,SSW,DRY,DAY,SINGLE,LIGHT,FINE,4,BUS - OTHER
XRD,OSM,TBO,DRY,DAY,SINGLE,LIGHT,FINE,1,CARS TRUCKS
RAD,NSF,SSW,DRY,DAY,MULTI,HEAVY,FINE,0,POW
RAD,NSR,TAI,DRY,DAY,SINGLE,HEAVY,FINE,4,EMP
BSP,OSR,BTMO,DRY,DAY,MULTI,LIGHT,FINE,1,EMP
RBT,NSM,SSW,DRY,DAWN,SINGLE,NO,FINE,4,EMP
RAD,FRNT,TBO,DRY,DAY,MULTI,MODERATE,FINE,1,CARS TRUCKS
RAD,NSM,SSW,DRY,DAY,SINGLE,NO,FINE,4,CARS TRUCKS
BSP,NSR,BTMO,DRY,DAWN,MULTI,HEAVY,FINE,4,CARS TRUCKS
RAD,OSR,REVERSING,DRY,DAY,BUS,NO,FINE,1,BUS - OTHER
RBT,OSF,SSW,WET,DUSK,MULTI,HEAVY,RAIN,5,CARS TRUCKS
XRD,OSM,SSW,DRY,DAY,MULTI,EXTREME,FINE,4,EMP
RAD,OSR,TBO,WET,DAY,MULTI,LIGHT,RAIN,1,CARS TRUCKS
RBT,NSR,SSW,SLIP,DAY,SINGLE,MODERATE,RAIN,4,EMP
RAD,NSF,SSW,DRY,NIGHT,SINGLE,LIGHT,FINE,4,CARS TRUCKS
BSP,MIR,SSW,DRY,DAY,MULTI,MODERATE,FINE,4,BUS - OTHER
XRD,OSR,SSW,DRY,DAY,MULTI,HEAVY,FINE,4,EMP
BSP,FRNT,HON,DRY,DAWN,SINGLE,LIGHT,FINE,4,EMP
RAD,FRNT,HON,DRY,DAY,SINGLE,EXTREME,FINE,4,BUS - OTHER
RAD,FRNT,HON,DRY,DAY,SINGLE,LIGHT,FINE,0,ENV
XRD,NSR,TAI,DRY,DAY,MULTI,MODERATE,FINE,4,BUS - OTHER
RAD,FRNT,HON,DRY,DAY,MULTI,MODERATE,FINE,4,CARS TRUCKS
BSP,FRNT,HON,DRY,DAY,BUS,LIGHT,FINE,4,CARS TRUCKS
RAD,NSF,SSW,DRY,NIGHT,MULTI,LIGHT,FINE,1,CARS TRUCKS
BSP,NSF,SSW,DRY,DAY,BUS,NO,FINE,4,EMP
BSP,NSR,SSW,DRY,DAY,MULTI,MODERATE,FINE,1,ROA
BSP,REAR,SSW,DRY,DAY,SINGLE,LIGHT,FINE,1,BUS - OTHER
RAD,REAR,N2T,WET,DAY,MULTI,MODERATE,RAIN,1,CARS TRUCKS
RBT,OSF,SSW,DRY,DAY,SINGLE,LIGHT,FINE,4,BUS - OTHER
RAD,NSF,SSW,DRY,DAY,SINGLE,LIGHT,FINE,4,BUS - OTHER
XRD,NSM,SSW,DRY,NIGHT,SINGLE,NO,FINE,4,CARS TRUCKS
RAD,REAR,N2T,WET,DAY,BUS,LIGHT,RAIN,1,ROA
BSP,OSR,REVERSING,WET,DAY,SINGLE,LIGHT,RAIN,4,CARS TRUCKS
RBT,NSF,SSW,DRY,DAY,MULTI,MODERATE,FINE,4,CARS TRUCKS
RAD,OSM,SSW,DRY,DAY,SINGLE,MODERATE,FINE,1,ROA
TIN,WSRE,SSW,DRY,DAY,SINGLE,LIGHT,FINE,4,EMP
XRD,NSM,SSW,WET,DAY,SINGLE,MODERATE,RAIN,4,BUS - OTHER
RAD,NSR,N2T,WET,DAY,MULTI,HEAVY,FINE,5,CARS TRUCKS
RAD,OSM,SSW,DRY,DAY,SINGLE,LIGHT,FINE,1,GEN
RAD,NSR,SSW,WET,DAY,MULTI,LIGHT,FINE,4,EMP
BSP,OSR,N2T,DRY,NIGHT,MULTI,MODERATE,FINE,1,CARS TRUCKS
RAD,MIR,SSW,DRY,DAY,SINGLE,LIGHT,FINE,1,GEN
BSP,OSR,N2T,DRY,DUSK,MULTI,MODERATE,FINE,1,CARS TRUCKS
BSP,NSM,HON,DRY,DAY,SINGLE,MODERATE,FINE,0,OTH
RAD,NSF,HON,DRY,DAY,SINGLE,LIGHT,FINE,0,OTH
RAD,NSR,N2T,DRY,DAY,SINGLE,LIGHT,FINE,4,EMP
RAD,OSF,SSW,DRY,DAY,MULTI,HEAVY,FINE,1,ROA
XRD,NSR,TAI,DRY,DAY,MULTI,LIGHT,FINE,4,EMP
BSP,FRNT,N2T,DRY,DAY,SINGLE,LIGHT,FINE,4,EMP
BSP,REAR,N2T,DRY,DAY,SINGLE,NO,FINE,1,EMP
RAD,REAR,N2T,DRY,DAY,SINGLE,MODERATE,FINE,1,CARS TRUCKS
XRD,NSM,SSW,DRY,DUSK,SINGLE,HEAVY,FINE,4,EMP
RAD,OSR,N2T,DRY,DAY,MULTI,LIGHT,FINE,1,ROA
RAD,NSR,HON,DRY,DAY,MULTI,LIGHT,FINE,4,BUS BRAKING
BSP,NSR,TAI,DRY,DAWN,BUS,LIGHT,FINE,4,EMP
RAD,OSR,SSW,DRY,DAY,MULTI,LIGHT,FINE,0,EMP
XRD,NSR,TAI,DRY,DAY,SINGLE,LIGHT,FINE,4,EMP
BSP,MIR,SSW,DRY,DAY,SINGLE,MODERATE,FINE,1,ROA
RAD,WIN,SSW,DRY,DAY,MULTI,LIGHT,FINE,1,OTH
RAD,FRNT,HON,DRY,DAY,MULTI,LIGHT,FINE,0,GEN
RAD,NSF,SSW,DRY,DAY,SINGLE,HEAVY,FINE,4,CARS TRUCKS
BSP,REAR,SSW,DRY,DAY,MULTI,MODERATE,FINE,1,CARS TRUCKS
TIN,OSR,SSW,DRY,DUSK,MULTI,MODERATE,FINE,4,CARS TRUCKS
BSP,REAR,N2T,DRY,DAY,SINGLE,HEAVY,FINE,1,CARS TRUCKS
BSP,NSM,SSW,DRY,DAY,MULTI,LIGHT,FINE,4,EMP
BSP,OSR,SSW,DRY,DAY,SINGLE,HEAVY,FINE,4,EMP
RAD,REAR,TAI,DRY,DAY,SINGLE,HEAVY,FINE,4,EMP
RAD,MIR,SSW,WET,DAY,SINGLE,HEAVY,RAIN,4,EMP
RBT,FRNT,TBO,DRY,DAY,SINGLE,LIGHT,FINE,4,CARS TRUCKS
BSP,NSR,N2T,DRY,DAY,MULTI,LIGHT,FINE,1,ROA
RAD,NSR,HON,DRY,DAY,BUS,MODERATE,FINE,1,CARS TRUCKS
TIN,FRNT,N2T,DRY,DAY,SINGLE,MODERATE,FINE,4,CARS TRUCKS
RAD,OSR,SSW,DRY,DAY,SINGLE,HEAVY,FINE,4,CARS TRUCKS
XRD,NSM,SSW,WET,NIGHT,SINGLE,HEAVY,RAIN,4,CARS TRUCKS
RAD,FRNT,HON,DRY,DAY,SINGLE,MODERATE,FINE,4,CARS TRUCKS
BSP,NSR,SSW,DRY,DAY,SINGLE,NO,FINE,0,CARS TRUCKS
RAD,NSR,SSW,DRY,NIGHT,SINGLE,MODERATE,FINE,0,OTH
BSP,NSR,TAI,DRY,DAY,BUS,HEAVY,FINE,4,EMP
RAD,MIR,SSW,DRY,DAY,MULTI,LIGHT,FINE,5,ROA
RAD,OSF,SSW,DRY,DUSK,MULTI,HEAVY,FINE,5,ROA
RAD,FRNT,N2T,WET,DUSK,SINGLE,MODERATE,FINE,4,CARS TRUCKS
XRD,NSF,SSW,DRY,DAY,SINGLE,NO,FINE,4,CARS TRUCKS
RAD,MIR,TAI,DRY,DAY,SINGLE,NO,FINE,4,CARS TRUCKS
RBT,FRNT,HON,DRY,NIGHT,SINGLE,LIGHT,FINE,4,CARS TRUCKS
RAD,OSF,TBO,DRY,DAY,MULTI,HEAVY,FINE,1,ROA
RAD,NSR,SSW,DRY,DAY,MULTI,MODERATE,FINE,1,ROA
RAD,NSM,SSW,DRY,DUSK,SINGLE,NO,FINE,4,CARS TRUCKS
BSP,TOPF,REVERSING,DRY,DAY,BUS,LIGHT,FINE,4,EMP
RAD,NSF,SSW,DRY,DAY,SINGLE,NO,FINE,4,ROA
BSP,REAR,REVERSING,DRY,DUSK,MULTI,LIGHT,FINE,4,BUS - OTHER
RAD,NSR,TAI,WET,DAY,SINGLE,MODERATE,RAIN,4,CARS TRUCKS
BSP,OSR,SSW,DRY,DAY,MULTI,HEAVY,FINE,4,CARS TRUCKS
BSP,MIR,SSW,DRY,NIGHT,MULTI,LIGHT,FINE,4,EMP
RBT,OSR,TAI,DRY,DAY,MULTI,LIGHT,FINE,4,EMP
BSP,FRNT,HON,DRY,NIGHT,BUS,NO,FINE,0,BUS - OTHER
RBT,NSF,HON,DRY,DAY,SINGLE,LIGHT,FINE,4,EMP
XRD,NSR,SSW,WET,DAY,SINGLE,LIGHT,RAIN,1,CARS TRUCKS
XRD,FRNT,TBO,DRY,DAY,MULTI,MODERATE,FINE,1,GEN
BSP,NSR,BTMO,DRY,DAY,SINGLE,NO,FINE,4,EMP
RAD,NSF,SSW,DRY,NIGHT,SINGLE,HEAVY,FINE,1,ROA
TIN,OSM,SSW,WET,DUSK,SINGLE,HEAVY,RAIN,4,CARS TRUCKS
RBT,REAR,N2T,DRY,DAY,SINGLE,LIGHT,FINE,1,EMP
RAD,REAR,SSW,DRY,DAY,SINGLE,MODERATE,FINE,1,CARS TRUCKS
TIN,NSM,SSW,WET,DAY,SINGLE,LIGHT,RAIN,4,CARS TRUCKS
XRD,FRNT,HON,WET,NIGHT,MULTI,LIGHT,RAIN,4,GEN
XRD,NSM,TBO,DRY,DAY,MULTI,LIGHT,FINE,1,EMP
BSP,MIR,SSW,WET,DAY,SINGLE,LIGHT,FINE,4,EMP
BSP,NSM,TAI,DRY,DAY,SINGLE,HEAVY,FINE,4,EMP
RAD,MIR,SSW,DRY,NIGHT,SINGLE,LIGHT,FINE,4,CARS TRUCKS
RAD,REAR,REVERSING,DRY,DAY,SINGLE,NO,RAIN,4,EMP
RBT,NSM,BTMO,WET,DAY,SINGLE,LIGHT,RAIN,4,EMP
RAD,FRNT,N2T,DRY,DAY,MULTI,HEAVY,FINE,1,ROA
BSP,REAR,TAI,DRY,NIGHT,SINGLE,LIGHT,FINE,4,CARS TRUCKS
RAD,NSR,N2T,DRY,DAY,SINGLE,LIGHT,FINE,5,ROA
RAD,FRNT,HON,SLIP,DAY,SINGLE,NO,FINE,4,CARS TRUCKS
BSP,OSF,SSW,DRY,DAY,MULTI,LIGHT,FINE,4,BUS - OTHER
RAD,NSR,SSW,WET,NIGHT,MULTI,HEAVY,RAIN,4,CARS TRUCKS
TIN,NSR,REVERSING,DRY,DAY,MULTI,MODERATE,FINE,1,ROA
RAD,TOPF,HON,DRY,DAY,SINGLE,NO,FINE,4,CARS TRUCKS
XRD,OSM,SSW,DRY,DUSK,SINGLE,EXTREME,FINE,4,CARS TRUCKS
RAD,OSM,SSW,DRY,NIGHT,MULTI,MODERATE,FINE,1,CARS TRUCKS
RAD,NSF,SSW,DRY,DAY,SINGLE,NO,FINE,0,BUS - OTHER
BSP,OSR,SSW,DRY,DAY,MULTI,HEAVY,FINE,1,CARS TRUCKS
RAD,OSF,SSW,DRY,DAWN,SINGLE,LIGHT,FINE,1,CARS TRUCKS
RAD,REAR,N2T,DRY,DAY,SINGLE,LIGHT,FINE,1,ROA
BSP,MIR,SSW,DRY,DAY,MULTI,NO,FINE,4,EMP
BSP,OSM,SSW,DRY,DAY,BUS,LIGHT,FINE,4,EMP
XRD,TOPR,HON,WET,DAWN,SINGLE,HEAVY,RAIN,4,EMP
RBT,NSF,TBO,DRY,DAY,MULTI,HEAVY,RAIN,1,CARS TRUCKS
RAD,OSR,TBO,DRY,DAY,SINGLE,LIGHT,FINE,1,CARS TRUCKS
RAD,NSR,ROO,DRY,DAY,MULTI,HEAVY,FINE,4,EMP
RAD,NSR,SSW,WET,DAY,MULTI,LIGHT,RAIN,4,ROA
RAD,NSF,SSW,DRY,NIGHT,MULTI,HEAVY,FINE,1,CARS TRUCKS
BSP,NSR,SSW,DRY,DAY,MULTI,HEAVY,FINE,4,CARS TRUCKS
RAD,OSF,SSW,SLIP,DAWN,MULTI,LIGHT,RAIN,4,EMP
RAD,OSM,SSW,DRY,DAY,SINGLE,MODERATE,FINE,1,GEN
BSP,MIR,SSW,DRY,DAY,BUS,LIGHT,FINE,4,EMP
XRD,NSR,SSW,DRY,DAY,BUS,NO,FINE,1,EMP
RAD,OSF,SSW,DRY,DAY,SINGLE,LIGHT,FINE,5,EMP
RAD,NSF,SSW,DRY,DUSK,MULTI,HEAVY,FINE,5,CARS TRUCKS
BSP,NSR,REVERSING,DRY,DAY,BUS,NO,FINE,4,BUS - OTHER
RAD,MIR,SSW,WET,DAY,SINGLE,HEAVY,RAIN,4,CARS TRUCKS
RAD,WSRE,BTMO,DRY,NIGHT,FREE,LIGHT,FINE,0,OTH
RAD,NSM,TBO,DRY,DAY,MULTI,HEAVY,FINE,1,CARS TRUCKS
BSP,MIR,N2T,DRY,DAY,MULTI,LIGHT,FINE,1,CARS TRUCKS
BSP,OSR,SSW,DRY,DAY,MULTI,MODERATE,FINE,1,CARS TRUCKS
BSP,NSF,SSW,DRY,NIGHT,SINGLE,LIGHT,FINE,4,EMP
TIN,OSF,SSW,DRY,DAY,MULTI,HEAVY,FINE,1,ROA