location_code,damage_code,collision_code,road_code,light_code,road_type_code,traffic_code,weather_code,emp_liability_code,kpi_cause_code
BSP,REAR,REVERSING,DRY,DAY,SINGLE,NO,FINE,2,EMP
BSP,TOPF,ROO,DRY,DAY,SINGLE,LIGHT,FINE,4,EMP
RAD,FRNT,HON,DRY,NIGHT,MULTI,LIGHT,FINE,0,OTH
TIN,REAR,SSW,DRY,DAY,MULTI,NO,FINE,1,CARS TRUCKS
RAD,WSRE,HON,DRY,DAY,MULTI,LIGHT,FINE,0,OTH
RAD,FRNT,BTMO,DRY,DAY,SINGLE,LIGHT,FINE,0,OTH
RAD,OSM,SSW,DRY,DAY,MULTI,NO,FINE,4,EMP
XRD,MIR,SSW,DRY,DAY,MULTI,LIGHT,FINE,5,CARS TRUCKS
RAD,NSR,SSW,DRY,DAY,BUS,MODERATE,FINE,4,EMP
BSP,MIR,SSW,DRY,DAY,SINGLE,LIGHT,FINE,1,ROA
TIN,MIR,SSW,DRY,DAY,MULTI,HEAVY,FINE,1,CARS TRUCKS
TIN,OSM,TBO,WET,DAY,SINGLE,NO,RAIN,5,ROA
XRD,OSR,SSW,DRY,DAY,SINGLE,MODERATE,FINE,1,CARS TRUCKS
BSP,OSR,REVERSING,DRY,DAY,SINGLE,LIGHT,FINE,1,CARS TRUCKS
BSP,REAR,N2T,WET,DAY,MULTI,HEAVY,RAIN,5,CARS TRUCKS
BSP,REAR,N2T,DRY,DAY,SINGLE,LIGHT,FINE,5,CARS TRUCKS
RAD,FRNT,SSW,DRY,DAY,SINGLE,LIGHT,FINE,0,OTH
RAD,NSF,SSW,WET,DAY,MULTI,NO,RAIN,0,BUS - OTHER
RAD,NSR,SSW,DRY,DAY,SINGLE,LIGHT,FINE,0,BUS - OTHER
RAD,FRNT,SSW,DRY,DAY,SINGLE,MODERATE,FINE,1,BUS - OTHER
RAD,OSR,SSW,DRY,DAY,SINGLE,LIGHT,FINE,4,BUS - OTHER
RBT,NSF,BTMO,DRY,DUSK,SINGLE,NO,FINE,4,EMP
RAD,NSR,SSW,DRY,DAWN,MULTI,MODERATE,FINE,1,CARS TRUCKS
RAD,OSR,SSW,DRY,DAY,SINGLE,MODERATE,FINE,1,EMP
BSP,OSR,REVERSING,DRY,DAY,BUS,NO,FINE,4,EMP
XRD,NSR,SSW,DRY,DAY,MULTI,LIGHT,FINE,4,EMP
TIN,OSF,SSW,DRY,STREET,SINGLE,LIGHT,FINE,0,EMP
BSP,OSR,N2T,DRY,DAY,MULTI,HEAVY,FINE,5,CARS TRUCKS
RAD,OSM,TBO,DRY,DAY,MULTI,LIGHT,FINE,4,EMP
RAD,OSM,SSW,DRY,DAY,BUS,LIGHT,FINE,1,ROA
BSP,OSR,TAI,DRY,DAY,SINGLE,NO,FINE,4,CARS TRUCKS
RAD,NSR,TAI,DRY,DAY,MULTI,EXTREME,FINE,1,CARS TRUCKS
RAD,OSR,SSW,DRY,DAY,MULTI,LIGHT,FINE,4,EMP
RAD,OSM,SSW,DRY,DAY,SINGLE,MODERATE,FINE,1,CARS TRUCKS
TIN,NSF,SSW,DRY,DAY,SINGLE,LIGHT,FINE,4,EMP
RAD,OSF,SSW,DRY,NIGHT,SINGLE,NO,FINE,4,EMP
RAD,OSR,SSW,DRY,DAY,SINGLE,LIGHT,FINE,5,CARS TRUCKS
BSP,MIR,SSW,DRY,DAY,SINGLE,HEAVY,FINE,5,CARS TRUCKS
RAD,NSF,SSW,DRY,DAY,BUS,HEAVY,FINE,4,EMP
RAD,NSR,N2T,DRY,DAY,SINGLE,NO,FINE,4,EMP
XRD,NSM,SSW,DRY,DAY,MULTI,HEAVY,FINE,4,EMP
BSP,FRNT,ROO,DRY,DAY,MULTI,LIGHT,FINE,4,EMP
BSP,OSF,SSW,WET,DAY,BUS,MODERATE,RAIN,4,EMP
RAD,NSR,SSW,DRY,DAY,SINGLE,LIGHT,FINE,6,EMP
RAD,MIR,SSW,DRY,DAY,MULTI,MODERATE,FINE,5,CARS TRUCKS
RAD,NSM,SSW,WET,DAY,MULTI,HEAVY,RAIN,4,EMP
DEPOT,OSM,SSW,DRY,DAY,SINGLE,HEAVY,FINE,1,CARS TRUCKS
BSP,REAR,N2T,DRY,DAWN,BUS,MODERATE,FINE,1,CARS TRUCKS
BSP,REAR,SSW,DRY,DAY,SINGLE,HEAVY,FINE,4,EMP
BSP,REAR,SSW,DRY,DAY,BUS,NO,FINE,4,EMP
RBT,OSR,SSW,WET,DAY,SINGLE,HEAVY,RAIN,4,EMP
TIN,OSF,SSW,DRY,DAY,SINGLE,LIGHT,FINE,1,CARS TRUCKS
RAD,FRNT,SSW,DRY,DAY,MULTI,MODERATE,FINE,4,BUS - OTHER
BSP,OSR,N2T,DRY,NIGHT,SINGLE,NO,FINE,1,CARS TRUCKS
BSP,MIR,SSW,DRY,DAY,MULTI,MODERATE,FINE,4,CARS TRUCKS
RAD,WIN,SSW,DRY,DAY,SINGLE,LIGHT,FINE,0,OTH
BSP,OSR,TAI,DRY,DAY,BUS,LIGHT,SUN,4,EMP
RAD,NSR,TBO,DRY,DAY,MULTI,HEAVY,FINE,5,ROA
BSP,NSR,REVERSING,DRY,DAY,SINGLE,LIGHT,FINE,4,CARS TRUCKS
BSP,OSR,TAI,DRY,DAWN,SINGLE,NO,FINE,4,EMP
RAD,NSR,SSW,WET,DAY,SINGLE,MODERATE,FINE,4,EMP
RAD,NSR,TBO,DRY,DAY,MULTI,MODERATE,FINE,1,CARS TRUCKS
RAD,REAR,N2T,DRY,DAY,MULTI,MODERATE,FINE,1,CARS TRUCKS
RAD,OSF,HON,DRY,DAY,SINGLE,LIGHT,FINE,1,CARS TRUCKS
RBT,OSR,TAI,DRY,DAY,SINGLE,LIGHT,FINE,4,EMP
RAD,FRNT,N2T,WET,DAY,SINGLE,LIGHT,RAIN,4,EMP
RAD,FRNT,N2T,WET,DAY,SINGLE,HEAVY,RAIN,4,CARS TRUCKS
RAD,NSF,SSW,DRY,NIGHT,SINGLE,NO,FINE,4,BUS - OTHER
RAD,NSF,SSW,WET,NIGHT,SINGLE,NO,RAIN,4,EMP
RAD,NSR,N2T,DRY,DAY,SINGLE,MODERATE,FINE,4,BUS - OTHER
XRD,NSR,SSW,DRY,DAY,MULTI,HEAVY,FINE,4,EMP
RAD,OSM,SSW,DRY,DAY,MULTI,LIGHT,FINE,4,CARS TRUCKS
RAD,NSR,TAI,DRY,DAY,MULTI,LIGHT,FINE,4,CARS TRUCKS
TIN,OSM,SSW,DRY,DAY,MULTI,LIGHT,FINE,1,CARS TRUCKS
RAD,NSM,SSW,DRY,DAY,SINGLE,MODERATE,FINE,1,CARS TRUCKS
RBT,FRNT,BTMO,DRY,DAY,MULTI,NO,FINE,4,BUS - OTHER
RBT,OSR,TAI,WET,DUSK,SINGLE,MODERATE,RAIN,4,EMP
RAD,MIR,SSW,DRY,DAY,MULTI,MODERATE,FINE,4,EMP
BSP,NSR,SSW,DRY,DAY,BUS,LIGHT,SUN,4,EMP
BSP,NSR,SSW,DRY,DAY,MULTI,NO,FINE,4,EMP
RAD,OSR,SSW,DRY,DAY,SINGLE,LIGHT,SUN,4,EMP
RAD,WIN,SSW,WET,DAY,SINGLE,NO,RAIN,0,OTH
RAD,TOPF,HON,DRY,DAY,SINGLE,NO,FINE,0,ENV
BSP,NSR,N2T,DRY,DAWN,BUS,LIGHT,FINE,1,CARS TRUCKS
BSP,MIR,SSW,DRY,DAY,BUS,HEAVY,FINE,1,CARS TRUCKS
RBT,WSRE,BTMO,WET,DAY,SINGLE,LIGHT,RAIN,0,EMP
TIN,NSF,TBO,DRY,DAY,MULTI,LIGHT,FINE,1,CARS TRUCKS
RAD,NSR,SSW,DRY,DAY,MULTI,MODERATE,FINE,1,CARS TRUCKS
BSP,NSM,SSW,DRY,DAY,BUS,LIGHT,FINE,0,GEN
RBT,OSR,N2T,WET,DAWN,MULTI,HEAVY,FINE,1,CARS TRUCKS
BSP,NSM,SSW,DRY,NIGHT,SINGLE,LIGHT,RAIN,4,EMP
XRD,OSF,TBO,WET,DAY,SINGLE,NO,RAIN,1,CARS TRUCKS
RAD,MIR,SSW,DRY,DAY,MULTI,LIGHT,FINE,2,CARS TRUCKS
RAD,NSM,SSW,WET,DAY,SINGLE,LIGHT,FINE,4,EMP
TIN,NSM,TBO,DRY,NIGHT,MULTI,MODERATE,FINE,1,CARS TRUCKS
RAD,FRNT,SSW,DRY,DAY,SINGLE,NO,FINE,1,CARS TRUCKS
BSP,REAR,SSW,DRY,DAY,SINGLE,NO,FINE,4,CARS TRUCKS
BSP,NSR,TBO,DRY,DUSK,MULTI,LIGHT,FINE,1,CARS TRUCKS
RAD,REAR,SSW,DRY,DAY,MULTI,HEAVY,FINE,1,CARS TRUCKS
RAD,FRNT,N2T,DRY,DAY,SINGLE,LIGHT,FINE,1,CARS TRUCKS
RAD,WSRE,HON,DRY,DAY,MULTI,LIGHT,FINE,0,ENV
XRD,NSR,N2T,DRY,DAY,MULTI,MODERATE,FINE,1,CARS TRUCKS
XRD,OSM,SSW,DRY,DAY,SINGLE,HEAVY,FINE,4,BUS - OTHER
BSP,OSR,SSW,WET,DAY,MULTI,HEAVY,RAIN,5,CARS TRUCKS
TIN,NSM,SSW,DRY,NIGHT,MULTI,LIGHT,FINE,4,CARS TRUCKS
RAD,MIR,SSW,DRY,DAY,SINGLE,NO,FINE,6,OTH
BSP,OSR,SSW,DRY,DUSK,BUS,LIGHT,FINE,4,EMP
TIN,NSM,TBO,WET,DAY,MULTI,LIGHT,RAIN,1,CARS TRUCKS
RAD,OSR,TAI,DRY,DAY,SINGLE,NO,FINE,4,EMP
BSP,WIN,SSW,DRY,NIGHT,SINGLE,LIGHT,FINE,4,EMP
RAD,NSR,SSW,DRY,DAY,SINGLE,MODERATE,FINE,1,CARS TRUCKS
TIN,OSR,BTMO,DRY,DAY,SINGLE,LIGHT,FINE,4,EMP
RAD,NSR,SSW,DRY,DAY,MULTI,HEAVY,FINE,0,OTH
TIN,OSF,TBO,DRY,DAY,MULTI,HEAVY,FINE,4,CARS TRUCKS
RAD,NSR,SSW,DRY,DAY,SINGLE,NO,FINE,4,BUS - OTHER
RAD,FRNT,N2T,DRY,DAY,SINGLE,LIGHT,FINE,1,ROA
RAD,OSR,BTMO,DRY,DAY,SINGLE,LIGHT,FINE,4,EMP
BSP,NSR,SSW,DRY,DAY,MULTI,NO,FINE,1,BUS - OTHER
TIN,MIR,SSW,DRY,DAY,MULTI,LIGHT,FINE,1,CARS TRUCKS
RAD,FRNT,HON,DRY,NIGHT,MULTI,LIGHT,FINE,4,EMP
BSP,WSRE,N2T,DRY,DAY,BUS,NO,FINE,4,EMP
RAD,FRNT,HON,DRY,DAY,MULTI,HEAVY,SUN,4,EMP
BSP,REAR,SSW,DRY,DAY,BUS,NO,FINE,1,CARS TRUCKS
RAD,NSF,SSW,DRY,DAY,MULTI,LIGHT,FINE,5,CARS TRUCKS
BSP,NSM,SSW,DRY,DAY,SINGLE,LIGHT,FINE,4,CARS TRUCKS
RAD,OSM,SSW,WET,DAY,MULTI,HEAVY,FINE,1,CARS TRUCKS
RAD,NSR,TBO,DRY,DAY,SINGLE,MODERATE,FINE,1,CARS TRUCKS
BSP,NSR,TAI,DRY,DAY,SINGLE,LIGHT,FINE,3,BUS - OTHER
RAD,OSR,SSW,DRY,DAY,BUS,NO,FINE,4,EMP
BSP,REAR,N2T,WET,DAY,MULTI,HEAVY,RAIN,1,CARS TRUCKS
BSP,NSR,SSW,DRY,DAY,MULTI,MODERATE,FINE,5,CARS TRUCKS
RAD,NSF,TBO,DRY,DAY,SINGLE,LIGHT,FINE,4,CARS TRUCKS
BSP,REAR,SSW,DRY,DUSK,MULTI,HEAVY,FINE,1,CARS TRUCKS
RBT,FRNT,REVERSING,DRY,DAY,SINGLE,LIGHT,FINE,5,CARS TRUCKS
RAD,MIR,SSW,WET,NIGHT,MULTI,HEAVY,RAIN,5,CARS TRUCKS
BSP,NSF,SSW,DRY,DAY,BUS,MODERATE,FINE,4,EMP
BSP,NSF,SSW,DRY,DAY,SINGLE,LIGHT,FINE,1,GEN
RAD,REAR,REVERSING,DRY,DAWN,SINGLE,NO,FINE,4,EMP
BSP,OSR,SSW,WET,DAY,SINGLE,MODERATE,FINE,4,CARS TRUCKS
BSP,NSR,N2T,DRY,DAY,MULTI,LIGHT,FINE,4,EMP
RAD,NSF,SSW,WET,DAY,MULTI,LIGHT,FINE,1,GEN
RAD,NSF,BTMO,DRY,DAY,MULTI,LIGHT,FINE,4,EMP
RBT,OSR,SSW,DRY,DAY,SINGLE,NO,FINE,4,EMP
RAD,FRNT,SSW,DRY,DAY,MULTI,HEAVY,FINE,1,CARS TRUCKS
RAD,OSM,SSW,DRY,DAY,SINGLE,NO,FINE,4,CARS TRUCKS
RAD,NSR,SSW,DRY,DAY,MULTI,LIGHT,FINE,1,GEN
RAD,NSR,SSW,DRY,DAY,MULTI,HEAVY,FINE,0,CARS TRUCKS
RAD,NSR,SSW,WET,DAY,MULTI,MODERATE,RAIN,4,CARS TRUCKS
BSP,NSR,TAI,DRY,DAY,MULTI,MODERATE,FINE,4,EMP
BSP,MIR,SSW,DRY,DAY,MULTI,HEAVY,FINE,1,CARS TRUCKS
RAD,NSF,TBO,DRY,DAY,MULTI,MODERATE,FINE,1,CARS TRUCKS
BSP,OSR,TAI,WET,DAY,SINGLE,HEAVY,RAIN,4,BUS - OTHER
RAD,REAR,SSW,WET,DAY,MULTI,MODERATE,RAIN,1,CARS TRUCKS
RAD,OSM,HON,DRY,DAY,MULTI,MODERATE,FINE,4,CARS TRUCKS
XRD,OSM,TBO,WET,DAY,SINGLE,MODERATE,FINE,1,CARS TRUCKS
DEPOT,FRNT,HON,DRY,DAY,SINGLE,LIGHT,FINE,1,CARS TRUCKS
TIN,TOPR,SSW,DRY,DAY,SINGLE,LIGHT,FINE,4,EMP
RAD,WIN,SSW,WET,DAY,SINGLE,LIGHT,RAIN,4,EMP
RAD,NSR,REVERSING,DRY,DUSK,SINGLE,LIGHT,FINE,4,EMP
XRD,OSF,N2T,WET,DAY,MULTI,MODERATE,FINE,1,CARS TRUCKS
RAD,NSR,REVERSING,DRY,DAY,MULTI,HEAVY,FINE,1,CARS TRUCKS
RAD,WIN,SSW,DRY,DAY,MULTI,MODERATE,FINE,5,CARS TRUCKS
XRD,NSR,SSW,DRY,DAY,MULTI,LIGHT,FINE,4,BUS - OTHER
RAD,TOPR,SSW,DRY,DAY,MULTI,LIGHT,FINE,1,ROA
RAD,OSR,N2T,DRY,DAY,SINGLE,LIGHT,FINE,1,CARS TRUCKS
RAD,NSM,SSW,DRY,DAY,MULTI,HEAVY,FINE,1,CARS TRUCKS
BSP,NSR,N2T,DRY,DAY,MULTI,MODERATE,FINE,1,OTH
BSP,MIR,HON,DRY,DUSK,SINGLE,MODERATE,FINE,4,BUS - OTHER
RAD,NSR,TAI,WET,DAY,MULTI,LIGHT,RAIN,4,EMP
RAD,NSF,N2T,DRY,DAY,SINGLE,MODERATE,FINE,4,EMP
TIN,OSM,SSW,DRY,DAY,MULTI,LIGHT,FINE,1,EMP
XRD,FRNT,N2T,DRY,DAY,SINGLE,HEAVY,FINE,5,CARS TRUCKS
RAD,OSF,SSW,WET,DAY,SINGLE,HEAVY,RAIN,4,CARS TRUCKS
RAD,NSM,SSW,DRY,DAY,SINGLE,LIGHT,FINE,1,GEN
XRD,REAR,SSW,WET,DAY,MULTI,HEAVY,RAIN,1,CARS TRUCKS
RAD,REAR,SSW,DRY,DAY,MULTI,LIGHT,FINE,1,CARS TRUCKS
RAD,OSF,SSW,DRY,NIGHT,MULTI,LIGHT,FINE,1,CARS TRUCKS
RAD,NSM,SSW,DRY,DAY,SINGLE,HEAVY,FINE,1,EMP
BSP,NSF,REVERSING,DRY,DAY,BUS,LIGHT,FINE,1,CARS TRUCKS
BSP,FRNT,HON,DRY,DAY,SINGLE,NO,FINE,4,EMP
BSP,OSR,SSW,DRY,DAY,BUS,HEAVY,FINE,1,CARS TRUCKS
BSP,NSR,TAI,DRY,DAY,SINGLE,HEAVY,FINE,4,EMP
BSP,NSR,SSW,WET,NIGHT,BUS,MODERATE,RAIN,4,CARS TRUCKS
BSP,NSR,TAI,DRY,DAY,MULTI,NO,FINE,4,EMP
XRD,OSR,TAI,DRY,DAY,BUS,LIGHT,FINE,4,CARS TRUCKS
RAD,NSM,SSW,SLIP,DUSK,SINGLE,NO,RAIN,4,EMP
BSP,FRNT,SSW,DRY,DAY,BUS,MODERATE,FINE,1,CARS TRUCKS
RAD,FRNT,HON,DRY,DAY,MULTI,MODERATE,FINE,5,CYC
TIN,NSR,TAI,WET,DAY,MULTI,HEAVY,RAIN,4,CARS TRUCKS
BSP,MIR,SSW,DRY,DAY,BUS,NO,FINE,4,CARS TRUCKS
TIN,MIR,HON,DRY,DAY,SINGLE,MODERATE,FINE,4,EMP
BSP,REAR,N2T,DRY,DAY,BUS,NO,FINE,1,BUS - OTHER
BSP,REAR,TAI,DRY,DAY,SINGLE,LIGHT,FINE,4,EMP
BSP,REAR,BTMO,WET,DAY,BUS,NO,RAIN,4,BUS - OTHER
BSP,NSM,REVERSING,DRY,NIGHT,MULTI,LIGHT,FINE,1,CARS TRUCKS
RAD,OSM,SSW,DRY,DAY,MULTI,LIGHT,FINE,4,GEN
BSP,MIR,SSW,DRY,DAY,MULTI,LIGHT,FINE,1,CARS TRUCKS
BSP,NSR,TAI,DRY,DAY,MULTI,LIGHT,FINE,4,CARS TRUCKS
RAD,NSF,TBO,DRY,DAY,MULTI,NO,FINE,1,CARS TRUCKS
XRD,OSM,SSW,DRY,DAY,MULTI,LIGHT,FINE,4,EMP
RAD,WIN,SSW,DRY,DAY,MULTI,NO,FINE,0,GEN
RAD,NSM,SSW,DRY,NIGHT,SINGLE,LIGHT,FINE,4,EMP
RAD,NSF,SSW,DRY,DUSK,MULTI,LIGHT,FINE,0,PAS
RAD,OSM,REVERSING,DRY,DAY,SINGLE,LIGHT,FINE,1,CARS TRUCKS
RAD,NSR,REVERSING,DRY,NIGHT,SINGLE,LIGHT,FINE,1,CARS TRUCKS
BSP,NSR,SSW,DRY,DAY,SINGLE,MODERATE,FINE,4,CARS TRUCKS
BSP,NSF,SSW,DRY,DAY,MULTI,MODERATE,FINE,4,CARS TRUCKS
XRD,OSR,TAI,DRY,DAY,MULTI,LIGHT,FINE,4,CARS TRUCKS
RAD,OSM,SSW,WET,NIGHT,SINGLE,EXTREME,RAIN,4,EMP
BSP,NSR,SSW,DRY,DUSK,SINGLE,HEAVY,FINE,4,CARS TRUCKS
RAD,NSR,TAI,DRY,DUSK,SINGLE,LIGHT,FINE,4,CARS TRUCKS
TIN,OSR,TAI,DRY,DAY,MULTI,HEAVY,FINE,5,CARS TRUCKS
BSP,NSR,TAI,DRY,NIGHT,SINGLE,LIGHT,FINE,4,EMP
RAD,REAR,N2T,DRY,DAY,MULTI,HEAVY,FINE,1,CARS TRUCKS
RAD,OSM,SSW,WET,DAWN,SINGLE,NO,RAIN,4,EMP
BSP,REAR,SSW,DRY,DAY,BUS,NO,FINE,4,CARS TRUCKS
RAD,MIR,SSW,DRY,DAY,MULTI,LIGHT,FINE,1,CARS TRUCKS
RAD,OSR,N2T,DRY,DAY,MULTI,MODERATE,FINE,1,CARS TRUCKS
RAD,OSM,SSW,DRY,DAY,MULTI,HEAVY,FINE,4,CARS TRUCKS
XRD,NSF,TBO,DRY,DAY,MULTI,MODERATE,FINE,1,CARS TRUCKS
RAD,WIN,SSW,DRY,DUSK,MULTI,LIGHT,FINE,4,EMP
TIN,NSF,TBO,DRY,DAY,SINGLE,LIGHT,FINE,1,CARS TRUCKS
RAD,NSR,N2T,DRY,DAY,MULTI,LIGHT,FINE,1,CARS TRUCKS
RAD,OSM,TBO,DRY,DAY,SINGLE,LIGHT,FINE,1,CARS TRUCKS
RAD,NSR,SSW,DRY,STREET,BUS,NO,FINE,4,EMP
RAD,NSM,SSW,DRY,NIGHT,SINGLE,LIGHT,FINE,4,CARS TRUCKS
RAD,NSR,REVERSING,DRY,DAY,SINGLE,MODERATE,FINE,1,EMP
XRD,FRNT,N2T,DRY,DAY,MULTI,MODERATE,FINE,4,CARS TRUCKS
TIN,OSM,SSW,DRY,DAY,SINGLE,MODERATE,FINE,4,EMP
RAD,NSF,N2T,DRY,DAY,SINGLE,LIGHT,FINE,4,BUS - OTHER
XRD,NSM,SSW,DRY,DAY,MULTI,MODERATE,FINE,1,CARS TRUCKS
BSP,MIR,HON,DRY,DAY,MULTI,MODERATE,SUN,4,EMP
BSP,OSR,SSW,DRY,DAY,BUS,LIGHT,FINE,2,EMP
TIN,NSM,SSW,DRY,DUSK,SINGLE,NO,FINE,4,EMP
BSP,FRNT,N2T,DRY,DAY,BUS,LIGHT,FINE,4,EMP
XRD,NSR,SSW,DRY,DAY,MULTI,HEAVY,FINE,1,EMP
BSP,NSR,SSW,DRY,DUSK,SINGLE,MODERATE,FINE,4,EMP
BSP,FRNT,N2T,WET,DAY,BUS,LIGHT,RAIN,1,CARS TRUCKS
RAD,NSM,SSW,DRY,DAY,SINGLE,LIGHT,FINE,0,PAS
XRD,NSR,TBO,DRY,DAY,SINGLE,HEAVY,FINE,1,CARS TRUCKS
RAD,OSM,SSW,DRY,DAY,SINGLE,HEAVY,FINE,4,EMP
XRD,REAR,SSW,DRY,DAY,MULTI,MODERATE,FINE,4,EMP
RAD,NSM,REVERSING,DRY,DAY,SINGLE,MODERATE,FINE,1,CARS TRUCKS
RAD,OSM,SSW,DRY,DAY,SINGLE,MODERATE,FINE,1,EMP
BSP,OSR,TAI,WET,NIGHT,MULTI,LIGHT,RAIN,4,EMP
BSP,NSF,SSW,DRY,DAY,MULTI,LIGHT,FINE,5,CARS TRUCKS
XRD,NSR,SSW,WET,DAY,MULTI,MODERATE,RAIN,4,CARS TRUCKS
XRD,OSF,SSW,DRY,DAY,MULTI,MODERATE,FINE,1,CARS TRUCKS
RAD,OSM,SSW,DRY,DAY,MULTI,EXTREME,FINE,1,CARS TRUCKS
BSP,WSRE,SSW,DRY,DAY,MULTI,NO,FINE,0,GEN
RBT,NSF,SSW,DRY,DAY,BUS,NO,FINE,4,CARS TRUCKS
RAD,FRNT,N2T,DRY,DAY,SINGLE,MODERATE,FINE,4,CARS TRUCKS
RBT,NSM,SSW,DRY,DAY,MULTI,HEAVY,FINE,4,BUS - OTHER
RAD,OSR,N2T,DRY,DAWN,MULTI,NO,FINE,1,CARS TRUCKS
BSP,NSF,HON,DRY,NIGHT,BUS,NO,FINE,4,EMP
RAD,FRNT,N2T,DRY,NIGHT,BUS,LIGHT,FINE,1,CARS TRUCKS
BSP,FRNT,N2T,DRY,DAY,SINGLE,MODERATE,FINE,4,CARS TRUCKS
TIN,OSM,SSW,DRY,NIGHT,MULTI,MODERATE,FINE,1,CARS TRUCKS
RAD,OSM,SSW,DRY,DAY,SINGLE,HEAVY,FINE,1,CARS TRUCKS
BSP,OSR,REVERSING,DRY,DAWN,BUS,NO,FINE,4,EMP
BSP,OSF,SSW,DRY,DAY,MULTI,NO,FINE,4,EMP
RAD,REAR,REVERSING,DRY,DAY,MULTI,LIGHT,FINE,4,EMP
RAD,REAR,N2T,DRY,DAY,MULTI,LIGHT,FINE,1,CARS TRUCKS
RAD,FRNT,HON,DRY,DAY,BUS,LIGHT,FINE,4,EMP
TIN,NSR,SSW,DRY,NIGHT,MULTI,LIGHT,FOG,4,EMP
BSP,NSR,TAI,DRY,DAY,BUS,MODERATE,FINE,4,EMP
RAD,FRNT,SSW,DRY,DAY,SINGLE,LIGHT,FINE,0,GEN
RAD,REAR,REVERSING,WET,DAWN,BUS,LIGHT,RAIN,4,EMP
XRD,REAR,N2T,DRY,DUSK,MULTI,HEAVY,FINE,1,CARS TRUCKS
RAD,MIR,SSW,DRY,NIGHT,MULTI,NO,FINE,4,EMP
BSP,OSF,SSW,DRY,DUSK,SINGLE,HEAVY,FINE,4,EMP
RAD,NSR,SSW,DRY,DAY,BUS,HEAVY,FINE,4,EMP
RAD,OSF,SSW,DRY,DAY,MULTI,MODERATE,FINE,1,CARS TRUCKS
RAD,FRNT,N2T,DRY,DAY,MULTI,MODERATE,FINE,5,EMP
RAD,OSR,SSW,DRY,DAWN,SINGLE,MODERATE,FINE,4,CARS TRUCKS
TIN,NSM,SSW,DRY,DAY,MULTI,MODERATE,FINE,4,CARS TRUCKS
BSP,NSR,BTMO,DRY,DAY,MULTI,MODERATE,FINE,4,EMP
RAD,OSF,SSW,WET,DAY,MULTI,HEAVY,RAIN,1,CARS TRUCKS
RBT,WSRE,HON,DRY,DAY,SINGLE,LIGHT,FINE,0,EMP
RAD,MIR,SSW,DRY,DAWN,MULTI,NO,FINE,5,CARS TRUCKS
RAD,OSR,N2T,WET,DUSK,MULTI,LIGHT,RAIN,1,CARS TRUCKS
TIN,FRNT,N2T,DRY,DAY,MULTI,MODERATE,FINE,4,BUS - OTHER
DEPOT,NSM,SSW,DRY,DAY,SINGLE,MODERATE,FINE,4,BUS - OTHER
BSP,OSM,SSW,DRY,DAY,SINGLE,LIGHT,FINE,4,EMP
XRD,FRNT,REVERSING,DRY,DAY,MULTI,MODERATE,FINE,1,CARS TRUCKS
RAD,OSR,SSW,DRY,DAY,MULTI,HEAVY,FINE,5,CARS TRUCKS
RAD,NSF,SSW,WET,DAY,MULTI,MODERATE,RAIN,4,BUS - OTHER
RAD,REAR,SSW,DRY,DAY,SINGLE,NO,FINE,4,EMP
RAD,OSF,SSW,DRY,DAY,SINGLE,LIGHT,FINE,1,BUS - OTHER
BSP,NSF,SSW,DRY,DAY,BUS,MODERATE,FINE,4,OTH
RAD,NSR,REVERSING,DRY,DAY,SINGLE,LIGHT,FINE,4,EMP
RAD,NSR,BTMO,DRY,DAY,SINGLE,LIGHT,FINE,4,EMP
RBT,NSF,TAI,DRY,DAY,MULTI,MODERATE,FINE,5,CARS TRUCKS
BSP,NSF,SSW,DRY,DAWN,SINGLE,NO,FINE,4,EMP
XRD,NSM,ROO,WET,NIGHT,MULTI,MODERATE,RAIN,4,EMP
BSP,OSR,SSW,DRY,DAY,BUS,NO,FINE,4,EMP
RAD,NSF,TBO,DRY,DAY,SINGLE,NO,FINE,1,CARS TRUCKS
RAD,NSM,TBO,DRY,DAY,SINGLE,LIGHT,FINE,4,CARS TRUCKS
RAD,FRNT,N2T,DRY,DAY,SINGLE,LIGHT,FINE,4,BUS - OTHER
BSP,NSF,HON,DRY,DAY,MULTI,LIGHT,FINE,4,BUS - OTHER
XRD,NSM,SSW,DRY,NIGHT,MULTI,MODERATE,FOG,4,CARS TRUCKS
XRD,NSM,SSW,DRY,DAY,MULTI,LIGHT,FINE,1,CARS TRUCKS
BSP,NSF,TBO,DRY,DAY,SINGLE,LIGHT,FINE,1,CARS TRUCKS
BSP,FRNT,HON,WET,DUSK,BUS,NO,RAIN,4,EMP