location_code,damage_code,collision_code,road_code,light_code,road_type_code,traffic_code,weather_code,emp_liability_code,kpi_cause_code
RAD,NSR,SSW,DRY,DAY,MULTI,LIGHT,FINE,1,EMP
RAD,NSR,SSW,DRY,DUSK,MULTI,LIGHT,FINE,1,EMP
RAD,NSF,TBO,WET,DAY,SINGLE,MODERATE,RAIN,1,CARS TRUCKS
RAD,WSRE,SSW,DRY,DAY,MULTI,LIGHT,FINE,0,EMP
RAD,NSR,TBO,DRY,DAY,BUS,NO,FINE,1,CARS TRUCKS
RAD,OSR,SSW,WET,DAY,SINGLE,HEAVY,FINE,4,EMP
XRD,NSR,TAI,DRY,NIGHT,MULTI,LIGHT,FINE,4,BUS - OTHER
BSP,NSF,SSW,DRY,DAWN,MULTI,HEAVY,FINE,4,EMP
RAD,NSM,SSW,DRY,DAY,SINGLE,LIGHT,FINE,1,CARS TRUCKS
RAD,OSR,SSW,DRY,DAY,MULTI,HEAVY,FINE,1,CARS TRUCKS
BSP,OSR,SSW,DRY,DAY,MULTI,HEAVY,FINE,1,ROA
RAD,WSRE,BTMO,DRY,DAY,MULTI,LIGHT,FOG,0,OTH
TIN,MIR,SSW,DRY,DAY,MULTI,MODERATE,FINE,1,CARS TRUCKS
XRD,MIR,SSW,WET,DAY,MULTI,MODERATE,RAIN,5,CARS TRUCKS
TIN,NSM,SSW,DRY,DAY,SINGLE,MODERATE,FINE,4,EMP
RAD,NSF,N2T,WET,NIGHT,SINGLE,NO,RAIN,1,CARS TRUCKS
RAD,OSR,SSW,DRY,DUSK,MULTI,HEAVY,FINE,1,CARS TRUCKS
RBT,FRNT,SSW,DRY,DAY,SINGLE,HEAVY,FINE,4,EMP
DEPOT,NSF,SSW,DRY,DAY,SINGLE,LIGHT,FINE,4,EMP
RAD,OSR,SSW,DRY,DAY,BUS,NO,FINE,1,CARS TRUCKS
TIN,NSR,SSW,DRY,DAY,SINGLE,LIGHT,FINE,4,BUS - OTHER
BSP,OSF,SSW,DRY,DAY,MULTI,MODERATE,FINE,1,CARS TRUCKS
BSP,MIR,HON,DRY,DAY,BUS,NO,FINE,4,EMP
BSP,MIR,HON,DRY,DAY,SINGLE,NO,FINE,4,EMP
RAD,NSR,SSW,DRY,NIGHT,MULTI,LIGHT,FINE,4,EMP
XRD,NSF,SSW,WET,DAY,MULTI,MODERATE,RAIN,4,EMP
RAD,OSF,SSW,WET,NIGHT,MULTI,MODERATE,FINE,5,CARS TRUCKS
RAD,NSR,TAI,DRY,DAWN,SINGLE,LIGHT,FINE,4,EMP
BSP,NSR,SSW,SLIP,DAY,SINGLE,LIGHT,RAIN,1,CARS TRUCKS
BSP,FRNT,SSW,DRY,DAY,SINGLE,LIGHT,SUN,1,EMP
RAD,OSR,SSW,DRY,DAY,MULTI,HEAVY,FINE,1,ROA
RAD,NSR,TAI,DRY,DUSK,SINGLE,MODERATE,FINE,4,EMP
RAD,WIN,SSW,WET,NIGHT,SINGLE,NO,RAIN,1,EMP
BSP,MIR,SSW,DRY,NIGHT,SINGLE,LIGHT,FINE,4,EMP
XRD,NSR,TBO,DRY,DAY,SINGLE,LIGHT,FINE,1,GEN
BSP,NSM,SSW,DRY,DAWN,SINGLE,LIGHT,FINE,4,EMP
RAD,OSF,TBO,WET,NIGHT,MULTI,MODERATE,FINE,1,CARS TRUCKS
RAD,OSM,SSW,DRY,NIGHT,SINGLE,HEAVY,FINE,4,CARS TRUCKS
XRD,NSR,TBO,DRY,DAY,SINGLE,LIGHT,FINE,1,EMP
RAD,FRNT,SSW,WET,DUSK,SINGLE,HEAVY,RAIN,4,EMP
BSP,NSR,SSW,WET,DUSK,MULTI,HEAVY,RAIN,4,EMP
XRD,OSR,SSW,DRY,DAY,MULTI,LIGHT,FINE,4,CARS TRUCKS
RBT,NSR,SSW,DRY,DAY,SINGLE,NO,FINE,4,EMP
RBT,MIR,SSW,DRY,DAY,MULTI,MODERATE,FINE,1,ROA
RAD,REAR,N2T,DRY,DAY,MULTI,HEAVY,FINE,1,EMP
DEPOT,NSM,SSW,WET,DAY,SINGLE,MODERATE,RAIN,4,BUS - OTHER
BSP,FRNT,SSW,DRY,DAWN,SINGLE,NO,FINE,4,EMP
RAD,NSM,SSW,DRY,DAY,BUS,NO,FINE,4,EMP
BSP,TOPF,HON,DRY,DAY,MULTI,HEAVY,FINE,4,CARS TRUCKS
BSP,REAR,N2T,DRY,DAY,SINGLE,LIGHT,FINE,2,CARS TRUCKS
XRD,REAR,N2T,DRY,DAY,MULTI,HEAVY,FINE,1,EMP
TIN,OSR,TAI,DRY,DAY,SINGLE,MODERATE,FINE,4,EMP
RAD,OSR,SSW,DRY,DAY,SINGLE,HEAVY,FINE,1,EMP
RAD,OSM,SSW,DRY,DAWN,MULTI,HEAVY,FINE,1,EMP
BSP,REAR,N2T,DRY,DUSK,MULTI,MODERATE,FINE,1,CARS TRUCKS
RAD,FRNT,HON,DRY,DAY,SINGLE,NO,FINE,4,EMP
TIN,NSF,SSW,DRY,DAWN,SINGLE,LIGHT,FINE,4,EMP
TIN,NSF,N2T,DRY,DAY,MULTI,HEAVY,FINE,4,EMP
RAD,MIR,SSW,WET,DAWN,MULTI,HEAVY,RAIN,5,ROA
BSP,NSM,SSW,DRY,DAY,MULTI,HEAVY,FINE,4,EMP
BSP,NSR,REVERSING,DRY,DAY,BUS,NO,FINE,1,CARS TRUCKS
RAD,NSM,TBO,DRY,DAY,SINGLE,LIGHT,FINE,1,EMP
BSP,REAR,REVERSING,DRY,DAY,SINGLE,LIGHT,FINE,4,EMP
RAD,NSM,SSW,DRY,DAY,SINGLE,MODERATE,FINE,0,ENV
RAD,MIR,SSW,DRY,DAY,MULTI,LIGHT,FINE,5,EMP
RAD,REAR,N2T,DRY,STREET,MULTI,NO,FINE,1,EMP
RAD,NSR,SSW,WET,DAY,MULTI,MODERATE,FINE,4,EMP
RAD,FRNT,HON,WET,DAWN,MULTI,LIGHT,FINE,4,CARS TRUCKS
BSP,NSR,TAI,DRY,DUSK,SINGLE,NO,FINE,4,EMP
XRD,NSF,HON,DRY,DAY,SINGLE,HEAVY,FINE,1,GEN
TIN,OSM,SSW,DRY,DAY,SINGLE,HEAVY,FINE,4,EMP
RAD,REAR,SSW,DRY,DAY,SINGLE,HEAVY,FINE,4,EMP
RBT,OSM,SSW,DRY,DAY,SINGLE,MODERATE,FINE,4,EMP
RAD,FRNT,SSW,WET,DAY,MULTI,LIGHT,FINE,4,EMP
RAD,OSR,SSW,DRY,DAY,SINGLE,LIGHT,FINE,5,EMP
RAD,NSR,REVERSING,DRY,DUSK,SINGLE,LIGHT,FINE,4,CARS TRUCKS
TIN,REAR,SSW,DRY,DAY,SINGLE,MODERATE,FINE,1,EMP
RBT,FRNT,TBO,DRY,DAY,SINGLE,NO,SUN,4,EMP
XRD,NSM,SSW,DRY,DAY,MULTI,HEAVY,FINE,4,CARS TRUCKS
RAD,NSF,HON,DRY,DAY,SINGLE,MODERATE,FINE,4,EMP
BSP,NSR,SSW,DRY,DAY,SINGLE,LIGHT,FINE,1,EMP
XRD,NSF,SSW,DRY,NIGHT,MULTI,HEAVY,FINE,4,EMP
BSP,OSR,TAI,DRY,NIGHT,SINGLE,NO,FINE,4,EMP
RBT,FRNT,HON,DRY,DAY,SINGLE,NO,FINE,4,EMP
RAD,NSF,SSW,DRY,DUSK,MULTI,LIGHT,FINE,1,EMP
RAD,FRNT,N2T,DRY,DAY,MULTI,HEAVY,FINE,4,BUS BRAKING
BSP,OSF,SSW,DRY,DAY,BUS,NO,FINE,1,CARS TRUCKS
RAD,FRNT,HON,DRY,DAY,SINGLE,LIGHT,FINE,1,CARS TRUCKS
RAD,NSF,N2T,WET,DAY,MULTI,MODERATE,RAIN,4,EMP
RBT,OSM,SSW,DRY,DAY,MULTI,LIGHT,FINE,1,EMP
RAD,FRNT,N2T,WET,NIGHT,MULTI,MODERATE,RAIN,4,EMP
XRD,NSR,SSW,DRY,DUSK,SINGLE,NO,FINE,4,EMP
RAD,FRNT,N2T,DRY,DAY,MULTI,LIGHT,FINE,0,EMP
BSP,MIR,SSW,DRY,DAY,MULTI,HEAVY,FINE,5,ROA
TIN,WSRE,SSW,DRY,NIGHT,SINGLE,NO,FINE,4,EMP
RAD,NSF,SSW,WET,DAY,MULTI,LIGHT,RAIN,0,ENV
BSP,OSF,SSW,DRY,DAY,MULTI,LIGHT,FINE,1,ROA
RAD,NSF,SSW,WET,DUSK,SINGLE,MODERATE,RAIN,0,OTH
RAD,FRNT,SSW,DRY,DAY,BUS,MODERATE,FINE,4,OTH
RAD,NSR,SSW,DRY,STREET,MULTI,MODERATE,FINE,4,EMP
BSP,NSR,TAI,DRY,DUSK,MULTI,NO,FINE,4,EMP
BSP,NSR,TAI,DRY,DAY,SINGLE,LIGHT,FINE,1,BUS - OTHER
RAD,FRNT,TBO,DRY,DAY,SINGLE,NO,FINE,1,EMP
RAD,OSR,SSW,DRY,NIGHT,MULTI,LIGHT,FINE,1,CARS TRUCKS
RAD,NSR,SSW,DRY,DAWN,SINGLE,LIGHT,FINE,0,OTH
RAD,FRNT,N2T,DRY,DAY,MULTI,LIGHT,FINE,4,BUS BRAKING
BSP,REAR,N2T,DRY,DAY,MULTI,MODERATE,FINE,1,ROA
BSP,NSR,N2T,DRY,DAY,SINGLE,LIGHT,FINE,1,GEN
BSP,FRNT,SSW,DRY,DAY,SINGLE,LIGHT,FINE,0,OTH
XRD,FRNT,HON,DRY,DAY,MULTI,EXTREME,FINE,4,EMP
RAD,OSR,BTMO,DRY,DAY,SINGLE,LIGHT,FINE,5,EMP
XRD,NSR,SSW,DRY,DAY,SINGLE,HEAVY,FINE,1,ROA
TIN,NSR,SSW,DRY,DAY,SINGLE,HEAVY,FINE,4,EMP
XRD,FRNT,N2T,WET,NIGHT,MULTI,MODERATE,RAIN,4,EMP
RAD,NSR,SSW,WET,DAY,SINGLE,NO,FINE,4,CARS TRUCKS
RAD,MIR,SSW,DRY,DUSK,MULTI,HEAVY,FINE,5,CARS TRUCKS
XRD,NSF,HON,DRY,NIGHT,MULTI,LIGHT,FINE,1,CARS TRUCKS
BSP,OSF,SSW,DRY,NIGHT,MULTI,LIGHT,FINE,1,CARS TRUCKS
BSP,NSR,REVERSING,DRY,NIGHT,SINGLE,NO,FINE,4,CARS TRUCKS
RAD,NSF,SSW,DRY,DAY,SINGLE,LIGHT,FINE,0,GEN
BSP,REAR,SSW,DRY,DUSK,BUS,LIGHT,FINE,1,EMP
XRD,OSF,SSW,DRY,DAY,SINGLE,LIGHT,FINE,1,EMP
BSP,OSF,SSW,DRY,DAY,BUS,NO,FINE,1,EMP
RAD,OSM,SSW,WET,NIGHT,SINGLE,LIGHT,RAIN,4,EMP
RAD,NSF,SSW,DRY,NIGHT,MULTI,LIGHT,FINE,4,CARS TRUCKS
RAD,FRNT,N2T,DRY,NIGHT,MULTI,LIGHT,FINE,4,EMP
RAD,OSR,SSW,DRY,DAWN,MULTI,LIGHT,FINE,4,CARS TRUCKS
BSP,OSR,SSW,WET,DAY,BUS,NO,RAIN,5,CARS TRUCKS
RBT,NSF,SSW,DRY,DAY,MULTI,LIGHT,FINE,4,CARS TRUCKS
BSP,MIR,SSW,DRY,DAY,MULTI,MODERATE,FINE,5,CARS TRUCKS
BSP,MIR,HON,DRY,DAY,SINGLE,MODERATE,FINE,4,EMP
TIN,NSR,SSW,DRY,DAWN,SINGLE,LIGHT,FINE,4,EMP
RAD,NSR,N2T,WET,DAY,MULTI,LIGHT,RAIN,4,EMP
RAD,OSF,HON,DRY,DAY,SINGLE,MODERATE,FINE,4,EMP
BSP,MIR,SSW,DRY,DAY,SINGLE,HEAVY,FINE,1,EMP
RAD,OSR,SSW,DRY,DAY,MULTI,HEAVY,FINE,1,EMP
BSP,TOPF,SSW,DRY,DAY,MULTI,MODERATE,FINE,4,EMP
XRD,FRNT,TBO,SLIP,DAY,SINGLE,MODERATE,FINE,4,EMP
RAD,NSF,SSW,WET,DAY,SINGLE,LIGHT,RAIN,4,EMP
BSP,NSR,HON,DRY,DAY,SINGLE,LIGHT,FINE,2,BUS - OTHER
RAD,NSR,SSW,WET,DAY,SINGLE,HEAVY,RAIN,4,EMP
XRD,MIR,SSW,DRY,DAY,SINGLE,LIGHT,FINE,5,EMP
XRD,NSM,SSW,DRY,DAY,MULTI,MODERATE,FINE,4,EMP
XRD,OSM,SSW,DRY,DAY,SINGLE,HEAVY,FINE,4,EMP
RAD,NSR,TBO,DRY,DAY,SINGLE,LIGHT,FINE,1,EMP
BSP,NSR,TAI,WET,DAY,SINGLE,NO,RAIN,4,EMP
RBT,FRNT,REVERSING,DRY,DAY,SINGLE,LIGHT,FINE,1,CARS TRUCKS
RAD,NSF,SSW,WET,DAY,SINGLE,MODERATE,FINE,4,EMP
BSP,MIR,HON,WET,DAY,SINGLE,LIGHT,RAIN,4,CARS TRUCKS
RBT,OSF,HON,DRY,DAY,SINGLE,NO,FINE,1,EMP
RAD,OSF,SSW,DRY,DAY,SINGLE,NO,FINE,4,EMP
RAD,NSR,SSW,WET,DAY,MULTI,LIGHT,RAIN,5,CARS TRUCKS
BSP,FRNT,SSW,DRY,DAY,SINGLE,MODERATE,FINE,0,EMP
RAD,NSR,BTMO,DRY,DAY,SINGLE,LIGHT,FINE,0,EMP
BSP,NSR,SSW,WET,NIGHT,BUS,NO,FINE,4,CARS TRUCKS
RAD,OSM,SSW,WET,NIGHT,SINGLE,NO,RAIN,4,CARS TRUCKS
BSP,OSR,SSW,DRY,DAY,SINGLE,NO,FINE,2,CARS TRUCKS
XRD,NSR,REVERSING,DRY,DAY,SINGLE,NO,FINE,4,EMP
BSP,NSF,ROO,WET,DUSK,MULTI,HEAVY,RAIN,4,EMP
RAD,REAR,N2T,WET,DAY,MULTI,HEAVY,RAIN,1,ROA
RAD,OSF,SSW,DRY,DAY,MULTI,MODERATE,FINE,4,CARS TRUCKS
TIN,NSM,SSW,DRY,NIGHT,MULTI,LIGHT,FINE,4,EMP
BSP,MIR,ROO,WET,DUSK,SINGLE,MODERATE,RAIN,4,EMP
BSP,FRNT,SSW,WET,NIGHT,BUS,LIGHT,RAIN,0,OTH
XRD,REAR,TAI,DRY,DAY,SINGLE,LIGHT,FINE,4,EMP
RBT,OSR,SSW,DRY,DAY,SINGLE,LIGHT,FINE,4,EMP
RAD,OSR,N2T,DRY,DAY,SINGLE,MODERATE,FINE,1,CARS TRUCKS
TIN,FRNT,HON,DRY,DAY,SINGLE,LIGHT,FINE,4,EMP
XRD,NSR,SSW,WET,DAY,MULTI,MODERATE,RAIN,1,ROA
BSP,OSR,SSW,DRY,NIGHT,SINGLE,NO,FINE,4,ENV
RAD,NSF,SSW,DRY,DAY,SINGLE,NO,FINE,6,OTH
BSP,REAR,N2T,DRY,DAY,MULTI,MODERATE,FINE,4,EMP
RAD,OSF,TBO,DRY,DAY,MULTI,MODERATE,FINE,1,EMP
TIN,REAR,N2T,DRY,DAY,SINGLE,MODERATE,FINE,1,CARS TRUCKS
XRD,NSM,SSW,DRY,DAY,MULTI,LIGHT,FINE,4,EMP
XRD,FRNT,HON,DRY,DAY,SINGLE,MODERATE,FINE,4,EMP
RAD,NSM,SSW,DRY,DAWN,SINGLE,NO,FINE,1,EMP
RAD,OSM,SSW,WET,DAWN,MULTI,LIGHT,RAIN,5,EMP
BSP,FRNT,SSW,DRY,DAWN,SINGLE,NO,FINE,4,CARS TRUCKS
BSP,NSR,TAI,DRY,DUSK,SINGLE,LIGHT,FINE,4,EMP
BSP,NSF,N2T,DRY,DAY,SINGLE,NO,FINE,4,BUS - OTHER
RAD,REAR,N2T,DRY,DAY,SINGLE,LIGHT,FINE,1,GEN
RAD,NSM,TBO,DRY,DAY,SINGLE,MODERATE,FINE,1,GEN
RAD,OSR,HON,DRY,DAY,MULTI,MODERATE,FINE,1,CARS TRUCKS
RAD,NSR,SSW,DRY,DAY,MULTI,MODERATE,FINE,5,EMP
TIN,NSR,SSW,SLIP,NIGHT,SINGLE,NO,FINE,4,EMP
RAD,REAR,N2T,DRY,DAY,SINGLE,LIGHT,FINE,1,EMP
XRD,OSF,SSW,DRY,NIGHT,SINGLE,NO,FINE,1,ROA
RBT,NSR,TBO,DRY,DAY,SINGLE,NO,FINE,1,EMP
RAD,Minor scratch o,SSW,DRY,DAY,SINGLE,LIGHT,FINE,1,EMP
BSP,NSR,N2T,DRY,DAY,MULTI,MODERATE,FINE,1,CARS TRUCKS
RAD,NSR,SSW,DRY,DAY,BUS,LIGHT,FINE,1,EMP
RAD,NSR,REVERSING,WET,NIGHT,SINGLE,NO,RAIN,4,EMP
BSP,OSF,SSW,DRY,DAY,SINGLE,MODERATE,FINE,1,BUS - OTHER
RAD,OSM,SSW,DRY,DAY,SINGLE,MODERATE,FINE,5,GEN
BSP,OSM,SSW,DRY,DUSK,SINGLE,LIGHT,FINE,1,CARS TRUCKS
BSP,NSR,REVERSING,WET,STREET,BUS,NO,FINE,4,GEN
RAD,WIN,SSW,DRY,NIGHT,MULTI,NO,FINE,0,ENV
RAD,WIN,SSW,DRY,DAY,MULTI,MODERATE,FINE,0,GEN
RAD,OSF,SSW,DRY,DAY,SINGLE,NO,SUN,4,EMP
RAD,OSF,HON,WET,DAY,SINGLE,LIGHT,RAIN,4,CARS TRUCKS
RAD,OSR,N2T,DRY,DAY,MULTI,LIGHT,FINE,1,BUS - OTHER
RAD,FRNT,SSW,DRY,DAY,SINGLE,LIGHT,FINE,0,EMP
RAD,MIR,HON,DRY,DAY,SINGLE,MODERATE,FINE,4,CARS TRUCKS
BSP,OSR,N2T,DRY,DAY,SINGLE,HEAVY,FINE,1,CARS TRUCKS
RAD,OSF,N2T,DRY,NIGHT,MULTI,MODERATE,FINE,4,EMP
BSP,FRNT,SSW,DRY,DAY,SINGLE,HEAVY,FINE,4,EMP
RAD,NSR,SSW,DRY,DAY,SINGLE,LIGHT,SUN,0,GEN
BSP,TOPF,HON,DRY,DAY,SINGLE,LIGHT,FINE,4,EMP
BSP,NSR,REVERSING,WET,NIGHT,BUS,NO,FINE,4,EMP
BSP,WSRE,BTMO,WET,DAY,SINGLE,NO,FINE,4,EMP
BSP,MIR,SSW,WET,DAY,SINGLE,NO,RAIN,4,EMP
XRD,OSR,SSW,DRY,DAY,MULTI,MODERATE,FINE,4,EMP
RAD,NSR,SSW,DRY,DAY,MULTI,HEAVY,FINE,1,ROA
RAD,OSR,SSW,WET,DAY,SINGLE,MODERATE,RAIN,5,ROA
TIN,NSR,SSW,DRY,DAY,SINGLE,HEAVY,FINE,4,CARS TRUCKS
RAD,OSF,SSW,DRY,NIGHT,MULTI,NO,FINE,4,EMP
RAD,NSR,SSW,DRY,DAY,SINGLE,LIGHT,FINE,1,ROA
RAD,OSR,N2T,DRY,DAY,SINGLE,HEAVY,FINE,1,ROA
RAD,FRNT,HON,DRY,DAY,SINGLE,LIGHT,FINE,1,EMP
RAD,NSM,SSW,DRY,DAWN,FREE,MODERATE,FINE,1,CARS TRUCKS
RAD,FRNT,TBO,DRY,DAY,BUS,LIGHT,FINE,1,CARS TRUCKS
RAD,NSF,SSW,DRY,DAY,SINGLE,LIGHT,FINE,1,GEN
BSP,NSF,SSW,DRY,DAY,MULTI,NO,FINE,4,CARS TRUCKS
RAD,WIN,SSW,DRY,DAWN,SINGLE,LIGHT,FINE,0,ENV
RAD,OSF,HON,DRY,DAY,SINGLE,LIGHT,FINE,1,EMP
RAD,OSR,TAI,SLIP,DUSK,SINGLE,LIGHT,FINE,4,BUS - OTHER
RAD,NSR,SSW,DRY,DAY,BUS,LIGHT,FINE,1,CARS TRUCKS
RAD,MIR,SSW,WET,NIGHT,MULTI,MODERATE,RAIN,1,CARS TRUCKS
RAD,NSR,N2T,DRY,DAY,MULTI,MODERATE,FINE,4,CARS TRUCKS
RAD,OSR,REVERSING,DRY,DAY,SINGLE,NO,FINE,4,EMP
RAD,FRNT,TBO,DRY,DAY,MULTI,MODERATE,FINE,5,CARS TRUCKS
XRD,OSF,HON,DRY,DAY,MULTI,HEAVY,FINE,1,EMP
RAD,NSF,TBO,WET,DAY,MULTI,LIGHT,RAIN,1,CARS TRUCKS
BSP,NSR,TAI,DRY,NIGHT,MULTI,LIGHT,FINE,4,EMP
BSP,MIR,HON,WET,NIGHT,BUS,MODERATE,RAIN,4,EMP
XRD,NSM,SSW,DRY,NIGHT,MULTI,LIGHT,FINE,1,CARS TRUCKS
BSP,OSR,SSW,DRY,NIGHT,SINGLE,LIGHT,FINE,1,ROA
BSP,REAR,N2T,DRY,DAY,MULTI,HEAVY,FINE,1,EMP
BSP,NSF,SSW,DRY,DAY,MULTI,LIGHT,FINE,5,ROA
BSP,NSR,REVERSING,DRY,DUSK,SINGLE,NO,FINE,4,EMP
TIN,NSM,TBO,DRY,DAY,SINGLE,NO,FINE,1,CARS TRUCKS
RAD,OSF,SSW,DRY,DAY,SINGLE,HEAVY,FINE,5,GEN
RAD,NSR,SSW,SLIP,NIGHT,MULTI,LIGHT,RAIN,5,EMP
RAD,NSM,HON,DRY,DAY,BUS,MODERATE,FINE,1,CARS TRUCKS
RAD,NSR,TAI,DRY,DAY,MULTI,EXTREME,FINE,4,EMP
RAD,NSR,SSW,DRY,DAY,SINGLE,MODERATE,FINE,1,BUS - OTHER
RAD,NSF,SSW,WET,DAWN,MULTI,HEAVY,FINE,0,OTH
RAD,OSM,SSW,DRY,NIGHT,MULTI,LIGHT,FINE,1,CARS TRUCKS
BSP,OSF,SSW,WET,NIGHT,SINGLE,NO,RAIN,4,EMP
RAD,NSR,SSW,WET,DAY,SINGLE,HEAVY,FINE,4,EMP
BSP,MIR,SSW,DRY,DAY,BUS,MODERATE,FINE,4,EMP
RBT,NSR,SSW,WET,DAY,SINGLE,LIGHT,RAIN,4,EMP
BSP,OSR,SSW,DRY,DUSK,SINGLE,MODERATE,FINE,5,CARS TRUCKS
TIN,OSF,SSW,DRY,DAY,SINGLE,NO,FINE,4,EMP
TIN,MIR,SSW,SLIP,DUSK,MULTI,MODERATE,FINE,1,CARS TRUCKS
RAD,OSM,SSW,WET,DAY,SINGLE,MODERATE,RAIN,1,EMP
BSP,NSM,SSW,DRY,DUSK,SINGLE,NO,FINE,4,EMP
RAD,NSF,N2T,DRY,DAY,MULTI,MODERATE,FINE,1,BUS - OTHER
RAD,OSM,SSW,DRY,DAY,SINGLE,LIGHT,FINE,5,EMP
RAD,NSR,SSW,DRY,DAY,SINGLE,HEAVY,FINE,1,CARS TRUCKS
XRD,NSR,SSW,DRY,DAY,SINGLE,MODERATE,FINE,4,EMP
DEPOT,REAR,REVERSING,DRY,DAY,SINGLE,LIGHT,FINE,4,EMP
BSP,NSR,SSW,WET,DUSK,SINGLE,MODERATE,RAIN,4,BUS - OTHER
BSP,OSR,SSW,DRY,DAY,SINGLE,MODERATE,FINE,0,OTH
RAD,NSF,N2T,DRY,DAY,SINGLE,LIGHT,FINE,4,EMP
BSP,OSR,SSW,WET,DAWN,MULTI,MODERATE,RAIN,1,EMP
RAD,REAR,REVERSING,DRY,DAY,SINGLE,EXTREME,FINE,4,EMP
RAD,WSRE,SSW,DRY,DAY,FREE,LIGHT,FINE,1,EMP
RAD,NSM,TAI,DRY,DAY,SINGLE,HEAVY,FINE,4,EMP
RAD,NSR,SSW,DRY,NIGHT,SINGLE,LIGHT,FINE,1,CARS TRUCKS
RAD,NSR,HON,WET,DAY,SINGLE,NO,RAIN,0,OTH
RAD,NSM,SSW,WET,DAY,MULTI,MODERATE,FINE,5,CARS TRUCKS
RAD,NSR,TBO,DRY,DAY,SINGLE,LIGHT,FINE,1,ROA
XRD,NSR,SSW,DRY,DAY,SINGLE,MODERATE,FINE,1,CARS TRUCKS
BSP,REAR,REVERSING,DRY,NIGHT,SINGLE,LIGHT,FINE,4,EMP
RAD,OSM,TBO,DRY,DAY,SINGLE,LIGHT,FINE,1,EMP
BSP,REAR,REVERSING,DRY,NIGHT,SINGLE,NO,FINE,4,EMP
RAD,NSR,SSW,DRY,NIGHT,SINGLE,NO,FINE,1,CARS TRUCKS
BSP,NSR,SSW,WET,NIGHT,MULTI,LIGHT,RAIN,4,EMP
RAD,FRNT,SSW,DRY,DAY,MULTI,LIGHT,FINE,4,EMP
RAD,NSR,SSW,WET,DAY,BUS,HEAVY,RAIN,1,EMP
RAD,OSM,SSW,WET,DAY,SINGLE,LIGHT,FINE,1,EMP
XRD,NSM,TBO,DRY,DAY,MULTI,LIGHT,FINE,1,CARS TRUCKS
BSP,OSR,TAI,DRY,DAY,MULTI,LIGHT,FINE,1,CARS TRUCKS
RAD,NSR,SSW,WET,DAY,SINGLE,MODERATE,RAIN,4,EMP
XRD,MIR,HON,DRY,DAY,MULTI,LIGHT,FINE,4,EMP
RAD,WSRE,SSW,DRY,DAY,SINGLE,LIGHT,FINE,3,EMP
RAD,FRNT,SSW,SLIP,DAY,SINGLE,LIGHT,RAIN,4,EMP
RBT,NSM,SSW,DRY,DUSK,SINGLE,NO,FINE,4,EMP
RAD,NSR,SSW,DRY,DAY,SINGLE,HEAVY,SUN,4,EMP
RAD,NSF,HON,DRY,NIGHT,SINGLE,NO,FINE,4,EMP
RAD,OSR,TAI,WET,NIGHT,BUS,MODERATE,RAIN,4,EMP
XRD,REAR,N2T,DRY,DAY,MULTI,LIGHT,FINE,1,CARS TRUCKS
RAD,OSF,SSW,DRY,DAY,SINGLE,HEAVY,FINE,1,CARS TRUCKS
RAD,OSR,N2T,DRY,DAY,SINGLE,EXTREME,FINE,5,CARS TRUCKS
RAD,NSF,HON,SLIP,STREET,SINGLE,NO,RAIN,4,EMP
RAD,OSM,SSW,DRY,NIGHT,SINGLE,NO,FINE,1,EMP
BSP,NSR,TAI,SLIP,DAY,MULTI,MODERATE,RAIN,4,CARS TRUCKS
RAD,FRNT,N2T,DRY,DAY,SINGLE,MODERATE,FINE,4,BUS - OTHER
RAD,MIR,SSW,WET,NIGHT,SINGLE,LIGHT,RAIN,4,BUS - OTHER
BSP,MIR,SSW,DRY,DAY,SINGLE,LIGHT,SUN,4,EMP
RAD,NSM,SSW,DRY,DAY,SINGLE,MODERATE,FINE,4,CARS TRUCKS
RAD,WIN,SSW,DRY,DAY,SINGLE,NO,FINE,4,EMP
BSP,WIN,SSW,DRY,DAY,SINGLE,LIGHT,FINE,4,EMP
RAD,OSM,SSW,DRY,DAWN,SINGLE,NO,FINE,4,EMP
XRD,FRNT,SSW,DRY,DAY,MULTI,MODERATE,FINE,1,EMP
RAD,WSRE,SSW,WET,DAY,MULTI,MODERATE,RAIN,1,EMP
RAD,NSR,TAI,WET,DAY,SINGLE,HEAVY,RAIN,4,EMP
XRD,NSF,SSW,DRY,DAY,MULTI,LIGHT,FINE,4,CARS TRUCKS
BSP,MIR,SSW,DRY,DUSK,MULTI,LIGHT,FINE,4,EMP
RAD,NSR,SSW,DRY,DAY,SINGLE,NO,FINE,1,EMP
BSP,NSR,SSW,DRY,DAWN,MULTI,LIGHT,FINE,4,EMP
RBT,NSR,SSW,DRY,DAY,MULTI,MODERATE,FINE,4,CARS TRUCKS