location_code,damage_code,collision_code,road_code,light_code,road_type_code,traffic_code,weather_code,emp_liability_code,kpi_cause_code
BSP,OSR,SSW,WET,DAWN,MULTI,HEAVY,RAIN,1,CARS TRUCKS
RAD,FRNT,SSW,WET,DAY,SINGLE,LIGHT,RAIN,4,CARS TRUCKS
BSP,OSM,SSW,DRY,DAY,SINGLE,LIGHT,RAIN,4,EMP
XRD,OSR,SSW,DRY,DAY,MULTI,HEAVY,FINE,5,CARS TRUCKS
RAD,OSF,TBO,DRY,DAY,MULTI,HEAVY,FINE,4,CARS TRUCKS
RAD,NSM,SSW,DRY,DAY,SINGLE,HEAVY,FINE,1,CARS TRUCKS
RAD,FRNT,N2T,WET,DAY,MULTI,LIGHT,RAIN,4,EMP
XRD,FRNT,N2T,WET,DAY,SINGLE,LIGHT,RAIN,4,EMP
RAD,FRNT,SSW,SLIP,DAWN,MULTI,LIGHT,FOG,4,EMP
RAD,NSR,TAI,WET,NIGHT,SINGLE,NO,RAIN,4,CARS TRUCKS
RAD,FRNT,HON,DRY,NIGHT,MULTI,MODERATE,FINE,5,NONPOW
BSP,NSR,REVERSING,DRY,DAY,BUS,LIGHT,FINE,4,CARS TRUCKS
RAD,OSF,HON,DRY,DAY,SINGLE,LIGHT,FINE,0,OTH
RAD,NSM,HON,DRY,DAY,SINGLE,LIGHT,FINE,1,ROA
BSP,REAR,N2T,DRY,DAY,BUS,LIGHT,FINE,2,EMP
BSP,OSF,N2T,DRY,DAY,SINGLE,LIGHT,FINE,1,ROA
RAD,NSR,SSW,WET,DAY,SINGLE,LIGHT,FINE,4,ROAD RAGE
RAD,MIR,SSW,WET,DAY,SINGLE,NO,RAIN,4,EMP
TIN,NSF,HON,DRY,DAY,MULTI,MODERATE,FINE,1,CARS TRUCKS
BSP,NSF,HON,DRY,DAY,SINGLE,MODERATE,FINE,4,EMP
RBT,NSM,SSW,DRY,DAY,SINGLE,NO,FINE,4,EMP
RAD,FRNT,SSW,DRY,DAY,SINGLE,LIGHT,FINE,5,OTH
RBT,NSM,SSW,DRY,DAY,SINGLE,LIGHT,FINE,4,EMP
BSP,OSF,HON,WET,DAY,SINGLE,HEAVY,RAIN,4,EMP
XRD,NSR,SSW,WET,DAY,MULTI,HEAVY,RAIN,4,EMP
RAD,NSR,SSW,DRY,NIGHT,SINGLE,LIGHT,FINE,0,GEN
BSP,OSR,SSW,DRY,DAY,SINGLE,NO,FINE,1,EMP
XRD,OSR,TAI,DRY,DAY,MULTI,MODERATE,FINE,4,EMP
XRD,FRNT,N2T,WET,DUSK,MULTI,HEAVY,FINE,1,ROA
RAD,NSR,SSW,DRY,NIGHT,SINGLE,LIGHT,FINE,1,ROA
XRD,NSF,SSW,DRY,DAY,MULTI,MODERATE,FINE,5,EMP
BSP,MIR,SSW,WET,DAY,SINGLE,LIGHT,RAIN,4,EMP
TIN,OSR,SSW,DRY,DAY,SINGLE,LIGHT,FINE,4,CARS TRUCKS
XRD,OSM,SSW,DRY,DAY,SINGLE,MODERATE,FINE,4,CARS TRUCKS
RAD,NSF,SSW,DRY,DAY,MULTI,HEAVY,FINE,4,EMP
BSP,MIR,SSW,DRY,DAY,SINGLE,LIGHT,FINE,1,EMP
BSP,MIR,SSW,DRY,DAY,SINGLE,LIGHT,FINE,4,BUS BRAKING
RAD,NSF,SSW,DRY,NIGHT,BUS,MODERATE,FINE,5,CARS TRUCKS
BSP,MIR,SSW,WET,DAY,SINGLE,MODERATE,RAIN,4,EMP
RAD,NSR,SSW,WET,DAY,SINGLE,LIGHT,RAIN,4,EMP
XRD,OSF,SSW,WET,NIGHT,MULTI,LIGHT,RAIN,5,ROA
RAD,NSF,HON,DRY,DAY,SINGLE,LIGHT,FOG,4,EMP
RAD,OSR,SSW,WET,NIGHT,SINGLE,MODERATE,RAIN,1,ROA
RAD,WSRE,SSW,DRY,DAY,BUS,LIGHT,FINE,0,GEN
RAD,REAR,TAI,DRY,NIGHT,BUS,NO,FINE,4,EMP
RAD,MIR,SSW,DRY,DAY,SINGLE,LIGHT,FINE,5,CARS TRUCKS
RAD,NSM,TBO,DRY,NIGHT,SINGLE,NO,FINE,1,CARS TRUCKS
DEPOT,NSM,SSW,DRY,DAY,SINGLE,LIGHT,FINE,1,CARS TRUCKS
RAD,REAR,SSW,DRY,DAY,MULTI,MODERATE,FINE,1,ROA
BSP,NSF,SSW,WET,DUSK,MULTI,LIGHT,RAIN,4,EMP
TIN,MIR,SSW,DRY,DAY,SINGLE,LIGHT,FINE,4,CARS TRUCKS
RAD,NSR,TAI,DRY,DAY,MULTI,MODERATE,FINE,4,EMP
RBT,OSF,TBO,DRY,STREET,SINGLE,LIGHT,FINE,4,EMP
RBT,NSM,SSW,DRY,NIGHT,SINGLE,LIGHT,FINE,4,EMP
XRD,MIR,SSW,DRY,DAY,MULTI,LIGHT,FINE,4,EMP
BSP,TOPF,ROO,DRY,DAY,MULTI,LIGHT,FINE,4,EMP
BSP,OSR,SSW,DRY,DAY,MULTI,MODERATE,FINE,1,EMP
RAD,OSR,SSW,WET,NIGHT,SINGLE,NO,RAIN,4,EMP
XRD,OSR,SSW,WET,DAY,MULTI,MODERATE,FINE,1,ROA
XRD,OSR,SSW,DRY,DAY,SINGLE,MODERATE,FINE,4,EMP
RAD,OSM,SSW,DRY,DAY,SINGLE,NO,FINE,1,CARS TRUCKS
TIN,NSM,SSW,DRY,DAY,SINGLE,LIGHT,FINE,4,EMP
BSP,MIR,SSW,DRY,DAY,BUS,MODERATE,FINE,1,CARS TRUCKS
RAD,NSM,SSW,DRY,NIGHT,MULTI,LIGHT,FINE,1,GEN
RAD,WSRE,BTMO,DRY,DAY,BUS,HEAVY,FINE,0,CARS TRUCKS
BSP,FRNT,REVERSING,DRY,DAY,BUS,LIGHT,FINE,2,EMP
RBT,OSM,SSW,DRY,DAY,MULTI,HEAVY,FINE,4,EMP
RAD,REAR,SSW,DRY,DUSK,MULTI,HEAVY,FINE,1,ROA
TIN,OSM,SSW,DRY,DAY,MULTI,HEAVY,FINE,4,EMP
RAD,WSRE,BTMO,DRY,DAWN,SINGLE,NO,FINE,4,CARS TRUCKS
RAD,REAR,REVERSING,DRY,DAY,BUS,NO,FINE,4,EMP
RAD,NSR,HON,DRY,DAY,MULTI,LIGHT,FINE,4,EMP
RAD,OSF,TBO,DRY,NIGHT,SINGLE,LIGHT,FINE,1,CARS TRUCKS
RAD,OSM,SSW,DRY,DAY,SINGLE,MODERATE,FINE,5,CARS TRUCKS
BSP,REAR,N2T,DRY,DAY,SINGLE,LIGHT,FINE,1,EMP
RAD,NSM,TBO,DRY,DAY,SINGLE,HEAVY,FINE,1,EMP
XRD,FRNT,HON,DRY,DUSK,SINGLE,LIGHT,FINE,4,EMP
RAD,OSR,SSW,DRY,STREET,SINGLE,LIGHT,FINE,1,EMP
BSP,NSR,SSW,DRY,DAY,SINGLE,LIGHT,FINE,1,GEN
RAD,OSR,SSW,DRY,DAY,SINGLE,MODERATE,FINE,4,OTH
XRD,OSM,SSW,SLIP,DAY,MULTI,HEAVY,FINE,4,EMP
RAD,NSF,SSW,WET,DAY,MULTI,LIGHT,RAIN,4,ENV
RAD,REAR,SSW,DRY,DAY,MULTI,MODERATE,FINE,4,EMP
RAD,REAR,SSW,DRY,DAY,SINGLE,LIGHT,FINE,0,EMP
BSP,REAR,SSW,DRY,DAY,BUS,LIGHT,FINE,5,CARS TRUCKS
XRD,FRNT,SSW,DRY,DAY,SINGLE,MODERATE,FINE,4,CARS TRUCKS
RAD,OSF,SSW,DRY,DAY,MULTI,MODERATE,SUN,5,CARS TRUCKS
BSP,FRNT,HON,WET,NIGHT,SINGLE,NO,RAIN,4,EMP
RAD,FRNT,HON,WET,NIGHT,SINGLE,LIGHT,RAIN,4,EMP
RAD,OSM,SSW,WET,NIGHT,MULTI,MODERATE,FINE,4,EMP
RAD,NSM,SSW,DRY,DAY,MULTI,NO,FINE,4,EMP
XRD,NSR,N2T,DRY,DAY,MULTI,LIGHT,FINE,1,CARS TRUCKS
RAD,NSR,TAI,DRY,DAY,MULTI,LIGHT,FINE,2,EMP
RAD,NSR,N2T,DRY,DUSK,SINGLE,HEAVY,FINE,1,ROA
XRD,NSF,N2T,DRY,NIGHT,MULTI,LIGHT,FINE,4,EMP
BSP,OSF,SSW,WET,DAY,MULTI,MODERATE,RAIN,2,EMP
RBT,WSRE,BTMO,DRY,DAY,SINGLE,MODERATE,FINE,4,EMP
RAD,NSM,SSW,DRY,DAY,BUS,LIGHT,FINE,4,EMP
RAD,OSF,SSW,DRY,DUSK,MULTI,HEAVY,FINE,1,CARS TRUCKS
RAD,NSM,SSW,DRY,DAY,MULTI,MODERATE,FINE,1,ROA
RAD,FRNT,TBO,WET,DAY,MULTI,MODERATE,RAIN,1,CARS TRUCKS
BSP,FRNT,HON,DRY,NIGHT,SINGLE,LIGHT,FINE,4,BUS - OTHER
BSP,WIN,SSW,DRY,NIGHT,SINGLE,LIGHT,FINE,1,EMP
RAD,NSR,SSW,WET,NIGHT,MULTI,LIGHT,RAIN,4,EMP
XRD,FRNT,N2T,DRY,DAY,SINGLE,LIGHT,FINE,4,BUS BRAKING
RAD,WSRE,HON,DRY,DAY,SINGLE,LIGHT,FINE,4,EMP
RAD,FRNT,SSW,DRY,DAWN,MULTI,NO,SUN,0,EMP
RBT,NSM,SSW,DRY,DAY,BUS,NO,FINE,4,EMP
XRD,OSM,SSW,DRY,DAY,SINGLE,MODERATE,FINE,4,EMP
RAD,TOPM,SSW,DRY,DUSK,BUS,MODERATE,FINE,4,EMP
XRD,REAR,N2T,DRY,DAY,MULTI,LIGHT,FINE,1,EMP
RAD,REAR,TAI,DRY,DAY,SINGLE,NO,FINE,4,EMP
BSP,NSR,BTMO,WET,DAY,SINGLE,HEAVY,RAIN,4,EMP
RAD,FRNT,TBO,DRY,DAY,MULTI,HEAVY,FINE,4,EMP
RAD,NSR,SSW,DRY,DAY,SINGLE,HEAVY,FINE,1,EMP
BSP,NSM,SSW,DRY,DAY,MULTI,MODERATE,FINE,0,GEN
TIN,OSF,SSW,WET,DUSK,MULTI,HEAVY,RAIN,0,PL&EQ
TIN,OSF,SSW,DRY,DAY,SINGLE,HEAVY,FINE,4,EMP
XRD,OSM,SSW,DRY,DAY,SINGLE,LIGHT,FINE,4,EMP
RAD,OSR,SSW,DRY,DAY,MULTI,LIGHT,FINE,5,CARS TRUCKS
RBT,OSM,BTMO,WET,DUSK,SINGLE,NO,RAIN,0,EMP
XRD,OSR,TBO,DRY,DAY,SINGLE,LIGHT,FINE,1,GEN
RAD,NSR,N2T,WET,DUSK,MULTI,MODERATE,RAIN,1,CARS TRUCKS
RAD,WSRE,SSW,DRY,DAY,SINGLE,MODERATE,FINE,0,ENV
RAD,REAR,N2T,DRY,DAY,MULTI,LIGHT,FINE,4,EMP
BSP,OSR,SSW,DRY,DAY,SINGLE,LIGHT,FINE,1,GEN
BSP,NSR,TAI,WET,DAY,BUS,NO,RAIN,4,EMP
RAD,OSM,SSW,DRY,DAY,MULTI,EXTREME,FINE,4,EMP
BSP,MIR,BTMO,DRY,DAY,BUS,LIGHT,FINE,4,EMP
BSP,NSR,TAI,WET,DAY,BUS,HEAVY,RAIN,4,EMP
RAD,NSF,SSW,DRY,DAY,MULTI,NO,FINE,4,EMP
RAD,OSF,HON,DRY,DAY,SINGLE,MODERATE,FINE,1,CARS TRUCKS
RAD,WSRE,HON,DRY,DAY,SINGLE,LIGHT,FINE,0,OTH
BSP,NSF,ROO,WET,DAY,BUS,LIGHT,RAIN,4,EMP
TIN,REAR,N2T,WET,DAY,SINGLE,LIGHT,RAIN,4,EMP
RAD,NSF,SSW,DRY,DUSK,SINGLE,HEAVY,FINE,1,CARS TRUCKS
RAD,FRNT,HON,DRY,DAY,MULTI,MODERATE,FINE,5,CARS TRUCKS
RAD,NSF,SSW,WET,DAY,MULTI,LIGHT,FINE,4,EMP
RAD,NSR,SSW,DRY,DAY,MULTI,LIGHT,FINE,4,CARS TRUCKS
RAD,NSM,N2T,DRY,DUSK,MULTI,LIGHT,FINE,4,EMP
RAD,NSR,REVERSING,DRY,DAY,MULTI,MODERATE,FINE,1,CARS TRUCKS
BSP,REAR,REVERSING,DRY,DAY,MULTI,LIGHT,FINE,4,EMP
RAD,MIR,SSW,DRY,DAY,SINGLE,HEAVY,FINE,5,CARS TRUCKS
RAD,MIR,SSW,DRY,DAY,BUS,LIGHT,FINE,4,EMP
RAD,OSM,SSW,DRY,DAY,SINGLE,EXTREME,FINE,4,EMP
RBT,OSM,SSW,DRY,DAY,SINGLE,LIGHT,FINE,4,EMP
XRD,OSM,SSW,DRY,DAY,SINGLE,LIGHT,FINE,1,CARS TRUCKS
RAD,MIR,SSW,DRY,NIGHT,SINGLE,NO,FINE,4,CARS TRUCKS
RAD,FRNT,N2T,DRY,NIGHT,MULTI,LIGHT,FINE,4,BUS - OTHER
RAD,NSM,SSW,DRY,DUSK,SINGLE,LIGHT,FINE,4,EMP
XRD,REAR,TAI,DRY,DAY,MULTI,MODERATE,FINE,4,EMP
XRD,OSR,TAI,DRY,DAY,MULTI,EXTREME,FINE,4,EMP
XRD,NSR,TAI,WET,DAY,MULTI,MODERATE,RAIN,1,CARS TRUCKS
BSP,NSF,SSW,WET,DAY,SINGLE,LIGHT,RAIN,4,EMP
BSP,OSR,SSW,DRY,DAY,BUS,NO,FINE,1,CARS TRUCKS
BSP,OSR,SSW,DRY,DAY,BUS,LIGHT,FINE,2,CARS TRUCKS
BSP,NSF,HON,DRY,NIGHT,SINGLE,LIGHT,FINE,4,EMP
TIN,FRNT,N2T,DRY,DUSK,SINGLE,MODERATE,FINE,4,EMP
XRD,MIR,TAI,DRY,DAY,MULTI,LIGHT,FINE,1,CARS TRUCKS
BSP,OSR,TAI,DRY,DAY,SINGLE,NO,FINE,4,EMP
TIN,NSM,SSW,DRY,DAY,BUS,MODERATE,FINE,1,CARS TRUCKS
XRD,FRNT,TBO,DRY,DAY,SINGLE,NO,FINE,1,BUS - OTHER
RAD,REAR,REVERSING,DRY,DAY,SINGLE,LIGHT,FINE,4,BUS - OTHER
RAD,NSF,SSW,DRY,NIGHT,MULTI,HEAVY,FINE,4,EMP
RAD,FRNT,N2T,DRY,DAY,SINGLE,MODERATE,FINE,4,EMP
RAD,WIN,SSW,DRY,DAY,SINGLE,LIGHT,FINE,0,GEN
BSP,NSR,SSW,DRY,DAY,BUS,LIGHT,FINE,1,EMP
RAD,NSF,SSW,WET,DAY,MULTI,LIGHT,RAIN,5,CARS TRUCKS
RAD,REAR,SSW,WET,DAY,SINGLE,HEAVY,RAIN,4,EMP
TIN,NSF,SSW,DRY,DAY,MULTI,MODERATE,FINE,1,CARS TRUCKS
RAD,FRNT,SSW,DRY,DAY,SINGLE,LIGHT,FINE,4,BUS - OTHER
RAD,WSRE,BTMO,DRY,DAWN,BUS,MODERATE,FINE,4,ENV
XRD,NSR,TAI,DRY,DAY,MULTI,LIGHT,FINE,2,BUS - OTHER
XRD,OSM,SSW,DRY,DAY,MULTI,MODERATE,FINE,5,CARS TRUCKS
RAD,NSF,HON,DRY,DAY,SINGLE,LIGHT,SUN,4,EMP
RAD,NSF,ROO,WET,DAY,SINGLE,LIGHT,RAIN,0,ENV
BSP,NSR,SSW,DRY,DAY,BUS,NO,FINE,4,EMP
BSP,FRNT,SSW,DRY,DAY,MULTI,HEAVY,FINE,1,EMP
RAD,NSM,SSW,DRY,STREET,SINGLE,NO,FINE,5,GEN
XRD,OSR,SSW,DRY,DAY,MULTI,EXTREME,FINE,4,EMP
RAD,NSR,N2T,DRY,DAY,MULTI,EXTREME,FINE,4,EMP
RAD,NSF,SSW,WET,DAY,MULTI,MODERATE,RAIN,1,CARS TRUCKS
RAD,OSM,SSW,WET,DUSK,MULTI,LIGHT,FOG,4,EMP
DEPOT,NSR,SSW,WET,DAY,MULTI,MODERATE,RAIN,1,CARS TRUCKS
RAD,FRNT,REVERSING,WET,DAY,MULTI,HEAVY,RAIN,1,CARS TRUCKS
RAD,REAR,REVERSING,DRY,DAY,SINGLE,LIGHT,RAIN,4,EMP
BSP,FRNT,ROO,DRY,DAY,SINGLE,LIGHT,FINE,4,BUS - OTHER
TIN,OSF,SSW,DRY,DAY,MULTI,LIGHT,FINE,4,EMP
TIN,NSR,BTMO,DRY,DAY,MULTI,LIGHT,FINE,4,EMP
TIN,NSF,N2T,DRY,DAY,SINGLE,MODERATE,FINE,4,EMP
RAD,OSF,SSW,DRY,DAY,SINGLE,LIGHT,FINE,0,OTH
XRD,FRNT,N2T,WET,DAY,SINGLE,LIGHT,RAIN,1,CARS TRUCKS
TIN,FRNT,TBO,DRY,DAY,SINGLE,HEAVY,FINE,1,CARS TRUCKS
TIN,NSM,SSW,DRY,DAY,MULTI,HEAVY,FINE,4,EMP
RAD,TOPR,SSW,DRY,DAY,SINGLE,LIGHT,FINE,0,PAS
BSP,OSF,SSW,DRY,DAY,BUS,NO,FINE,2,BUS - OTHER
BSP,MIR,SSW,WET,DAY,BUS,LIGHT,RAIN,4,EMP
XRD,MIR,SSW,DRY,NIGHT,MULTI,NO,FINE,4,EMP
BSP,NSR,REVERSING,DRY,NIGHT,BUS,LIGHT,FINE,4,EMP
BSP,REAR,SSW,DRY,DAY,SINGLE,EXTREME,FINE,1,CARS TRUCKS
RAD,NSR,SSW,DRY,DAWN,SINGLE,HEAVY,FINE,4,EMP
BSP,MIR,SSW,DRY,DAY,BUS,HEAVY,FINE,4,BUS - OTHER
RAD,NSR,SSW,WET,DAY,MULTI,HEAVY,RAIN,0,BUS - OTHER
RAD,NSM,SSW,DRY,DAWN,MULTI,LIGHT,FINE,1,CARS TRUCKS
RAD,MIR,SSW,DRY,DAY,SINGLE,MODERATE,FINE,4,EMP
TIN,OSM,SSW,DRY,STREET,MULTI,LIGHT,FINE,4,EMP
XRD,OSR,TBO,WET,DAWN,MULTI,LIGHT,RAIN,5,CARS TRUCKS
RAD,OSM,TAI,DRY,DAY,MULTI,HEAVY,FINE,1,CARS TRUCKS
XRD,OSR,SSW,DRY,DAY,MULTI,LIGHT,FINE,5,CARS TRUCKS
TIN,OSF,SSW,DRY,DAY,SINGLE,MODERATE,FINE,4,EMP
TIN,NSM,SSW,DRY,DAY,SINGLE,HEAVY,FINE,4,EMP
BSP,NSR,SSW,WET,DAY,SINGLE,HEAVY,RAIN,4,EMP
XRD,OSF,TBO,DRY,DAY,MULTI,MODERATE,FINE,5,CARS TRUCKS
XRD,FRNT,HON,DRY,DAY,MULTI,MODERATE,FINE,1,CARS TRUCKS
RAD,WSRE,BTMO,DRY,DUSK,SINGLE,NO,FINE,4,EMP
RAD,OSR,BTMO,DRY,DAY,MULTI,LIGHT,FINE,1,CARS TRUCKS
RBT,NSF,SSW,DRY,DAY,SINGLE,LIGHT,FINE,4,EMP
BSP,MIR,SSW,DRY,DAY,BUS,NO,FINE,2,CARS TRUCKS
BSP,OSM,SSW,DRY,NIGHT,BUS,LIGHT,FINE,4,CARS TRUCKS
RAD,MIR,HON,DRY,DAY,MULTI,LIGHT,FINE,0,EMP
RAD,NSR,SSW,DRY,DAY,MULTI,MODERATE,SUN,4,BUS - OTHER
TIN,NSM,TBO,DRY,DAY,SINGLE,LIGHT,FINE,4,CARS TRUCKS
BSP,OSR,SSW,DRY,DAY,BUS,LIGHT,FINE,1,EMP
RAD,FRNT,TAI,DRY,DAY,MULTI,LIGHT,FINE,4,EMP
XRD,NSF,SSW,SLIP,DAY,MULTI,MODERATE,RAIN,4,BUS BRAKING
TIN,OSR,SSW,DRY,DAY,MULTI,HEAVY,FINE,1,CARS TRUCKS
BSP,TOPM,SSW,DRY,DAY,SINGLE,NO,FINE,4,EMP
DEPOT,NSM,SSW,DRY,DAY,SINGLE,NO,FINE,4,CARS TRUCKS
BSP,MIR,HON,DRY,DAY,MULTI,LIGHT,FINE,4,EMP
RAD,OSR,SSW,WET,DAY,SINGLE,LIGHT,RAIN,5,EMP
RAD,NSR,SSW,DRY,DAY,MULTI,HEAVY,FINE,3,EMP
XRD,OSR,SSW,DRY,DAY,MULTI,MODERATE,FINE,4,CARS TRUCKS
XRD,OSF,HON,WET,DAY,MULTI,MODERATE,RAIN,1,BUS - OTHER
BSP,REAR,N2T,DRY,DAY,SINGLE,MODERATE,FINE,1,EMP
RAD,MIR,HON,DRY,DAY,MULTI,MODERATE,FINE,4,EMP
RAD,REAR,REVERSING,DRY,NIGHT,SINGLE,NO,FINE,4,EMP
RAD,REAR,N2T,SLIP,DAY,MULTI,MODERATE,RAIN,5,CARS TRUCKS
RAD,MIR,SSW,WET,DAY,MULTI,MODERATE,RAIN,4,EMP
RAD,NSM,SSW,WET,DAY,MULTI,LIGHT,FINE,1,CARS TRUCKS
BSP,MIR,SSW,DRY,DAY,SINGLE,MODERATE,FINE,4,PL&EQ
RAD,OSR,SSW,DRY,NIGHT,SINGLE,NO,FINE,4,EMP
RAD,FRNT,N2T,DRY,DAY,SINGLE,LIGHT,FINE,0,OTH
RAD,REAR,N2T,DRY,DAY,BUS,LIGHT,FINE,1,CARS TRUCKS
RAD,NSM,SSW,DRY,DAY,MULTI,LIGHT,FINE,0,GEN
TIN,NSR,N2T,DRY,DAY,SINGLE,LIGHT,FINE,4,EMP
BSP,FRNT,HON,DRY,DAY,BUS,NO,FINE,4,EMP
BSP,NSR,SSW,DRY,NIGHT,BUS,LIGHT,FINE,2,CARS TRUCKS
RAD,NSM,SSW,DRY,DAY,SINGLE,EXTREME,FINE,4,EMP
BSP,FRNT,HON,DRY,DAY,BUS,MODERATE,FINE,4,EMP
RAD,WSRE,SSW,DRY,DAWN,SINGLE,HEAVY,FINE,1,CARS TRUCKS
BSP,OSR,N2T,DRY,DAY,SINGLE,MODERATE,FINE,1,CARS TRUCKS
XRD,OSR,TAI,DRY,DAY,SINGLE,MODERATE,FINE,4,EMP
XRD,OSR,SSW,DRY,DAY,SINGLE,NO,FINE,4,EMP
BSP,REAR,REVERSING,DRY,DAY,SINGLE,NO,FINE,4,BUS - OTHER
RBT,REAR,SSW,DRY,DAY,SINGLE,LIGHT,FINE,4,EMP
BSP,MIR,SSW,WET,DAY,MULTI,LIGHT,FINE,4,CARS TRUCKS
BSP,OSF,REVERSING,DRY,DAY,BUS,NO,FINE,2,BUS - OTHER
RAD,FRNT,HON,DRY,DAY,MULTI,LIGHT,FINE,4,EMP
XRD,NSR,SSW,DRY,DAY,SINGLE,LIGHT,FINE,4,CARS TRUCKS
BSP,NSR,N2T,WET,DAY,MULTI,MODERATE,RAIN,1,ROA
RAD,FRNT,SSW,DRY,DAY,SINGLE,MODERATE,FINE,1,ROA
RBT,FRNT,HON,DRY,DAY,SINGLE,LIGHT,FINE,4,EMP
BSP,NSF,SSW,WET,DAY,BUS,LIGHT,FINE,4,EMP
RAD,WSRE,HON,DRY,DAY,SINGLE,LIGHT,FINE,4,CARS TRUCKS
RAD,NSF,SSW,DRY,NIGHT,MULTI,LIGHT,FINE,4,EMP
XRD,OSM,SSW,DRY,DUSK,MULTI,HEAVY,FINE,4,EMP
XRD,NSF,HON,DRY,DAY,MULTI,LIGHT,FINE,4,EMP
RAD,OSF,SSW,WET,DAY,SINGLE,HEAVY,RAIN,5,CARS TRUCKS
RAD,OSM,SSW,DRY,DAY,MULTI,EXTREME,SUN,1,CARS TRUCKS
RAD,NSF,SSW,WET,DAY,MULTI,LIGHT,RAIN,0,EMP
XRD,NSR,SSW,DRY,NIGHT,MULTI,HEAVY,FINE,4,EMP
RBT,OSR,SSW,DRY,DAY,MULTI,HEAVY,FINE,4,BUS - OTHER
BSP,TOPR,TAI,DRY,NIGHT,SINGLE,LIGHT,FINE,4,EMP
RAD,FRNT,N2T,DRY,DAY,SINGLE,HEAVY,FINE,4,CARS TRUCKS
RAD,FRNT,SSW,DRY,NIGHT,MULTI,LIGHT,FINE,1,CARS TRUCKS
RAD,Rear nearside b,SSW,DRY,DAY,SINGLE,LIGHT,FINE,4,EMP
RAD,NSR,SSW,DRY,DAY,BUS,NO,FINE,4,EMP
BSP,REAR,SSW,DRY,DAY,MULTI,LIGHT,FINE,1,EMP
RAD,NSR,BTMO,WET,DAY,SINGLE,NO,RAIN,0,OTH
BSP,OSF,SSW,DRY,DAY,SINGLE,LIGHT,FINE,4,BUS - OTHER
XRD,NSM,SSW,DRY,DAY,MULTI,HEAVY,FINE,1,EMP
RAD,REAR,SSW,DRY,DAY,SINGLE,MODERATE,FINE,4,EMP
BSP,OSR,SSW,DRY,DAY,MULTI,MODERATE,FINE,5,CARS TRUCKS
RAD,NSR,TBO,SLIP,DAY,SINGLE,LIGHT,FINE,1,CARS TRUCKS
RAD,NSM,SSW,DRY,DAY,MULTI,MODERATE,FINE,4,OTH
BSP,FRNT,REVERSING,WET,DAY,SINGLE,LIGHT,FINE,1,BUS - OTHER
BSP,WIN,SSW,DRY,NIGHT,BUS,LIGHT,FINE,3,EMP
BSP,NSM,SSW,WET,NIGHT,SINGLE,LIGHT,RAIN,4,EMP
RAD,FRNT,SSW,DRY,DAY,SINGLE,HEAVY,FINE,1,ROA
BSP,MIR,SSW,WET,DAY,MULTI,LIGHT,FINE,1,EMP
BSP,MIR,SSW,WET,NIGHT,MULTI,LIGHT,RAIN,4,EMP
XRD,FRNT,HON,DRY,DAY,MULTI,LIGHT,FINE,4,EMP
RBT,OSM,SSW,DRY,DAY,SINGLE,LIGHT,FINE,1,ROA
XRD,NSM,SSW,WET,NIGHT,MULTI,MODERATE,RAIN,1,EMP
XRD,NSM,SSW,DRY,NIGHT,MULTI,LIGHT,FINE,4,EMP
RAD,OSM,SSW,DRY,DAY,SINGLE,LIGHT,FINE,0,CARS TRUCKS
BSP,FRNT,SSW,DRY,DAY,SINGLE,NO,FINE,1,EMP
RAD,OSR,SSW,WET,DAWN,MULTI,LIGHT,RAIN,4,EMP
BSP,MIR,SSW,DRY,DUSK,BUS,HEAVY,FINE,4,EMP
RAD,NSR,SSW,WET,NIGHT,MULTI,NO,RAIN,1,EMP
BSP,NSR,SSW,WET,NIGHT,SINGLE,HEAVY,RAIN,4,EMP
BSP,MIR,SSW,DRY,DAY,MULTI,HEAVY,FINE,1,EMP
BSP,NSM,SSW,DRY,DAY,SINGLE,EXTREME,FINE,4,EMP
BSP,MIR,SSW,WET,DAY,BUS,EXTREME,RAIN,1,EMP
RAD,OSR,SSW,WET,DAY,MULTI,LIGHT,RAIN,1,EMP
RAD,NSR,SSW,DRY,NIGHT,BUS,LIGHT,FINE,1,EMP
RAD,OSF,SSW,WET,STREET,FREE,MODERATE,RAIN,1,EMP
RAD,WIN,SSW,DRY,DAY,MULTI,LIGHT,FINE,1,EMP
XRD,FRNT,SSW,DRY,DAY,MULTI,NO,FINE,5,EMP
RAD,OSF,SSW,DRY,DAY,SINGLE,LIGHT,FINE,0,GEN
TIN,FRNT,HON,DRY,DAY,MULTI,LIGHT,FINE,1,ROA
BSP,NSR,SSW,DRY,DAY,MULTI,LIGHT,FINE,1,ROA
RAD,OSF,SSW,DRY,DAY,MULTI,MODERATE,FINE,4,ROA