location_code,damage_code,collision_code,road_code,light_code,road_type_code,traffic_code,weather_code,emp_liability_code,kpi_cause_code
RAD,OSR,SSW,DRY,DAY,FREE,MODERATE,FINE,4,EMP
RAD,OSF,SSW,DRY,DAY,MULTI,HEAVY,FINE,1,EMP
TIN,FRNT,TBO,DRY,DAY,SINGLE,HEAVY,FINE,1,EMP
RAD,FRNT,N2T,DRY,DAWN,MULTI,LIGHT,FINE,4,EMP
RAD,NSF,SSW,DRY,NIGHT,SINGLE,NO,ICE,4,EMP
RAD,NSF,SSW,WET,DAY,MULTI,MODERATE,RAIN,4,EMP
BSP,REAR,HON,DRY,DAY,SINGLE,LIGHT,FINE,1,EMP
XRD,REAR,N2T,DRY,DAY,MULTI,MODERATE,FINE,1,EMP
BSP,NSF,SSW,WET,NIGHT,MULTI,LIGHT,FINE,4,EMP
BSP,OSR,TAI,DRY,DAY,MULTI,LIGHT,FINE,4,EMP
RAD,NSM,SSW,DRY,DAY,MULTI,LIGHT,FINE,0,EMP
BSP,NSR,SSW,WET,DAY,BUS,LIGHT,FINE,4,EMP
RBT,NSR,SSW,DRY,DAY,MULTI,HEAVY,FINE,4,EMP
RBT,REAR,SSW,DRY,DUSK,SINGLE,LIGHT,FINE,4,EMP
BSP,NSF,SSW,DRY,DAY,SINGLE,LIGHT,FINE,1,EMP
RAD,NSF,HON,DRY,DAY,SINGLE,LIGHT,FINE,1,EMP
XRD,NSF,SSW,DRY,DAY,SINGLE,LIGHT,FINE,1,EMP
XRD,MIR,HON,DRY,DAY,SINGLE,LIGHT,FINE,1,ROA
XRD,OSM,SSW,DRY,DAY,MULTI,HEAVY,FINE,4,EMP
RAD,OSR,BTMO,DRY,DAY,SINGLE,NO,FINE,4,EMP
RAD,FRNT,SSW,WET,NIGHT,MULTI,HEAVY,RAIN,1,EMP
RAD,NSF,SSW,WET,NIGHT,MULTI,LIGHT,RAIN,0,ENV
RAD,NSM,TBO,DRY,DAY,SINGLE,NO,FINE,1,EMP
RAD,NSR,N2T,DRY,DAY,SINGLE,LIGHT,FINE,0,CARS TRUCKS
RAD,REAR,N2T,DRY,DAY,MULTI,LIGHT,FINE,1,EMP
XRD,MIR,SSW,DRY,DAY,SINGLE,LIGHT,FINE,1,EMP
RAD,NSM,SSW,DRY,NIGHT,BUS,NO,FINE,4,EMP
RAD,NSF,SSW,DRY,DAY,SINGLE,LIGHT,FINE,0,EMP
RAD,NSM,SSW,WET,DAY,SINGLE,MODERATE,RAIN,1,EMP
RAD,REAR,REVERSING,DRY,DAY,MULTI,MODERATE,FINE,4,CARS TRUCKS
BSP,REAR,SSW,DRY,DAY,MULTI,HEAVY,FINE,1,EMP
BSP,NSF,SSW,DRY,DAY,SINGLE,MODERATE,FINE,4,CARS TRUCKS
XRD,MIR,SSW,DRY,DAY,MULTI,HEAVY,FINE,5,EMP
XRD,OSF,SSW,DRY,DAY,MULTI,HEAVY,FINE,1,ROA
RAD,NSF,N2T,DRY,NIGHT,SINGLE,LIGHT,FINE,4,EMP
RAD,NSF,HON,DRY,DAY,MULTI,LIGHT,FINE,4,EMP
XRD,NSR,TAI,DRY,DAY,MULTI,MODERATE,FINE,1,EMP
RAD,NSR,TAI,DRY,DAY,SINGLE,MODERATE,RAIN,4,CARS TRUCKS
XRD,OSF,SSW,DRY,DAY,MULTI,HEAVY,FINE,1,CYC
XRD,OSF,SSW,DRY,DAWN,MULTI,LIGHT,FINE,1,EMP
RAD,OSR,SSW,DRY,DAY,SINGLE,MODERATE,FINE,4,EMP
RAD,NSF,SSW,DRY,DAY,MULTI,LIGHT,FINE,1,ROA
XRD,NSM,SSW,DRY,DAWN,SINGLE,LIGHT,FINE,4,EMP
RAD,WSRE,HON,DRY,DAY,MULTI,MODERATE,FINE,0,EMP
TIN,OSR,TBO,DRY,DAY,MULTI,LIGHT,FINE,4,EMP
TIN,NSM,SSW,DRY,DAY,MULTI,LIGHT,FINE,4,EMP
RAD,OSR,TBO,DRY,NIGHT,MULTI,LIGHT,FINE,1,EMP
RAD,NSF,N2T,DRY,DAY,MULTI,HEAVY,FINE,4,EMP
RAD,OSM,SSW,WET,DAY,SINGLE,HEAVY,RAIN,4,CARS TRUCKS
RAD,NSR,SSW,DRY,DAY,SINGLE,HEAVY,FINE,1,ROA
XRD,OSM,SSW,DRY,DAY,MULTI,HEAVY,FINE,1,EMP
RAD,OSF,TBO,DRY,DAY,MULTI,HEAVY,FINE,1,EMP
BSP,MIR,SSW,DRY,DAY,SINGLE,MODERATE,FINE,4,CARS TRUCKS
XRD,OSM,SSW,DRY,DAY,MULTI,HEAVY,FINE,4,CARS TRUCKS
RBT,REAR,SSW,WET,DAY,SINGLE,NO,FINE,5,EMP
TIN,FRNT,BTMO,DRY,DAY,SINGLE,MODERATE,FINE,4,EMP
RAD,REAR,TBO,DRY,DAY,SINGLE,LIGHT,FINE,1,ROA
RAD,NSR,SSW,DRY,NIGHT,SINGLE,NO,FINE,4,CARS TRUCKS
XRD,NSF,SSW,DRY,DAY,MULTI,MODERATE,FINE,4,EMP
BSP,WSRE,BTMO,DRY,DAY,SINGLE,LIGHT,FINE,4,EMP
RAD,OSF,TBO,WET,DAY,MULTI,HEAVY,RAIN,1,EMP
RAD,OSR,SSW,DRY,DAY,MULTI,MODERATE,FINE,1,EMP
RAD,MIR,SSW,DRY,NIGHT,SINGLE,NO,FINE,4,EMP
BSP,OSF,HON,DRY,DAY,SINGLE,LIGHT,FINE,4,EMP
TIN,NSF,SSW,DRY,DAY,SINGLE,LIGHT,FINE,4,CARS TRUCKS
XRD,OSR,SSW,DRY,DAY,MULTI,HEAVY,FINE,1,EMP
XRD,FRNT,N2T,DRY,DAY,SINGLE,LIGHT,FINE,4,EMP
RAD,MIR,SSW,DRY,DAY,SINGLE,LIGHT,FINE,1,ROA
RAD,OSF,SSW,DRY,DAY,MULTI,EXTREME,FINE,3,EMP
XRD,NSM,TBO,DRY,DAY,MULTI,HEAVY,FINE,1,EMP
BSP,OSR,SSW,DRY,DUSK,SINGLE,LIGHT,FINE,1,EMP
BSP,TOPR,SSW,DRY,DAY,SINGLE,NO,FINE,4,CARS TRUCKS
RAD,MIR,SSW,WET,NIGHT,MULTI,LIGHT,RAIN,4,EMP
BSP,MIR,SSW,WET,DAY,BUS,LIGHT,FINE,1,EMP
RBT,OSR,SSW,DRY,DAY,SINGLE,MODERATE,FINE,4,EMP
RAD,MIR,SSW,DRY,NIGHT,BUS,NO,FINE,4,EMP
RAD,NSF,TAI,DRY,DAY,SINGLE,LIGHT,FINE,4,EMP
RAD,NSR,SSW,DRY,STREET,SINGLE,NO,FINE,4,EMP
DEPOT,NSF,HON,DRY,DAY,SINGLE,LIGHT,FINE,4,EMP
XRD,OSR,SSW,DRY,DAY,MULTI,MODERATE,FINE,5,CARS TRUCKS
BSP,OSF,SSW,DRY,DAY,SINGLE,NO,FINE,4,BUS - OTHER
BSP,OSM,SSW,DRY,DAY,MULTI,MODERATE,FINE,4,CARS TRUCKS
BSP,NSF,SSW,DRY,DAY,BUS,NO,SUN,4,CARS TRUCKS
TIN,NSR,SSW,DRY,DUSK,SINGLE,NO,FINE,4,EMP
RAD,OSR,SSW,DRY,DAY,MULTI,LIGHT,FINE,4,NONPOW
RBT,NSM,SSW,DRY,DAY,MULTI,MODERATE,FINE,1,EMP
RAD,NSF,SSW,WET,NIGHT,MULTI,LIGHT,RAIN,4,EMP
RAD,OSR,SSW,WET,NIGHT,MULTI,NO,RAIN,4,EMP
RAD,NSM,SSW,DRY,DAY,MULTI,LIGHT,FINE,4,BUS - OTHER
BSP,MIR,HON,DRY,DAWN,BUS,MODERATE,FINE,4,EMP
XRD,MIR,SSW,DRY,DAY,MULTI,LIGHT,FINE,1,EMP
XRD,NSF,TBO,DRY,DAY,SINGLE,LIGHT,FINE,1,CARS TRUCKS
XRD,OSF,SSW,DRY,DAWN,MULTI,LIGHT,FINE,1,CARS TRUCKS
BSP,MIR,SSW,DRY,DAY,BUS,LIGHT,SUN,4,EMP
BSP,MIR,SSW,DRY,DAY,SINGLE,NO,FINE,0,OTH
RAD,OSR,REVERSING,DRY,DAY,SINGLE,LIGHT,FINE,1,CARS TRUCKS
BSP,TOPF,ROO,DRY,DAY,BUS,NO,FINE,4,EMP
BSP,REAR,N2T,DRY,DAY,BUS,NO,FINE,2,CARS TRUCKS
RAD,NSF,N2T,DRY,DAY,MULTI,LIGHT,FINE,0,GEN
BSP,NSR,TAI,DRY,DAY,BUS,NO,FINE,4,EMP
RAD,FRNT,SSW,DRY,DAY,MULTI,NO,FINE,4,CARS TRUCKS
RAD,REAR,SSW,WET,DAY,SINGLE,LIGHT,RAIN,4,EMP
RAD,MIR,SSW,DRY,DAWN,MULTI,LIGHT,FINE,5,CARS TRUCKS
BSP,NSF,SSW,DRY,DAY,BUS,HEAVY,FINE,1,CARS TRUCKS
RAD,TOPF,SSW,DRY,DAY,SINGLE,LIGHT,FINE,1,EMP
RAD,MIR,SSW,DRY,DAY,SINGLE,LIGHT,FINE,2,BUS - OTHER
BSP,WSRE,HON,WET,DUSK,MULTI,LIGHT,RAIN,0,ENV
RAD,WIN,SSW,DRY,DAY,SINGLE,LIGHT,FINE,3,EMP
RAD,NSF,SSW,DRY,DAY,SINGLE,LIGHT,SUN,4,EMP
RAD,WSRE,N2T,DRY,DAY,SINGLE,LIGHT,FINE,1,EMP
RAD,WSRE,SSW,WET,DAY,SINGLE,MODERATE,RAIN,4,EMP
RAD,NSR,SSW,DRY,NIGHT,SINGLE,NO,FINE,4,EMP
XRD,OSM,SSW,WET,DAWN,MULTI,LIGHT,FINE,4,EMP
BSP,NSF,SSW,DRY,DAY,SINGLE,MODERATE,FINE,4,EMP
RAD,NSF,SSW,DRY,DAWN,SINGLE,NO,FINE,4,EMP
RAD,TOPF,SSW,DRY,DAY,SINGLE,MODERATE,FINE,4,EMP
BSP,WIN,SSW,DRY,DAY,SINGLE,LIGHT,FINE,1,EMP
RBT,FRNT,HON,DRY,DUSK,BUS,HEAVY,FINE,4,EMP
RAD,WSRE,SSW,DRY,NIGHT,SINGLE,NO,FINE,4,EMP
RAD,WSRE,HON,DRY,DAY,SINGLE,MODERATE,FINE,1,EMP
RAD,FRNT,SSW,WET,DAY,BUS,HEAVY,RAIN,1,EMP
BSP,MIR,SSW,WET,DUSK,SINGLE,HEAVY,RAIN,4,EMP
RAD,WSRE,SSW,DRY,NIGHT,SINGLE,MODERATE,FINE,1,EMP
RAD,NSM,SSW,DRY,DAY,SINGLE,MODERATE,FINE,1,EMP
RAD,WSRE,HON,DRY,DAY,MULTI,LIGHT,FINE,1,EMP
RAD,OSR,SSW,DRY,DAY,SINGLE,NO,FINE,1,EMP
RAD,OSM,SSW,WET,DAY,SINGLE,LIGHT,RAIN,4,EMP
XRD,NSR,SSW,DRY,DUSK,MULTI,HEAVY,FINE,4,EMP
RAD,OSR,SSW,WET,DAY,SINGLE,LIGHT,RAIN,4,EMP
RAD,WSRE,SSW,DRY,DAY,MULTI,MODERATE,FINE,4,EMP
BSP,MIR,HON,WET,NIGHT,SINGLE,NO,RAIN,4,EMP
RAD,WSRE,SSW,DRY,DAY,BUS,LIGHT,FINE,1,EMP
RAD,WIN,SSW,DRY,DAY,SINGLE,NO,FINE,1,EMP
RAD,REAR,SSW,DRY,DAY,MULTI,LIGHT,FINE,1,EMP
RBT,MIR,SSW,DRY,DAY,SINGLE,LIGHT,FINE,4,EMP
RAD,MIR,SSW,DRY,DAY,MULTI,HEAVY,FINE,1,EMP
TIN,NSR,SSW,DRY,DAY,SINGLE,MODERATE,FINE,1,EMP
RAD,TOPF,SSW,DRY,DAY,MULTI,MODERATE,SUN,4,EMP
RAD,NSF,SSW,DRY,DAY,BUS,NO,FINE,4,EMP
BSP,NSF,SSW,DRY,NIGHT,SINGLE,NO,FINE,4,EMP
BSP,WIN,SSW,DRY,DUSK,MULTI,NO,FINE,1,EMP
BSP,NSR,SSW,DRY,DAY,MULTI,MODERATE,FINE,1,EMP
RAD,OSM,SSW,WET,DAY,SINGLE,LIGHT,RAIN,1,EMP
RAD,NSR,SSW,DRY,NIGHT,SINGLE,LIGHT,FINE,1,EMP
BSP,MIR,SSW,DRY,DAY,MULTI,MODERATE,FINE,1,EMP
BSP,REAR,N2T,DRY,DAY,MULTI,LIGHT,FINE,1,EMP
RAD,NSF,SSW,DRY,DAY,SINGLE,EXTREME,FINE,4,EMP
BSP,NSR,SSW,WET,DAY,SINGLE,LIGHT,RAIN,1,EMP
BSP,NSR,SSW,DRY,NIGHT,MULTI,MODERATE,FINE,1,EMP
BSP,WIN,SSW,WET,NIGHT,BUS,LIGHT,RAIN,4,EMP
RAD,NSF,SSW,WET,DAY,MULTI,MODERATE,RAIN,1,EMP
RAD,MIR,SSW,WET,DAY,SINGLE,MODERATE,RAIN,1,EMP
RAD,NSM,SSW,WET,DAY,SINGLE,MODERATE,FINE,1,EMP
RAD,NSR,SSW,DRY,DAY,BUS,HEAVY,FINE,1,EMP
BSP,NSR,SSW,WET,DAY,MULTI,HEAVY,RAIN,1,EMP
RAD,MIR,SSW,SLIP,DAY,MULTI,MODERATE,RAIN,1,EMP
RAD,WSRE,SSW,DRY,NIGHT,MULTI,LIGHT,FINE,4,EMP
RAD,NSF,SSW,DRY,DAY,MULTI,NO,FINE,3,EMP
RAD,FRNT,SSW,WET,DAY,SINGLE,MODERATE,SUN,4,EMP
XRD,OSM,SSW,DRY,NIGHT,MULTI,LIGHT,FINE,4,EMP
RAD,WIN,SSW,DRY,NIGHT,MULTI,LIGHT,FINE,1,EMP
BSP,MIR,SSW,SLIP,DAY,SINGLE,NO,RAIN,4,EMP
RAD,NSM,SSW,WET,NIGHT,SINGLE,NO,RAIN,3,EMP
RAD,NSF,SSW,WET,DAWN,MULTI,LIGHT,RAIN,4,EMP
BSP,OSR,TBO,DRY,DAY,MULTI,HEAVY,FINE,1,EMP
RAD,REAR,SSW,DRY,STREET,SINGLE,NO,FINE,4,EMP
RAD,NIL,SSW,DRY,DAY,SINGLE,LIGHT,FINE,4,EMP
XRD,OSR,SSW,DRY,DAY,MULTI,LIGHT,FINE,1,EMP
XRD,MIR,SSW,DRY,DAY,SINGLE,MODERATE,FINE,1,EMP
BSP,NSR,SSW,DRY,NIGHT,SINGLE,MODERATE,FINE,4,EMP
RAD,OSF,SSW,WET,DAY,MULTI,LIGHT,RAIN,1,EMP
RAD,OSF,SSW,DRY,DAY,SINGLE,HEAVY,FINE,1,EMP
RAD,OSM,SSW,DRY,DAY,MULTI,HEAVY,FINE,1,EMP
RAD,MIR,SSW,WET,DUSK,MULTI,MODERATE,RAIN,4,EMP
RAD,OSR,SSW,DRY,DAY,MULTI,HEAVY,SUN,1,EMP
RBT,MIR,SSW,DRY,DAY,SINGLE,NO,FINE,4,EMP
XRD,NSM,SSW,DRY,DAY,SINGLE,LIGHT,FINE,1,EMP
RAD,OSR,N2T,DRY,DAY,SINGLE,LIGHT,FINE,4,EMP
BSP,NSR,SSW,DRY,NIGHT,SINGLE,NO,FINE,4,EMP
RAD,FRNT,SSW,DRY,DUSK,SINGLE,LIGHT,FINE,1,EMP
RAD,OSM,SSW,DRY,NIGHT,MULTI,LIGHT,FINE,1,EMP
RAD,FRNT,N2T,WET,DUSK,MULTI,HEAVY,RAIN,4,EMP
RAD,WSRE,SSW,WET,NIGHT,SINGLE,LIGHT,RAIN,1,EMP
BSP,OSR,SSW,WET,DAY,BUS,NO,RAIN,1,EMP
BSP,WIN,SSW,DRY,DAY,SINGLE,MODERATE,FINE,1,EMP
RAD,NSR,SSW,DRY,NIGHT,MULTI,LIGHT,FINE,1,EMP
BSP,NSF,SSW,DRY,DAY,MULTI,LIGHT,FINE,3,EMP
XRD,WIN,SSW,DRY,DAY,SINGLE,LIGHT,FINE,3,EMP
RAD,MIR,SSW,DRY,DAY,SINGLE,NO,FINE,1,EMP
BSP,NSR,SSW,DRY,DAY,SINGLE,MODERATE,FINE,3,EMP
RAD,MIR,SSW,WET,DAY,MULTI,EXTREME,RAIN,1,EMP
XRD,OSR,SSW,DRY,DAY,SINGLE,LIGHT,FINE,1,EMP
BSP,OSR,N2T,SLIP,DAY,MULTI,MODERATE,RAIN,1,EMP
RAD,WSRE,SSW,WET,DAWN,MULTI,LIGHT,RAIN,3,EMP
RAD,NSF,SSW,WET,DAWN,SINGLE,LIGHT,RAIN,4,EMP
TIN,NSR,SSW,DRY,DAWN,SINGLE,MODERATE,FINE,4,EMP
RAD,NSR,SSW,DRY,STREET,SINGLE,LIGHT,FINE,1,EMP
BSP,OSF,SSW,DRY,DAY,MULTI,LIGHT,FINE,1,EMP
BSP,NSF,SSW,WET,DAY,SINGLE,MODERATE,RAIN,4,EMP
RAD,NSR,SSW,WET,DAY,SINGLE,LIGHT,RAIN,3,EMP
BSP,OSF,SSW,DRY,DUSK,SINGLE,MODERATE,FINE,4,EMP
XRD,NSF,SSW,WET,DUSK,MULTI,MODERATE,RAIN,4,EMP
XRD,OSF,SSW,WET,DAY,MULTI,MODERATE,RAIN,1,EMP
RBT,OSR,SSW,DRY,DAY,SINGLE,LIGHT,FINE,3,EMP
RAD,NSF,N2T,DRY,DAY,MULTI,LIGHT,FINE,4,EMP
RAD,WSRE,SSW,WET,DAY,SINGLE,LIGHT,FINE,4,EMP
XRD,NSM,SSW,DRY,DAY,MULTI,MODERATE,FINE,1,EMP
TIN,NSF,SSW,DRY,DAY,SINGLE,MODERATE,FINE,1,EMP
BSP,MIR,SSW,SLIP,DAY,BUS,LIGHT,RAIN,4,EMP
BSP,NSF,SSW,DRY,DAY,SINGLE,LIGHT,FINE,3,EMP
TIN,NSM,SSW,WET,DAY,SINGLE,LIGHT,FINE,4,EMP
XRD,NSF,TBO,DRY,DAY,SINGLE,LIGHT,FINE,3,EMP
BSP,NSR,SSW,DRY,DAY,SINGLE,LIGHT,FINE,3,EMP
XRD,REAR,N2T,DRY,DAY,SINGLE,LIGHT,FINE,1,EMP
RBT,WSRE,SSW,DRY,DAY,SINGLE,HEAVY,FINE,1,EMP
RAD,OSF,SSW,WET,NIGHT,SINGLE,LIGHT,RAIN,3,EMP
RBT,NSR,SSW,DRY,DAY,SINGLE,LIGHT,FINE,3,EMP
BSP,REAR,SSW,DRY,DAY,SINGLE,LIGHT,FINE,3,EMP
TIN,OSR,SSW,WET,DAY,MULTI,MODERATE,RAIN,4,EMP
BSP,OSR,SSW,DRY,NIGHT,SINGLE,LIGHT,FINE,1,EMP
RAD,OSR,SSW,DRY,DAY,MULTI,HEAVY,FINE,3,EMP
BSP,NSF,SSW,WET,DAY,MULTI,HEAVY,RAIN,4,EMP
TIN,NSF,SSW,DRY,DAY,MULTI,LIGHT,FINE,1,EMP
RAD,OSF,SSW,SLIP,NIGHT,SINGLE,LIGHT,RAIN,4,EMP
BSP,OSF,SSW,DRY,DAY,SINGLE,LIGHT,FINE,3,EMP
BSP,REAR,SSW,DRY,DAY,BUS,LIGHT,FINE,1,EMP
RBT,OSM,SSW,DRY,NIGHT,SINGLE,LIGHT,FINE,4,EMP
RAD,OSF,SSW,DRY,DUSK,SINGLE,NO,FINE,1,EMP
RAD,MIR,SSW,DRY,NIGHT,MULTI,MODERATE,FINE,4,EMP
TIN,MIR,SSW,DRY,DAWN,SINGLE,HEAVY,FINE,4,EMP
RAD,REAR,SSW,DRY,STREET,SINGLE,LIGHT,FINE,4,EMP
BSP,WIN,SSW,DRY,DAY,SINGLE,LIGHT,FINE,3,EMP
BSP,OSR,SSW,DRY,DAY,MULTI,LIGHT,FINE,1,EMP
XRD,MIR,SSW,DRY,DAY,MULTI,HEAVY,FINE,1,EMP
RAD,OSF,SSW,DRY,DAY,FREE,MODERATE,FINE,1,EMP
XRD,NSM,SSW,DRY,DAY,SINGLE,MODERATE,FINE,4,EMP
RAD,NSM,SSW,SLIP,DUSK,SINGLE,MODERATE,RAIN,4,EMP
RAD,OSM,SSW,SLIP,DUSK,SINGLE,EXTREME,FINE,1,EMP
RAD,NSR,TBO,DRY,DAY,BUS,MODERATE,FINE,1,EMP
RAD,WIN,SSW,DRY,STREET,SINGLE,NO,FINE,1,EMP
RBT,FRNT,SSW,DRY,DAY,MULTI,HEAVY,FINE,1,EMP
RAD,NSF,SSW,DRY,DAY,SINGLE,NO,FINE,1,EMP
RAD,TOPM,SSW,DRY,DAY,SINGLE,LIGHT,FINE,1,EMP
BSP,WSRE,SSW,DRY,DAY,SINGLE,LIGHT,FINE,4,EMP
TIN,OSF,SSW,DRY,DAY,SINGLE,LIGHT,FINE,1,EMP
BSP,OSF,SSW,WET,DAY,SINGLE,NO,RAIN,4,EMP
RBT,FRNT,SSW,DRY,DAY,SINGLE,LIGHT,FINE,1,EMP
BSP,NSR,N2T,DRY,DAY,MULTI,LIGHT,FINE,1,EMP
TIN,NSF,SSW,DRY,DAY,MULTI,MODERATE,FINE,1,EMP
TIN,NSR,SSW,DRY,DAY,SINGLE,LIGHT,FINE,3,EMP
TIN,FRNT,SSW,DRY,DAY,SINGLE,MODERATE,FINE,1,EMP
RAD,NSM,SSW,DRY,DAWN,SINGLE,LIGHT,FINE,3,EMP
RBT,FRNT,SSW,DRY,DAY,SINGLE,MODERATE,FINE,1,EMP
RAD,NSR,SSW,WET,DAWN,SINGLE,MODERATE,FINE,4,EMP
TIN,MIR,SSW,WET,DAY,SINGLE,HEAVY,FINE,1,EMP
BSP,OSR,SSW,DRY,DAY,SINGLE,MODERATE,FINE,1,EMP
BSP,NSR,TBO,WET,DAY,SINGLE,LIGHT,RAIN,3,EMP
RAD,NSF,SSW,DRY,DAWN,MULTI,MODERATE,FINE,4,EMP
BSP,NSR,SSW,DRY,DAY,SINGLE,NO,FINE,1,EMP
RAD,NSF,SSW,WET,DAY,MULTI,HEAVY,RAIN,3,EMP
BSP,WIN,SSW,DRY,DAY,SINGLE,NO,FINE,1,EMP
BSP,OSR,N2T,DRY,DAY,MULTI,MODERATE,FINE,1,EMP
TIN,OSF,SSW,DRY,DUSK,MULTI,HEAVY,SUN,4,EMP
RAD,NSF,SSW,WET,DAY,MULTI,HEAVY,SUN,3,EMP
RAD,MIR,SSW,DRY,DAY,MULTI,EXTREME,FINE,1,EMP
BSP,REAR,N2T,DRY,DUSK,SINGLE,NO,FINE,4,EMP
BSP,OSF,SSW,SLIP,DUSK,SINGLE,LIGHT,FINE,1,EMP
RAD,OSF,SSW,DRY,DAY,MULTI,EXTREME,FINE,1,EMP
BSP,NSM,SSW,DRY,DAY,SINGLE,LIGHT,FINE,1,EMP
XRD,NSM,SSW,DRY,DAY,MULTI,LIGHT,FINE,1,EMP
TIN,MIR,SSW,DRY,DAY,SINGLE,LIGHT,FINE,1,EMP
BSP,MIR,SSW,DRY,DAY,MULTI,MODERATE,SUN,4,EMP
RAD,WSRE,SSW,DRY,DAY,MULTI,HEAVY,FINE,1,EMP
RAD,NSM,TBO,WET,NIGHT,SINGLE,NO,RAIN,1,EMP
RAD,NSR,SSW,WET,DAY,MULTI,LIGHT,FINE,1,EMP
RAD,NSR,SSW,DRY,DAY,MULTI,HEAVY,FOG,4,EMP
BSP,WIN,SSW,DRY,DAY,BUS,NO,FINE,4,EMP
BSP,NSF,SSW,DRY,DAY,MULTI,NO,FINE,4,EMP
BSP,NSR,SSW,DRY,DAWN,MULTI,MODERATE,FINE,4,EMP
TIN,REAR,N2T,DRY,DAY,SINGLE,MODERATE,FINE,3,EMP
XRD,NSM,SSW,DRY,DAY,SINGLE,MODERATE,FINE,1,EMP
RAD,NSR,SSW,WET,DUSK,MULTI,MODERATE,RAIN,4,EMP
XRD,MIR,SSW,DRY,NIGHT,SINGLE,LIGHT,RAIN,1,EMP
RAD,OSF,TBO,DRY,DAY,SINGLE,LIGHT,FINE,1,EMP
RBT,NSR,SSW,DRY,DAY,SINGLE,LIGHT,FINE,1,EMP
RAD,MIR,SSW,WET,NIGHT,MULTI,MODERATE,RAIN,4,EMP
RAD,REAR,SSW,DRY,DAY,BUS,LIGHT,FINE,1,EMP
RAD,NSM,SSW,DRY,STREET,SINGLE,NO,FINE,4,EMP
XRD,OSF,TBO,DRY,DAY,SINGLE,MODERATE,FINE,1,EMP
XRD,NSM,SSW,DRY,DAY,BUS,HEAVY,FINE,4,EMP
RAD,OSR,SSW,WET,DAY,MULTI,MODERATE,RAIN,4,EMP
BSP,OSF,SSW,DRY,DAY,MULTI,LIGHT,FINE,4,EMP
RAD,NSM,SSW,DRY,STREET,SINGLE,LIGHT,FINE,1,EMP
RAD,FRNT,N2T,DRY,DAY,BUS,MODERATE,FINE,4,EMP
RAD,NSF,SSW,DRY,DAY,SINGLE,LIGHT,FOG,4,EMP
RAD,MIR,SSW,WET,DAY,SINGLE,LIGHT,FINE,1,EMP
TIN,OSR,SSW,WET,NIGHT,SINGLE,HEAVY,RAIN,4,EMP
XRD,WSRE,SSW,DRY,NIGHT,SINGLE,LIGHT,FINE,1,EMP
TIN,NSR,SSW,SLIP,DAY,SINGLE,MODERATE,FINE,1,EMP
RAD,NSF,SSW,DRY,DUSK,MULTI,EXTREME,FINE,4,EMP
RBT,MIR,SSW,WET,DAY,MULTI,HEAVY,RAIN,1,EMP
TIN,FRNT,N2T,DRY,NIGHT,SINGLE,LIGHT,FINE,4,EMP
XRD,OSF,HON,WET,NIGHT,MULTI,HEAVY,RAIN,1,EMP
RAD,OSF,SSW,DRY,DAY,SINGLE,LIGHT,SUN,4,EMP
RAD,OSF,SSW,DRY,DAWN,BUS,LIGHT,FINE,4,EMP
BSP,NSR,SSW,WET,NIGHT,BUS,NO,RAIN,4,EMP
RAD,OSR,SSW,DRY,NIGHT,SINGLE,LIGHT,FINE,4,EMP
RAD,REAR,SSW,DRY,NIGHT,SINGLE,LIGHT,FINE,1,EMP
BSP,OSM,N2T,DRY,DAY,SINGLE,LIGHT,FINE,1,EMP
RBT,OSM,SSW,WET,DAY,SINGLE,MODERATE,RAIN,1,EMP
RAD,TOPR,SSW,DRY,DAY,SINGLE,NO,FINE,4,EMP
XRD,NSM,TBO,WET,NIGHT,MULTI,LIGHT,RAIN,1,EMP
BSP,TOPF,SSW,WET,DUSK,SINGLE,HEAVY,FINE,4,EMP
RAD,FRNT,N2T,DRY,DAWN,SINGLE,NO,FINE,4,EMP
BSP,WSRE,SSW,DRY,DAY,SINGLE,LIGHT,FINE,1,EMP
XRD,NSF,HON,WET,DAWN,MULTI,NO,RAIN,1,EMP
TIN,FRNT,SSW,WET,DAY,MULTI,LIGHT,FINE,4,EMP
RBT,OSM,SSW,DRY,DAY,MULTI,LIGHT,FINE,4,EMP
RAD,NSF,SSW,DRY,DAY,FREE,LIGHT,FINE,1,EMP
BSP,WSRE,SSW,WET,DUSK,BUS,MODERATE,RAIN,1,EMP
XRD,OSF,SSW,WET,DAWN,MULTI,LIGHT,RAIN,1,EMP
RAD,REAR,SSW,DRY,DAY,MULTI,MODERATE,FINE,1,EMP
RAD,OSF,N2T,SLIP,DAY,SINGLE,MODERATE,FINE,1,EMP
RAD,OSR,SSW,DRY,NIGHT,SINGLE,NO,FINE,1,EMP
RAD,REAR,SSW,DRY,DAY,SINGLE,NO,FINE,1,EMP
RAD,OSF,SSW,WET,NIGHT,SINGLE,LIGHT,RAIN,1,EMP
RBT,NSM,SSW,DRY,DAY,MULTI,HEAVY,FINE,1,EMP
RBT,NSR,SSW,DRY,DAY,MULTI,MODERATE,FINE,4,EMP
TIN,FRNT,SSW,DRY,DAY,SINGLE,LIGHT,FINE,1,EMP