location_code,damage_code,collision_code,road_code,light_code,road_type_code,traffic_code,weather_code,emp_liability_code,kpi_cause_code
XRD,OSR,SSW,DRY,DAY,BUS,HEAVY,FINE,1,EMP
RAD,MIR,SSW,WET,DAY,SINGLE,LIGHT,FINE,4,EMP
TIN,FRNT,N2T,DRY,DAY,SINGLE,MODERATE,FINE,4,EMP
BSP,NSR,SSW,DRY,DAY,SINGLE,EXTREME,SUN,1,EMP
RBT,OSM,SSW,DRY,DAY,SINGLE,LIGHT,FINE,1,EMP
RAD,OSF,SSW,DRY,DUSK,MULTI,HEAVY,FINE,4,EMP
XRD,NSF,TBO,DRY,DAY,SINGLE,LIGHT,FINE,1,EMP
XRD,OSM,SSW,WET,DAY,SINGLE,LIGHT,RAIN,1,EMP
TIN,OSR,SSW,DRY,NIGHT,MULTI,LIGHT,FINE,1,EMP
RAD,OSR,N2T,DRY,DAY,SINGLE,MODERATE,FINE,1,EMP
TIN,NSR,SSW,DRY,DAY,MULTI,HEAVY,FINE,1,EMP
RAD,NSR,TBO,DRY,DAWN,MULTI,LIGHT,FINE,1,EMP
RBT,OSR,N2T,DRY,DAY,MULTI,MODERATE,FINE,1,EMP
XRD,NSF,HON,DRY,DAY,SINGLE,LIGHT,FINE,1,EMP
TIN,NSF,SSW,DRY,DAY,MULTI,HEAVY,FINE,1,EMP
BSP,NSR,SSW,DRY,STREET,MULTI,LIGHT,FINE,4,EMP
XRD,OSF,SSW,DRY,DAY,SINGLE,HEAVY,FINE,1,EMP
XRD,MIR,SSW,DRY,DAY,MULTI,MODERATE,FINE,1,EMP
RAD,FRNT,HON,DRY,DAY,MULTI,LIGHT,SUN,4,EMP
RBT,NSF,SSW,WET,DUSK,SINGLE,MODERATE,RAIN,1,EMP
XRD,OSM,SSW,DRY,DAY,MULTI,LIGHT,FINE,1,EMP
BSP,MIR,N2T,DRY,DAY,SINGLE,MODERATE,FINE,4,EMP
RAD,OSF,SSW,DRY,DAY,SINGLE,NO,FINE,1,EMP
BSP,OSR,SSW,WET,DAY,MULTI,LIGHT,RAIN,1,EMP
RBT,NSR,N2T,DRY,DAY,SINGLE,LIGHT,FINE,1,EMP
RAD,WSRE,SSW,DRY,DAY,MULTI,LIGHT,FINE,1,EMP
RAD,REAR,N2T,DRY,DAY,SINGLE,HEAVY,FINE,1,EMP
BSP,MIR,REVERSING,DRY,NIGHT,MULTI,LIGHT,FINE,4,EMP
BSP,OSR,N2T,WET,DAY,MULTI,HEAVY,RAIN,5,EMP
BSP,REAR,SSW,DRY,NIGHT,MULTI,HEAVY,FINE,1,EMP
XRD,NSF,TBO,DRY,DAY,MULTI,NO,FINE,4,EMP
BSP,NSR,TBO,DRY,DAY,SINGLE,LIGHT,FINE,1,EMP
TIN,REAR,SSW,DRY,DAWN,SINGLE,NO,FINE,4,EMP
RAD,FRNT,N2T,DRY,DAY,MULTI,MODERATE,FINE,1,EMP
TIN,OSR,SSW,WET,DAY,SINGLE,HEAVY,RAIN,4,EMP
BSP,NSF,SSW,SLIP,DAY,SINGLE,LIGHT,RAIN,4,EMP
XRD,FRNT,SSW,DRY,DAY,SINGLE,LIGHT,FINE,1,EMP
TIN,NSR,SSW,WET,DAY,SINGLE,NO,RAIN,4,EMP
XRD,OSM,SSW,DRY,DAY,SINGLE,EXTREME,FINE,1,EMP
RAD,WIN,SSW,SLIP,DUSK,MULTI,LIGHT,RAIN,1,EMP
BSP,REAR,N2T,DRY,DAY,BUS,LIGHT,FINE,4,EMP
BSP,NSF,HON,DRY,NIGHT,SINGLE,NO,FINE,4,EMP
XRD,OSR,SSW,DRY,DUSK,MULTI,LIGHT,FINE,4,EMP
XRD,FRNT,TBO,DRY,DAY,MULTI,HEAVY,FINE,4,EMP
RAD,REAR,N2T,WET,DAY,MULTI,LIGHT,RAIN,1,EMP
RBT,MIR,SSW,DRY,DAY,MULTI,MODERATE,FINE,1,EMP
BSP,NSM,SSW,DRY,NIGHT,MULTI,LIGHT,FINE,1,EMP
BSP,NSF,SSW,DRY,DUSK,SINGLE,LIGHT,FINE,4,EMP
TIN,REAR,SSW,DRY,DAY,MULTI,LIGHT,FINE,1,EMP
BSP,OSM,SSW,DRY,NIGHT,SINGLE,LIGHT,FINE,4,EMP
RBT,REAR,SSW,DRY,DAY,SINGLE,NO,FINE,4,EMP
RAD,NSR,SSW,WET,NIGHT,SINGLE,NO,RAIN,4,EMP
RBT,NSR,SSW,WET,DAY,SINGLE,HEAVY,RAIN,4,EMP
RAD,MIR,SSW,WET,DAY,SINGLE,MODERATE,RAIN,4,EMP
BSP,OSR,N2T,DRY,DAY,SINGLE,MODERATE,FINE,1,EMP
BSP,FRNT,SSW,DRY,NIGHT,SINGLE,LIGHT,FINE,1,EMP
RAD,TOPR,SSW,DRY,DAY,SINGLE,MODERATE,FINE,4,EMP
XRD,NSF,SSW,DRY,DAWN,MULTI,MODERATE,FINE,4,EMP
TIN,NSM,SSW,WET,DAY,SINGLE,MODERATE,RAIN,1,EMP
BSP,NSF,SSW,DRY,DAY,MULTI,HEAVY,FINE,4,EMP
XRD,OSR,SSW,DRY,DUSK,SINGLE,NO,FINE,4,EMP
XRD,OSF,SSW,DRY,DAY,MULTI,LIGHT,FINE,1,EMP
BSP,FRNT,SSW,WET,DAY,SINGLE,LIGHT,RAIN,4,EMP
RAD,NSR,N2T,DRY,DAY,MULTI,HEAVY,FINE,1,EMP
TIN,OSM,N2T,DRY,DAY,MULTI,LIGHT,FINE,4,EMP
RAD,FRNT,N2T,DRY,DAY,BUS,EXTREME,FINE,4,EMP
RAD,REAR,N2T,DRY,DAY,MULTI,MODERATE,FINE,1,EMP
RAD,MIR,SSW,WET,NIGHT,MULTI,LIGHT,FINE,4,EMP
BSP,OSR,SSW,DRY,STREET,SINGLE,NO,FINE,1,EMP
RBT,NSR,SSW,DRY,DUSK,MULTI,LIGHT,FINE,1,EMP
RAD,FRNT,SSW,DRY,NIGHT,SINGLE,MODERATE,FINE,4,EMP
BSP,REAR,N2T,WET,DAY,BUS,NO,FINE,4,EMP
BSP,MIR,SSW,WET,DAY,SINGLE,NO,RAIN,1,EMP
BSP,WSRE,SSW,DRY,NIGHT,BUS,NO,FINE,4,EMP
BSP,MIR,SSW,WET,DAY,MULTI,MODERATE,FINE,4,EMP
TIN,NSF,HON,SLIP,DAY,SINGLE,LIGHT,RAIN,4,EMP
RAD,FRNT,HON,WET,DAY,MULTI,HEAVY,RAIN,4,EMP
RAD,FRNT,TBO,WET,DAY,MULTI,HEAVY,FINE,1,EMP
XRD,OSF,SSW,WET,DAY,SINGLE,MODERATE,RAIN,4,EMP
BSP,MIR,SSW,DRY,STREET,MULTI,LIGHT,FINE,4,EMP
XRD,FRNT,N2T,WET,DAY,MULTI,LIGHT,RAIN,4,EMP
XRD,OSR,SSW,WET,DAY,MULTI,LIGHT,RAIN,4,EMP
RAD,OSM,SSW,WET,DUSK,SINGLE,NO,RAIN,4,EMP
RAD,NSR,SSW,DRY,NIGHT,SINGLE,NO,FINE,5,EMP
RAD,NSR,SSW,DRY,DAY,SINGLE,LIGHT,FINE,5,EMP
BSP,FRNT,HON,WET,DAY,SINGLE,LIGHT,RAIN,4,EMP
RAD,OSF,HON,WET,DAY,MULTI,HEAVY,RAIN,1,EMP
XRD,OSR,SSW,DRY,DAY,BUS,LIGHT,FINE,1,EMP
RAD,NSR,HON,DRY,DAY,SINGLE,LIGHT,FINE,4,EMP
RAD,REAR,TBO,WET,NIGHT,SINGLE,LIGHT,RAIN,4,EMP
TIN,OSR,TBO,DRY,DAY,SINGLE,LIGHT,FINE,1,EMP
RAD,NSR,SSW,WET,DAY,MULTI,EXTREME,RAIN,1,EMP
TIN,NSM,SSW,WET,DAY,BUS,HEAVY,FINE,4,EMP
XRD,OSR,SSW,WET,DAY,MULTI,MODERATE,FINE,4,EMP
TIN,NSF,SSW,WET,DAY,BUS,MODERATE,RAIN,4,EMP
RAD,OSM,TBO,WET,DUSK,MULTI,HEAVY,RAIN,1,EMP
BSP,OSM,SSW,DRY,DUSK,BUS,LIGHT,FINE,4,EMP
XRD,NSM,SSW,DRY,DAWN,MULTI,HEAVY,FINE,4,EMP
BSP,NSR,SSW,DRY,DAY,BUS,EXTREME,FINE,4,EMP
RAD,FRNT,SSW,DRY,DAY,SINGLE,LIGHT,FINE,5,EMP
RAD,OSR,SSW,DRY,DAY,BUS,MODERATE,FINE,4,EMP
BSP,OSM,SSW,SLIP,DAY,MULTI,MODERATE,FINE,1,EMP
XRD,OSF,TBO,WET,DAY,MULTI,LIGHT,RAIN,1,EMP
BSP,TOPF,SSW,DRY,DAY,MULTI,HEAVY,FINE,4,EMP
TIN,NSM,TBO,DRY,DAY,SINGLE,MODERATE,FINE,1,EMP
TIN,NSR,SSW,WET,DAY,SINGLE,LIGHT,RAIN,4,EMP
XRD,TOPM,SSW,DRY,DAY,SINGLE,LIGHT,FINE,4,EMP
TIN,NSM,SSW,DRY,DAY,MULTI,MODERATE,FINE,1,EMP
RBT,OSF,N2T,WET,NIGHT,SINGLE,NO,RAIN,4,EMP
RAD,FRNT,TBO,DRY,NIGHT,MULTI,NO,FINE,1,EMP
RAD,MIR,SSW,DRY,NIGHT,MULTI,HEAVY,FINE,4,EMP
RAD,WSRE,SSW,DRY,NIGHT,SINGLE,LIGHT,FINE,5,EMP
XRD,OSR,SSW,DRY,DAY,BUS,LIGHT,FINE,4,EMP
RAD,FRNT,SSW,DRY,DAY,SINGLE,MODERATE,FINE,0,EMP
RBT,WSRE,BTMO,DRY,DUSK,SINGLE,HEAVY,FINE,4,EMP
RAD,OSM,TBO,DRY,DAY,MULTI,LIGHT,FINE,1,EMP
RAD,NSF,TBO,WET,DAY,BUS,HEAVY,RAIN,1,EMP
RAD,NSR,SSW,WET,DAY,SINGLE,LIGHT,RAIN,1,EMP
RAD,OSF,TBO,DRY,NIGHT,SINGLE,MODERATE,FINE,1,EMP
RAD,REAR,N2T,WET,DAY,MULTI,MODERATE,RAIN,1,EMP
RAD,OSR,SSW,DRY,NIGHT,MULTI,HEAVY,FINE,1,EMP
BSP,NSR,SSW,DRY,DAY,MULTI,LIGHT,FINE,1,EMP
RBT,NSF,HON,WET,DUSK,SINGLE,MODERATE,RAIN,4,EMP
XRD,OSF,SSW,DRY,DAY,SINGLE,MODERATE,FINE,4,EMP
XRD,TOPF,SSW,DRY,DAY,SINGLE,LIGHT,FINE,4,EMP
RAD,NSF,HON,DRY,DAY,SINGLE,HEAVY,FINE,1,EMP
BSP,NSM,SSW,DRY,DAY,SINGLE,MODERATE,FINE,1,EMP
RAD,REAR,N2T,SLIP,NIGHT,MULTI,MODERATE,RAIN,5,EMP
RAD,MIR,SSW,DRY,STREET,MULTI,MODERATE,FINE,4,EMP
XRD,FRNT,TBO,WET,DAY,SINGLE,LIGHT,FINE,1,EMP
RAD,FRNT,HON,DRY,DAY,SINGLE,LIGHT,FINE,5,EMP
XRD,FRNT,N2T,WET,DAY,MULTI,MODERATE,FINE,1,EMP
XRD,REAR,SSW,WET,DAY,MULTI,LIGHT,FINE,1,EMP
RAD,OSR,N2T,WET,DAY,SINGLE,MODERATE,RAIN,1,EMP
RBT,OSR,SSW,SLIP,DAWN,MULTI,HEAVY,RAIN,4,EMP
RAD,OSR,SSW,DRY,DUSK,MULTI,HEAVY,FINE,5,EMP
BSP,NSF,N2T,DRY,DAY,BUS,HEAVY,FINE,4,CARS TRUCKS
RAD,NSM,SSW,DRY,DAY,SINGLE,LIGHT,FINE,5,EMP
BSP,MIR,HON,DRY,DAY,MULTI,MODERATE,FINE,4,EMP
RAD,OSM,SSW,WET,NIGHT,SINGLE,MODERATE,ICE,4,EMP
RAD,Nil,SSW,DRY,DAY,SINGLE,LIGHT,FINE,1,EMP
RAD,MIR,SSW,DRY,DAY,SINGLE,MODERATE,FINE,5,EMP
RBT,OSF,SSW,DRY,DAY,MULTI,HEAVY,FINE,1,EMP
RAD,NSF,SSW,WET,DAY,MULTI,MODERATE,RAIN,0,ENV
BSP,NSR,SSW,WET,NIGHT,SINGLE,MODERATE,RAIN,4,EMP
RAD,NSF,HON,DRY,DAY,MULTI,MODERATE,FINE,1,EMP
BSP,NSR,SSW,DRY,DAY,SINGLE,NO,FINE,1,ROA
BSP,FRNT,N2T,WET,DAY,SINGLE,LIGHT,RAIN,1,EMP
RAD,NSM,SSW,DRY,DAWN,SINGLE,LIGHT,FINE,4,EMP
BSP,NSR,SSW,DRY,DAY,SINGLE,LIGHT,FINE,5,EMP
TIN,OSF,N2T,DRY,DAY,MULTI,LIGHT,FINE,4,EMP
RAD,NSF,SSW,DRY,NIGHT,MULTI,MODERATE,FINE,5,EMP
RAD,NSF,SSW,WET,NIGHT,MULTI,LIGHT,RAIN,5,EMP
BSP,NSF,SSW,DRY,DUSK,MULTI,MODERATE,FINE,4,EMP
BSP,FRNT,SSW,WET,DAY,MULTI,LIGHT,RAIN,1,EMP
BSP,NSR,SSW,WET,DAY,SINGLE,NO,RAIN,4,EMP
XRD,MIR,SSW,DRY,DUSK,SINGLE,HEAVY,FINE,4,EMP
XRD,OSF,BTMO,WET,DAY,SINGLE,LIGHT,RAIN,4,EMP
TIN,FRNT,N2T,DRY,DAY,MULTI,MODERATE,FINE,4,EMP
RAD,OSR,SSW,DRY,NIGHT,SINGLE,MODERATE,FINE,4,EMP
BSP,NSR,SSW,DRY,DUSK,SINGLE,HEAVY,SUN,4,EMP
TIN,NSR,SSW,DRY,DAY,MULTI,HEAVY,FINE,4,EMP
RAD,NSR,SSW,WET,DUSK,SINGLE,HEAVY,RAIN,1,EMP
BSP,FRNT,SSW,DRY,NIGHT,MULTI,HEAVY,FINE,4,EMP
XRD,FRNT,N2T,DRY,DAY,MULTI,HEAVY,FINE,4,EMP
RAD,NSR,SSW,DRY,DUSK,MULTI,LIGHT,FINE,1,ROA
TIN,REAR,SSW,DRY,DAY,SINGLE,LIGHT,FINE,5,CARS TRUCKS
RAD,NSM,SSW,WET,DAWN,MULTI,LIGHT,FOG,4,EMP
XRD,NSR,BTMO,WET,DAY,MULTI,LIGHT,FINE,4,EMP
TIN,NSF,N2T,DRY,DAY,SINGLE,LIGHT,FINE,4,EMP
RBT,OSM,SSW,DRY,DUSK,MULTI,MODERATE,FINE,4,EMP
XRD,OSR,SSW,DRY,DAY,SINGLE,EXTREME,FINE,4,EMP
RAD,FRNT,HON,DRY,DAY,SINGLE,NO,FINE,0,EMP
RAD,OSM,TBO,DRY,DAY,MULTI,HEAVY,FINE,5,EMP
DEPOT,OSR,SSW,DRY,NIGHT,SINGLE,NO,FINE,4,EMP
RAD,OSF,TBO,DRY,DAY,MULTI,LIGHT,FINE,1,EMP
RAD,FRNT,SSW,WET,DAY,SINGLE,LIGHT,RAIN,4,EMP
BSP,NSF,HON,WET,DAY,MULTI,LIGHT,RAIN,4,EMP
BSP,TOPF,SSW,DRY,DAY,SINGLE,NO,FINE,4,EMP
BSP,FRNT,N2T,DRY,DAY,BUS,MODERATE,FINE,4,EMP
RAD,REAR,SSW,DRY,DUSK,SINGLE,NO,FINE,4,EMP
TIN,NSR,SSW,WET,DAY,MULTI,HEAVY,RAIN,4,EMP
RAD,REAR,SSW,DRY,NIGHT,MULTI,LIGHT,FINE,0,EMP
RAD,OSR,SSW,WET,NIGHT,MULTI,LIGHT,RAIN,4,EMP
RBT,OSF,SSW,DRY,DAY,SINGLE,LIGHT,FINE,4,EMP
RAD,OSR,TAI,DRY,DAY,MULTI,HEAVY,FINE,1,ROA
XRD,OSM,SSW,DRY,NIGHT,MULTI,HEAVY,FINE,4,EMP
XRD,NSR,SSW,DRY,NIGHT,MULTI,LIGHT,FINE,1,EMP
XRD,OSF,SSW,DRY,DAY,MULTI,MODERATE,FINE,1,EMP
XRD,MIR,HON,DRY,DAY,MULTI,NO,FINE,4,EMP
DEPOT,OSR,TAI,DRY,DUSK,SINGLE,NO,FINE,4,EMP
BSP,FRNT,SSW,DRY,DAY,SINGLE,MODERATE,FINE,4,EMP
XRD,OSF,SSW,WET,DAY,MULTI,HEAVY,FINE,1,EMP
RAD,OSF,SSW,DRY,DAY,MULTI,LIGHT,FINE,5,EMP
TIN,OSM,SSW,DRY,DAY,SINGLE,MODERATE,SUN,1,EMP
RAD,NSF,TBO,DRY,DAY,SINGLE,HEAVY,FINE,1,EMP
RAD,OSM,TAI,DRY,DAY,SINGLE,HEAVY,FINE,4,EMP
DEPOT,OSM,SSW,DRY,DAY,SINGLE,MODERATE,FINE,4,EMP
RBT,OSF,SSW,DRY,DAY,SINGLE,HEAVY,FINE,4,EMP
RAD,MIR,SSW,DRY,DAY,MULTI,HEAVY,FINE,4,CARS TRUCKS
RAD,WSRE,BTMO,DRY,NIGHT,SINGLE,LIGHT,FINE,5,EMP
RAD,OSM,SSW,WET,DAY,MULTI,MODERATE,RAIN,1,EMP
BSP,NSR,SSW,DRY,NIGHT,SINGLE,LIGHT,FINE,1,EMP
TIN,NSR,TBO,DRY,DAY,SINGLE,LIGHT,FINE,5,EMP
BSP,NSM,SSW,DRY,DAY,MULTI,HEAVY,FINE,1,ROA
RAD,OSR,TBO,WET,NIGHT,SINGLE,HEAVY,RAIN,1,EMP
XRD,NSR,SSW,DRY,DAWN,MULTI,NO,FINE,1,EMP
RAD,OSR,HON,DRY,DAY,SINGLE,LIGHT,FINE,1,EMP
BSP,NSF,SSW,SLIP,DAY,SINGLE,LIGHT,FINE,0,EMP
TIN,OSM,TAI,DRY,DAY,SINGLE,LIGHT,FINE,1,EMP
TIN,NSR,TAI,DRY,DAY,SINGLE,LIGHT,FINE,1,EMP
RAD,NSR,SSW,DRY,NIGHT,SINGLE,HEAVY,FINE,0,EMP
RAD,OSM,SSW,WET,DAY,SINGLE,LIGHT,RAIN,1,ROA
BSP,FRNT,SSW,DRY,STREET,SINGLE,LIGHT,FINE,5,EMP
RAD,NSF,TBO,DRY,DAY,MULTI,HEAVY,FINE,4,EMP
RBT,NSM,SSW,DRY,NIGHT,MULTI,LIGHT,FINE,4,EMP
RAD,MIR,HON,DRY,DAY,SINGLE,HEAVY,FINE,1,EMP
XRD,OSF,TBO,DRY,DAY,SINGLE,LIGHT,FINE,4,EMP
BSP,NSM,SSW,WET,DAY,SINGLE,NO,RAIN,4,EMP
BSP,OSF,HON,DRY,DAY,SINGLE,HEAVY,SUN,4,EMP
RAD,TOPR,SSW,DRY,DUSK,SINGLE,LIGHT,FINE,5,EMP
XRD,FRNT,N2T,DRY,DUSK,MULTI,MODERATE,FINE,4,EMP
XRD,WIN,SSW,DRY,DAY,SINGLE,HEAVY,FINE,5,EMP
TIN,OSR,TAI,DRY,DAY,SINGLE,LIGHT,FINE,3,EMP
BSP,OSM,SSW,DRY,DAY,BUS,NO,FINE,4,EMP
XRD,NSM,SSW,DRY,DAY,MULTI,MODERATE,SUN,1,EMP
BSP,NSR,TAI,DRY,DAWN,SINGLE,LIGHT,FINE,4,EMP
BSP,MIR,SSW,DRY,DAY,BUS,LIGHT,FINE,1,EMP
BSP,REAR,SSW,DRY,DAY,MULTI,LIGHT,FINE,5,EMP
XRD,OSR,TAI,DRY,DAWN,SINGLE,NO,FOG,4,EMP
XRD,FRNT,SSW,DRY,DAY,MULTI,MODERATE,FINE,4,EMP
RAD,MIR,SSW,DRY,DAWN,MULTI,LIGHT,FINE,4,CARS TRUCKS
BSP,OSF,SSW,WET,NIGHT,MULTI,HEAVY,RAIN,5,EMP
XRD,REAR,TAI,DRY,DAY,MULTI,HEAVY,FINE,4,EMP
RAD,MIR,SSW,DRY,DAY,MULTI,HEAVY,FINE,5,ROA
BSP,OSF,SSW,DRY,DAY,BUS,LIGHT,FINE,4,EMP
RAD,NSF,SSW,WET,DAY,SINGLE,MODERATE,RAIN,4,EMP
RAD,NSF,SSW,WET,DAY,MULTI,HEAVY,RAIN,4,EMP
RAD,FRNT,REVERSING,DRY,DAY,MULTI,MODERATE,FINE,1,EMP
RAD,REAR,REVERSING,WET,NIGHT,SINGLE,NO,RAIN,4,EMP
BSP,NSM,SSW,DRY,DAY,MULTI,HEAVY,FINE,1,EMP
RAD,MIR,SSW,DRY,DAY,SINGLE,HEAVY,FINE,5,EMP
RAD,REAR,SSW,DRY,NIGHT,SINGLE,NO,FINE,4,EMP
RAD,NSR,SSW,DRY,DAY,MULTI,EXTREME,FINE,4,EMP
DEPOT,OSR,TAI,DRY,DAY,SINGLE,LIGHT,FINE,4,CARS TRUCKS
RAD,FRNT,REVERSING,DRY,NIGHT,SINGLE,HEAVY,FINE,1,EMP
TIN,NSR,SSW,DRY,DAY,SINGLE,EXTREME,FINE,4,CARS TRUCKS
RAD,OSM,SSW,DRY,DUSK,SINGLE,MODERATE,RAIN,5,EMP
BSP,OSR,SSW,DRY,DUSK,MULTI,LIGHT,FINE,4,CARS TRUCKS
XRD,MIR,SSW,DRY,DAY,MULTI,HEAVY,FINE,1,ROA
BSP,OSF,SSW,WET,DUSK,SINGLE,LIGHT,RAIN,1,EMP
XRD,OSF,SSW,DRY,DAY,SINGLE,MODERATE,FINE,1,EMP
RBT,FRNT,SSW,WET,DAWN,SINGLE,NO,RAIN,4,EMP
BSP,NSR,HON,DRY,DAY,SINGLE,MODERATE,FINE,0,GEN
RAD,MIR,SSW,DRY,DAY,BUS,NO,FINE,1,ROA
RAD,WSRE,BTMO,DRY,NIGHT,MULTI,HEAVY,FINE,5,EMP
XRD,WIN,TAI,DRY,DAY,SINGLE,LIGHT,FINE,4,EMP
RAD,NSM,SSW,DRY,STREET,SINGLE,MODERATE,FINE,4,EMP
XRD,FRNT,SSW,DRY,DUSK,MULTI,HEAVY,FINE,1,EMP
BSP,NSF,HON,DRY,DAY,SINGLE,LIGHT,FINE,3,EMP
RAD,OSF,SSW,DRY,DAY,MULTI,MODERATE,FINE,5,EMP
BSP,NSR,REVERSING,DRY,DAWN,SINGLE,NO,FINE,4,EMP
BSP,NSR,TAI,DRY,DAY,MULTI,MODERATE,FINE,4,CARS TRUCKS
TIN,MIR,SSW,DRY,DAWN,MULTI,LIGHT,FINE,1,EMP
XRD,NSF,SSW,DRY,DAY,SINGLE,HEAVY,FINE,4,CARS TRUCKS
RAD,OSF,HON,DRY,DAY,MULTI,LIGHT,FINE,1,ROA
TIN,FRNT,SSW,DRY,DAY,SINGLE,LIGHT,FINE,4,EMP
RAD,NSM,SSW,DRY,NIGHT,MULTI,NO,FINE,1,ROA
XRD,NSF,TBO,DRY,DAY,MULTI,NO,FINE,1,ROA
RAD,REAR,N2T,DRY,DAY,MULTI,MODERATE,FINE,1,ROA
BSP,NSR,N2T,DRY,DAY,SINGLE,LIGHT,FINE,4,EMP
BSP,NSM,SSW,DRY,DAY,SINGLE,LIGHT,FINE,3,EMP
XRD,NSR,SSW,DRY,NIGHT,MULTI,LIGHT,FINE,4,CARS TRUCKS
RAD,NSR,TAI,DRY,DUSK,MULTI,HEAVY,FINE,4,CARS TRUCKS
TIN,OSF,SSW,DRY,DAY,SINGLE,LIGHT,FINE,4,EMP
BSP,NSF,BTMO,DRY,DAY,SINGLE,LIGHT,FINE,4,EMP
RAD,NSM,SSW,WET,NIGHT,MULTI,HEAVY,RAIN,4,EMP
BSP,NSF,N2T,DRY,DAY,BUS,HEAVY,FINE,4,EMP
RAD,OSF,HON,DRY,NIGHT,MULTI,MODERATE,FINE,4,CARS TRUCKS
BSP,OSR,N2T,DRY,DAY,MULTI,LIGHT,FINE,5,ROA
RAD,REAR,SSW,DRY,DAY,MULTI,MODERATE,FINE,0,EMP
RAD,NSM,TBO,DRY,DAY,SINGLE,LIGHT,FINE,3,EMP
BSP,MIR,SSW,DRY,DAY,SINGLE,LIGHT,FINE,5,ROA
TIN,NSM,HON,DRY,DAY,SINGLE,LIGHT,FINE,4,EMP
BSP,MIR,SSW,DRY,DAY,SINGLE,LIGHT,FINE,1,BUS - OTHER
XRD,FRNT,N2T,DRY,DAY,SINGLE,LIGHT,FINE,4,CARS TRUCKS
RAD,NSR,TAI,DRY,DAY,SINGLE,LIGHT,FINE,1,CARS TRUCKS
XRD,OSF,SSW,DRY,DAY,SINGLE,EXTREME,FINE,4,EMP
BSP,NSR,SSW,DRY,DAY,SINGLE,LIGHT,FINE,1,CARS TRUCKS
RAD,OSM,SSW,WET,DUSK,MULTI,HEAVY,RAIN,1,EMP
RAD,OSF,SSW,WET,NIGHT,MULTI,HEAVY,RAIN,1,EMP
TIN,FRNT,N2T,SLIP,DAY,MULTI,LIGHT,RAIN,1,EMP
BSP,NSF,HON,WET,NIGHT,MULTI,NO,RAIN,4,EMP
BSP,OSR,N2T,DRY,DAY,BUS,MODERATE,FINE,1,EMP
BSP,NSM,SSW,DRY,DAY,BUS,LIGHT,FINE,1,ROA
BSP,NSR,SSW,DRY,NIGHT,MULTI,LIGHT,FINE,4,EMP
BSP,REAR,SSW,SLIP,DAY,MULTI,LIGHT,FINE,1,EMP
XRD,OSF,SSW,WET,NIGHT,BUS,LIGHT,RAIN,4,EMP
XRD,TOPM,SSW,DRY,DAY,MULTI,HEAVY,FINE,4,CARS TRUCKS
RBT,NSR,BTMO,DRY,DAY,SINGLE,MODERATE,FINE,4,EMP
RAD,NSR,SSW,WET,DAWN,MULTI,LIGHT,RAIN,5,GEN
RAD,OSR,REVERSING,WET,NIGHT,SINGLE,NO,FINE,4,CARS TRUCKS
RAD,NSF,TBO,DRY,DAY,MULTI,LIGHT,FINE,1,EMP
XRD,NSR,N2T,DRY,DAWN,SINGLE,MODERATE,FINE,1,ROA
BSP,NSR,TAI,WET,DAY,BUS,LIGHT,RAIN,4,CARS TRUCKS
BSP,MIR,SSW,DRY,DAY,MULTI,HEAVY,FINE,4,CARS TRUCKS
TIN,OSM,SSW,DRY,DAY,MULTI,HEAVY,FINE,1,CARS TRUCKS
BSP,OSF,SSW,DRY,DAY,MULTI,MODERATE,FINE,1,EMP
RAD,REAR,N2T,DRY,DAY,SINGLE,MODERATE,FINE,5,ROA
RAD,MIR,SSW,WET,DAY,MULTI,HEAVY,RAIN,5,ROA
TIN,NSR,SSW,DRY,DUSK,SINGLE,HEAVY,FINE,4,BUS - OTHER
RAD,FRNT,HON,DRY,DAY,SINGLE,LIGHT,FINE,1,ROA
XRD,FRNT,HON,WET,NIGHT,MULTI,MODERATE,RAIN,5,ROA
XRD,NSM,SSW,DRY,DAY,SINGLE,HEAVY,FINE,1,ROA
RAD,OSF,SSW,DRY,DAY,MULTI,MODERATE,FINE,5,ROA
RAD,TOPF,HON,DRY,DAY,SINGLE,LIGHT,FINE,4,EMP
RAD,REAR,N2T,DRY,DAY,SINGLE,MODERATE,FINE,1,ROA
RAD,WIN,SSW,DRY,NIGHT,SINGLE,NO,FINE,5,GEN
XRD,FRNT,TBO,DRY,DAY,SINGLE,LIGHT,FINE,1,EMP
RAD,NSR,SSW,DRY,DAY,MULTI,MODERATE,FINE,4,GEN
XRD,NSF,SSW,DRY,DAWN,MULTI,LIGHT,FINE,1,ROA
RAD,NSF,SSW,WET,DAY,MULTI,HEAVY,RAIN,1,EMP
XRD,OSM,SSW,DRY,DAY,MULTI,MODERATE,FINE,1,EMP
RAD,NSR,N2T,WET,DAY,SINGLE,MODERATE,RAIN,4,EMP
TIN,OSR,SSW,DRY,DAY,MULTI,MODERATE,FINE,4,EMP
RAD,REAR,REVERSING,WET,DAWN,SINGLE,NO,RAIN,4,EMP
XRD,NSR,SSW,SLIP,NIGHT,MULTI,LIGHT,RAIN,4,EMP