location_code,damage_code,collision_code,road_code,light_code,road_type_code,traffic_code,weather_code,emp_liability_code,kpi_cause_code
RAD,NSF,SSW,WET,DAY,MULTI,MODERATE,RAIN,4,CARS TRUCKS
XRD,NSF,SSW,DRY,DAY,SINGLE,NO,FINE,4,EMP
RAD,NSF,SSW,DRY,DAY,MULTI,EXTREME,FINE,1,ROA
RAD,OSR,SSW,DRY,NIGHT,FREE,LIGHT,FINE,5,CARS TRUCKS
RAD,NSF,SSW,DRY,DAY,MULTI,HEAVY,FINE,5,ROA
RAD,OSM,SSW,DRY,DAY,MULTI,MODERATE,FINE,1,EMP
XRD,REAR,SSW,DRY,DAY,MULTI,LIGHT,FINE,1,ROA
RAD,NSR,SSW,DRY,DUSK,MULTI,HEAVY,FINE,4,EMP
BSP,OSM,SSW,DRY,NIGHT,MULTI,LIGHT,FINE,5,GEN
BSP,REAR,SSW,DRY,DAY,SINGLE,LIGHT,FINE,0,GEN
RBT,FRNT,TBO,DRY,DAY,SINGLE,NO,FINE,1,ROA
RAD,FRNT,SSW,DRY,NIGHT,SINGLE,LIGHT,FINE,5,GEN
RAD,WSRE,SSW,DRY,DAY,SINGLE,LIGHT,FINE,0,OTH
TIN,NSM,SSW,WET,DAY,MULTI,LIGHT,RAIN,5,EMP
RAD,FRNT,N2T,DRY,DAY,MULTI,MODERATE,FOG,1,CARS TRUCKS
RAD,NSF,HON,WET,NIGHT,SINGLE,LIGHT,RAIN,4,EMP
RAD,OSF,TBO,DRY,DAY,SINGLE,LIGHT,FINE,1,ROA
RAD,NSM,TBO,DRY,DAY,SINGLE,MODERATE,FINE,1,EMP
BSP,NSR,REVERSING,DRY,DAY,BUS,MODERATE,FINE,4,EMP
RAD,MIR,SSW,DRY,DAY,MULTI,LIGHT,FINE,0,GEN
BSP,NSR,TAI,WET,DAY,MULTI,LIGHT,RAIN,4,EMP
RAD,NSR,N2T,DRY,DAY,MULTI,HEAVY,FINE,4,CARS TRUCKS
TIN,OSR,SSW,DRY,DAY,SINGLE,MODERATE,FINE,1,ROA
RAD,REAR,SSW,DRY,NIGHT,SINGLE,LIGHT,FINE,4,CARS TRUCKS
RAD,NSF,SSW,DRY,DAY,MULTI,MODERATE,FINE,1,ROA
RAD,MIR,REVERSING,DRY,DAY,SINGLE,MODERATE,FINE,1,ROA
RAD,NSR,SSW,WET,DAY,MULTI,HEAVY,RAIN,5,CARS TRUCKS
RAD,REAR,SSW,WET,DAY,SINGLE,HEAVY,RAIN,1,ROA
RAD,WSRE,SSW,DRY,DAY,SINGLE,LIGHT,FINE,0,GEN
RAD,OSR,N2T,WET,DAY,SINGLE,MODERATE,FINE,1,ROA
XRD,FRNT,HON,WET,NIGHT,MULTI,LIGHT,RAIN,0,GEN
RAD,OSM,SSW,WET,DAY,MULTI,MODERATE,RAIN,1,ROA
RAD,MIR,SSW,DRY,DAY,MULTI,MODERATE,RAIN,1,ROA
RAD,OSF,SSW,DRY,NIGHT,MULTI,HEAVY,FINE,1,ROA
RBT,NSR,BTMO,WET,DAY,SINGLE,NO,RAIN,4,CARS TRUCKS
RBT,OSM,SSW,DRY,DAY,MULTI,EXTREME,FINE,4,EMP
BSP,NSR,TBO,DRY,DAY,MULTI,MODERATE,RAIN,1,ROA
BSP,OSR,SSW,DRY,NIGHT,SINGLE,NO,RAIN,4,EMP
RAD,L/H/S scratches,SSW,DRY,DAY,SINGLE,LIGHT,FINE,1,EMP
RAD,MIRROR ARM,SSW,DRY,DAY,SINGLE,LIGHT,FINE,4,EMP
RAD,L/H/S rear corn,SSW,DRY,DAY,SINGLE,LIGHT,FINE,4,EMP
RAD,Front bumper ba,SSW,DRY,DAY,SINGLE,LIGHT,FINE,4,EMP
RAD,Dent in two pan,SSW,DRY,DAY,SINGLE,LIGHT,FINE,1,EMP
RAD,Broken indicato,SSW,DRY,DAY,SINGLE,LIGHT,FINE,4,EMP
RAD,Minor paint scu,SSW,DRY,DAY,SINGLE,LIGHT,FINE,1,EMP
RAD,Broken Driver's,SSW,DRY,DAY,SINGLE,LIGHT,FINE,1,EMP
RAD,R/H/S panel of ,SSW,DRY,DAY,SINGLE,LIGHT,FINE,1,EMP
RAD,Top middle sect,SSW,DRY,DAY,SINGLE,LIGHT,FINE,4,EMP
RAD,Nearside rear d,SSW,DRY,DAY,SINGLE,LIGHT,FINE,1,EMP
RAD,Rear L/H/S of b,SSW,DRY,DAY,SINGLE,LIGHT,FINE,1,EMP
RAD,2 small dents o,SSW,DRY,DAY,SINGLE,LIGHT,FINE,4,EMP
RAD,"TP""s vehicle's ",SSW,DRY,DAY,SINGLE,LIGHT,FINE,1,EMP
RAD,Broken mirror,SSW,DRY,DAY,SINGLE,LIGHT,FINE,1,EMP
RAD,R/H/S mirror,SSW,DRY,DAY,SINGLE,LIGHT,FINE,1,EMP
RAD,O/S front corne,SSW,DRY,DAY,SINGLE,LIGHT,FINE,4,EMP
RAD,Broken window r,SSW,DRY,DAY,SINGLE,LIGHT,FINE,1,EMP
RAD,L/H/S mirror  b,SSW,DRY,DAY,SINGLE,LIGHT,FINE,1,EMP
RAD,Scratch and den,SSW,DRY,DAY,SINGLE,LIGHT,FINE,4,EMP
RAD,L/H/S panels,SSW,DRY,DAY,SINGLE,LIGHT,FINE,1,EMP
RAD,L/H/S plastic o,SSW,DRY,DAY,SINGLE,LIGHT,FINE,4,EMP
RAD,Minor dents and,SSW,DRY,DAY,SINGLE,LIGHT,FINE,1,EMP
RAD,L/H/S rear bump,SSW,DRY,DAY,SINGLE,LIGHT,FINE,4,EMP
RAD,R/H/S rear of b,SSW,DRY,DAY,SINGLE,LIGHT,FINE,4,EMP
RAD,Mid L/H/S of bu,SSW,DRY,DAY,SINGLE,LIGHT,FINE,4,EMP
RAD,L/H/S paint dam,SSW,DRY,DAY,SINGLE,LIGHT,FINE,4,EMP
RAD,L/H/S panels be,SSW,DRY,DAY,SINGLE,LIGHT,FINE,1,EMP
RAD,Badly scratched,SSW,DRY,DAY,SINGLE,LIGHT,FINE,1,EMP
RAD,Minor scratches,SSW,DRY,DAY,SINGLE,LIGHT,FINE,4,EMP
RAD,Scratched paint,SSW,DRY,DAY,SINGLE,LIGHT,FINE,1,EMP
RAD,L/H/F Blinker A,SSW,DRY,DAY,SINGLE,LIGHT,FINE,4,EMP
RAD,Panel scraped a,SSW,DRY,DAY,SINGLE,LIGHT,FINE,1,EMP
RAD,L/H/S indicator,SSW,DRY,DAY,SINGLE,LIGHT,FINE,1,EMP
RAD,Nil damage,SSW,DRY,DAY,SINGLE,LIGHT,FINE,4,EMP
RAD,Large scratch L,SSW,DRY,DAY,SINGLE,LIGHT,FINE,4,EMP
RAD,Roof,SSW,DRY,DAY,SINGLE,LIGHT,FINE,4,EMP
RAD,Paint damage ne,SSW,DRY,DAY,SINGLE,LIGHT,FINE,1,EMP
RAD,Rear R/H/S,SSW,DRY,DAY,SINGLE,LIGHT,FINE,4,EMP
RAD,R/H/S bumper,SSW,DRY,DAY,SINGLE,LIGHT,FINE,1,EMP
RAD,L/H/S front whe,SSW,DRY,DAY,SINGLE,LIGHT,FINE,1,EMP
RAD,Paint smear R/H,SSW,DRY,DAY,SINGLE,LIGHT,FINE,4,EMP
RAD,L/H/S front bum,SSW,DRY,DAY,SINGLE,LIGHT,FINE,1,EMP
RAD,Rear o/s & engi,SSW,DRY,DAY,SINGLE,LIGHT,FINE,1,EMP
RAD,O/S rear damage,SSW,DRY,DAY,SINGLE,LIGHT,FINE,1,EMP
RAD,O/S/F corner bo,SSW,DRY,DAY,SINGLE,LIGHT,FINE,1,EMP
RAD,R/H/S mirror br,SSW,DRY,DAY,SINGLE,LIGHT,FINE,1,EMP
RAD,Front door glas,SSW,DRY,DAY,SINGLE,LIGHT,FINE,4,EMP
RAD,Rear R/H/S of b,SSW,DRY,DAY,SINGLE,LIGHT,FINE,1,EMP
RAD,Dent in rear pa,SSW,DRY,DAY,SINGLE,LIGHT,FINE,1,EMP
RAD,Broken door gla,SSW,DRY,DAY,SINGLE,LIGHT,FINE,1,EMP
RAD,Cracked R/H/S d,SSW,DRY,DAY,SINGLE,LIGHT,FINE,1,EMP
RAD,L/H/S rear - sm,SSW,DRY,DAY,SINGLE,LIGHT,FINE,4,EMP
RAD,Scratches along,SSW,DRY,DAY,SINGLE,LIGHT,FINE,4,EMP
RAD,Nearside of the,SSW,DRY,DAY,SINGLE,LIGHT,FINE,4,EMP
RAD,O/S Window repl,SSW,DRY,DAY,SINGLE,LIGHT,FINE,4,EMP
RAD,R/H/S panels ne,SSW,DRY,DAY,SINGLE,LIGHT,FINE,4,EMP
RAD,Paint damage to,SSW,DRY,DAY,SINGLE,LIGHT,FINE,1,EMP
RAD,N/S front bumpe,SSW,DRY,DAY,SINGLE,LIGHT,FINE,1,EMP
RAD,L/H/S of bus,SSW,DRY,DAY,SINGLE,LIGHT,FINE,4,EMP
RAD,Dent and scratc,SSW,DRY,DAY,SINGLE,LIGHT,FINE,4,EMP
RAD,Black scrape al,SSW,DRY,DAY,SINGLE,LIGHT,FINE,1,EMP
RAD,REAR,N2T,DRY,DAY,SINGLE,LIGHT,FINE,5,EMP
RBT,NSR,SSW,DRY,DAY,SINGLE,HEAVY,FINE,4,EMP
BSP,FRNT,HON,WET,DAY,SINGLE,NO,RAIN,0,EMP
RAD,OSR,TAI,DRY,DAY,BUS,LIGHT,FINE,4,CARS TRUCKS
BSP,NSF,SSW,DRY,DUSK,SINGLE,LIGHT,FINE,4,CARS TRUCKS
XRD,OSR,SSW,DRY,DAY,SINGLE,LIGHT,FINE,1,CARS TRUCKS
BSP,NSF,SSW,WET,DAY,MULTI,LIGHT,RAIN,0,EMP
RAD,REAR,SSW,DRY,DAY,SINGLE,HEAVY,FINE,1,ROA
TIN,NSF,SSW,DRY,DAY,SINGLE,MODERATE,FINE,4,EMP
RAD,OSR,TAI,DRY,DAY,SINGLE,NO,FINE,4,CARS TRUCKS
RAD,NSF,SSW,DRY,DAY,SINGLE,LIGHT,FINE,5,ROA
BSP,NSF,SSW,DRY,DAY,SINGLE,NO,SUN,4,EMP
BSP,NSM,SSW,DRY,DAY,SINGLE,MODERATE,FINE,4,EMP
RAD,OSR,SSW,WET,DAY,MULTI,LIGHT,RAIN,0,OTH
RAD,MIR,SSW,WET,NIGHT,MULTI,LIGHT,FOG,4,CARS TRUCKS
RAD,OSM,SSW,WET,DAY,SINGLE,LIGHT,RAIN,4,CARS TRUCKS
RAD,NSM,SSW,DRY,DAY,MULTI,HEAVY,FINE,1,ROA
BSP,WSRE,HON,WET,DAY,SINGLE,MODERATE,RAIN,4,CARS TRUCKS
RBT,OSR,SSW,DRY,DUSK,SINGLE,HEAVY,FINE,4,EMP
XRD,FRNT,SSW,DRY,DAY,SINGLE,MODERATE,FINE,1,ROA
RAD,FRNT,SSW,DRY,NIGHT,MULTI,LIGHT,FINE,5,ROA
RAD,REAR,SSW,WET,DAY,SINGLE,MODERATE,RAIN,4,CARS TRUCKS
RBT,OSR,SSW,DRY,DAY,BUS,NO,FINE,4,EMP
RAD,FRNT,HON,DRY,NIGHT,SINGLE,LIGHT,FINE,0,CARS TRUCKS
RAD,NSF,HON,WET,NIGHT,MULTI,MODERATE,RAIN,4,EMP
RAD,OSM,TBO,DRY,DAY,MULTI,HEAVY,FINE,1,EMP
RAD,FRNT,HON,WET,NIGHT,MULTI,LIGHT,FINE,0,ENV
XRD,OSF,HON,DRY,DAY,MULTI,MODERATE,FINE,1,EMP
TIN,NSR,TBO,DRY,DAY,BUS,MODERATE,FINE,1,EMP
RBT,NSR,SSW,DRY,DAY,MULTI,LIGHT,FINE,1,ROA
BSP,OSF,SSW,DRY,NIGHT,MULTI,MODERATE,FINE,1,EMP
RAD,FRNT,TBO,DRY,DAY,MULTI,LIGHT,FINE,1,ROA
TIN,NSR,TAI,DRY,DAY,SINGLE,MODERATE,FINE,1,EMP
RAD,OSM,SSW,DRY,DAY,BUS,LIGHT,FINE,4,EMP
XRD,FRNT,SSW,DRY,DAY,SINGLE,LIGHT,FINE,0,OTH
XRD,NSM,TAI,DRY,NIGHT,SINGLE,LIGHT,FINE,4,EMP
DEPOT,FRNT,N2T,DRY,DAY,SINGLE,LIGHT,FINE,1,CARS TRUCKS
RAD,REAR,N2T,WET,DAWN,MULTI,LIGHT,RAIN,1,CARS TRUCKS
RBT,OSM,SSW,WET,DAY,SINGLE,LIGHT,FINE,1,CARS TRUCKS
RAD,OSF,REVERSING,DRY,DAY,SINGLE,LIGHT,FINE,1,OTH
RAD,NSR,SSW,DRY,DAWN,SINGLE,NO,FINE,4,EMP
XRD,MIR,SSW,DRY,DAY,MULTI,LIGHT,FINE,1,CARS TRUCKS
BSP,NSM,TBO,DRY,DAY,SINGLE,NO,FINE,1,CARS TRUCKS
RAD,MIR,SSW,DRY,DUSK,MULTI,HEAVY,FINE,1,CARS TRUCKS
BSP,NSR,SSW,DRY,DAY,BUS,HEAVY,FINE,1,BUS - OTHER
XRD,NSF,SSW,DRY,DUSK,MULTI,HEAVY,FINE,4,BUS - OTHER
RAD,NSF,SSW,DRY,DAY,FREE,HEAVY,FINE,5,CARS TRUCKS
XRD,OSF,SSW,DRY,DAY,MULTI,HEAVY,FINE,5,BUS - OTHER
RAD,FRNT,N2T,WET,DAY,SINGLE,LIGHT,RAIN,4,BUS - OTHER
RAD,FRNT,N2T,DRY,DAY,MULTI,HEAVY,FINE,1,CARS TRUCKS
BSP,REAR,N2T,DRY,DAY,MULTI,HEAVY,FINE,1,CARS TRUCKS
RAD,NSM,SSW,DRY,DAY,MULTI,EXTREME,FINE,4,EMP
RAD,OSF,SSW,DRY,DAY,BUS,MODERATE,FINE,1,EMP
TIN,OSM,TBO,WET,DAY,SINGLE,LIGHT,RAIN,1,EMP
XRD,OSF,HON,DRY,DAY,MULTI,LIGHT,FINE,5,CARS TRUCKS
RAD,MIR,HON,DRY,DAY,MULTI,LIGHT,FINE,4,OTH
RAD,NSR,SSW,DRY,DUSK,MULTI,HEAVY,FINE,4,OTH
BSP,MIR,SSW,DRY,NIGHT,BUS,NO,FINE,4,EMP
RAD,FRNT,REVERSING,DRY,NIGHT,SINGLE,LIGHT,FINE,1,EMP
RAD,REAR,N2T,DRY,NIGHT,SINGLE,HEAVY,FINE,1,CARS TRUCKS
BSP,NSF,SSW,DRY,DUSK,MULTI,HEAVY,FINE,5,CARS TRUCKS
RAD,NSR,SSW,SLIP,DUSK,SINGLE,HEAVY,RAIN,4,EMP
RAD,NSR,SSW,DRY,DAY,SINGLE,NO,FINE,0,GEN
RAD,MIR,SSW,DRY,DAY,MULTI,MODERATE,FINE,4,BUS - OTHER
XRD,REAR,HON,DRY,DUSK,SINGLE,HEAVY,FINE,1,CARS TRUCKS
TIN,NSM,SSW,DRY,DAY,BUS,NO,FINE,4,EMP
RAD,REAR,N2T,WET,NIGHT,SINGLE,LIGHT,FINE,1,CARS TRUCKS
RAD,NSF,SSW,DRY,NIGHT,SINGLE,LIGHT,FINE,0,BUS - OTHER
RAD,REAR,HON,DRY,DAY,MULTI,MODERATE,FINE,1,EMP
RAD,OSM,TBO,DRY,DAY,MULTI,HEAVY,FINE,1,CARS TRUCKS
RAD,OSR,SSW,DRY,DAY,MULTI,EXTREME,FINE,1,EMP
RAD,FRNT,HON,DRY,NIGHT,SINGLE,NO,FINE,0,OTH
BSP,OSR,TBO,DRY,DAY,BUS,NO,FINE,1,CARS TRUCKS
BSP,NSF,SSW,DRY,NIGHT,SINGLE,NO,FINE,4,BUS - OTHER
RAD,OSR,SSW,DRY,NIGHT,FREE,MODERATE,FINE,4,EMP
RAD,NSM,SSW,DRY,DAY,BUS,MODERATE,FINE,4,EMP
RBT,OSM,SSW,DRY,NIGHT,SINGLE,NO,FINE,4,EMP
RAD,NSR,SSW,DRY,DAWN,MULTI,LIGHT,FINE,4,EMP
BSP,REAR,REVERSING,DRY,DAY,BUS,MODERATE,FINE,4,EMP
RAD,FRNT,SSW,DRY,DAY,SINGLE,MODERATE,FINE,4,CARS TRUCKS
RAD,MIR,TAI,DRY,DAY,MULTI,MODERATE,FINE,4,EMP
RAD,OSR,HON,DRY,DAY,MULTI,EXTREME,FINE,1,CARS TRUCKS
RAD,REAR,REVERSING,DRY,NIGHT,MULTI,MODERATE,FINE,4,EMP
TIN,REAR,TAI,DRY,STREET,SINGLE,HEAVY,FINE,4,CARS TRUCKS
DEPOT,REAR,SSW,DRY,DAY,SINGLE,NO,FINE,4,EMP
BSP,NSR,SSW,WET,DAY,SINGLE,MODERATE,RAIN,1,GEN
RAD,FRNT,HON,DRY,NIGHT,MULTI,LIGHT,FINE,1,CARS TRUCKS
XRD,OSR,TAI,DRY,DAY,MULTI,HEAVY,FINE,4,EMP
BSP,NSF,N2T,DRY,DAY,MULTI,LIGHT,FINE,1,BUS - OTHER
RAD,NSR,SSW,DRY,DAY,MULTI,HEAVY,FINE,5,EMP
RAD,FRNT,HON,WET,DAY,MULTI,LIGHT,RAIN,1,CARS TRUCKS
BSP,NSR,REVERSING,DRY,DAY,MULTI,LIGHT,FINE,1,CARS TRUCKS
RBT,FRNT,TBO,WET,DUSK,SINGLE,MODERATE,RAIN,4,CARS TRUCKS
BSP,MIR,N2T,DRY,NIGHT,MULTI,NO,FINE,1,EMP
XRD,REAR,REVERSING,DRY,DAY,SINGLE,NO,FINE,4,EMP
BSP,MIR,HON,DRY,DAWN,MULTI,MODERATE,FINE,4,EMP
RAD,TOPR,TAI,DRY,DAY,SINGLE,NO,FINE,4,EMP
BSP,NSR,TAI,WET,DUSK,SINGLE,LIGHT,RAIN,4,EMP
BSP,NSF,HON,DRY,DUSK,BUS,LIGHT,FINE,4,EMP
RAD,NSF,TBO,DRY,DAY,MULTI,HEAVY,FINE,1,CARS TRUCKS
RBT,NSF,SSW,DRY,DAY,SINGLE,NO,FINE,4,EMP
BSP,NSR,TAI,DRY,DAY,SINGLE,HEAVY,FINE,1,CARS TRUCKS
BSP,NSM,SSW,DRY,NIGHT,BUS,NO,FINE,4,EMP
RBT,NSF,TBO,WET,STREET,SINGLE,LIGHT,RAIN,1,CARS TRUCKS
BSP,NSR,REVERSING,DRY,DAY,MULTI,MODERATE,FINE,1,CARS TRUCKS
RAD,NSR,SSW,DRY,DAY,SINGLE,EXTREME,FINE,1,CARS TRUCKS
BSP,OSR,SSW,WET,DAY,SINGLE,MODERATE,RAIN,1,GEN
RAD,FRNT,N2T,DRY,DAY,MULTI,HEAVY,SUN,4,EMP
RAD,OSF,SSW,WET,DAY,MULTI,MODERATE,RAIN,1,CARS TRUCKS
RAD,OSF,HON,SLIP,DAY,MULTI,MODERATE,FINE,1,CARS TRUCKS
DEPOT,MIR,SSW,WET,DAY,SINGLE,LIGHT,FINE,4,BUS - OTHER
RAD,OSM,HON,WET,DAY,SINGLE,MODERATE,RAIN,1,CARS TRUCKS
RAD,REAR,TBO,DRY,DAY,MULTI,LIGHT,FINE,1,CARS TRUCKS
RAD,NSR,REVERSING,DRY,DAY,SINGLE,LIGHT,FINE,1,CARS TRUCKS
BSP,OSF,N2T,DRY,DAY,SINGLE,LIGHT,FINE,1,CARS TRUCKS
TIN,NSM,SSW,WET,DAY,MULTI,HEAVY,RAIN,1,CARS TRUCKS
RAD,NSF,SSW,DRY,DAY,SINGLE,MODERATE,FINE,1,GEN
XRD,NSR,TAI,DRY,DAY,MULTI,LIGHT,FINE,4,BUS - OTHER
TIN,OSR,ROO,DRY,DAY,SINGLE,LIGHT,FINE,4,BUS - OTHER
BSP,OSR,SSW,DRY,DAY,BUS,HEAVY,FINE,1,GEN
RAD,MIR,SSW,WET,DAY,MULTI,MODERATE,RAIN,1,CARS TRUCKS
RAD,NSR,SSW,DRY,DAY,BUS,NO,FINE,1,EMP
RAD,MIR,SSW,WET,NIGHT,SINGLE,NO,FOG,4,EMP
RAD,MIR,SSW,DRY,DAY,SINGLE,NO,FINE,4,ENV
BSP,REAR,TBO,DRY,DAY,BUS,NO,FINE,6,CARS TRUCKS
RBT,OSM,SSW,DRY,NIGHT,SINGLE,NO,FINE,4,BUS - OTHER
BSP,MIR,SSW,DRY,DAY,BUS,LIGHT,FINE,5,EMP
BSP,NSR,BTMO,DRY,DAY,BUS,LIGHT,FINE,1,CARS TRUCKS
BSP,OSR,SSW,DRY,NIGHT,BUS,LIGHT,FINE,2,EMP
BSP,TOPM,SSW,DRY,DAY,SINGLE,LIGHT,FINE,4,EMP
RAD,FRNT,HON,SLIP,STREET,MULTI,NO,FOG,4,EMP
RAD,WSRE,SSW,DRY,DAY,SINGLE,NO,FINE,0,ENV
XRD,REAR,SSW,DRY,DAY,MULTI,LIGHT,FINE,4,EMP
BSP,FRNT,HON,DRY,DAY,SINGLE,LIGHT,FINE,4,BUS - OTHER
RAD,MIR,SSW,DRY,NIGHT,SINGLE,LIGHT,RAIN,4,BUS - OTHER
BSP,TOPM,SSW,DRY,DAY,SINGLE,NO,FINE,5,PAS
RAD,NSF,SSW,DRY,DAY,MULTI,HEAVY,FINE,5,CARS TRUCKS
RBT,NSF,SSW,WET,NIGHT,SINGLE,LIGHT,RAIN,4,EMP
RAD,NSR,REVERSING,DRY,NIGHT,MULTI,MODERATE,FINE,1,CARS TRUCKS
RAD,REAR,REVERSING,DRY,NIGHT,MULTI,NO,FINE,4,EMP
BSP,NSM,SSW,WET,DUSK,BUS,LIGHT,RAIN,4,BUS - OTHER
BSP,MIR,SSW,DRY,DAY,SINGLE,LIGHT,FINE,5,BUS - OTHER
BSP,MIR,SSW,DRY,DAWN,SINGLE,MODERATE,FINE,1,CARS TRUCKS
RAD,NSR,SSW,DRY,NIGHT,SINGLE,LIGHT,FINE,4,BUS - OTHER
BSP,MIR,SSW,DRY,DAY,BUS,EXTREME,FINE,4,BUS BRAKING
RAD,FRNT,N2T,DRY,DAY,MULTI,MODERATE,FINE,4,CARS TRUCKS
BSP,NSR,TAI,DRY,STREET,BUS,NO,FINE,4,EMP
RAD,NSR,SSW,DRY,DAY,SINGLE,HEAVY,FINE,0,OTH
RAD,FRNT,HON,DRY,DAY,SINGLE,LIGHT,FINE,0,OTH
BSP,NSR,TAI,DRY,DAY,MULTI,MODERATE,FINE,4,BUS - OTHER
RBT,REAR,BTMO,DRY,DAY,SINGLE,MODERATE,FINE,1,CARS TRUCKS
RBT,NSM,TBO,DRY,DAY,SINGLE,LIGHT,FINE,1,CARS TRUCKS
RAD,NSM,SSW,DRY,DAY,SINGLE,LIGHT,FINE,0,EMP
BSP,TOPF,ROO,DRY,NIGHT,SINGLE,NO,FINE,4,EMP
RAD,OSR,TAI,DRY,DAY,BUS,NO,FINE,4,EMP
XRD,NSR,TAI,DRY,DAY,SINGLE,NO,FINE,4,EMP
RAD,OSR,N2T,DRY,DAWN,MULTI,MODERATE,FINE,4,CARS TRUCKS
DEPOT,FRNT,N2T,DRY,NIGHT,SINGLE,NO,FINE,4,BUS - OTHER
RAD,NSF,SSW,WET,DAY,SINGLE,LIGHT,RAIN,4,ENV
XRD,OSR,N2T,DRY,DAY,BUS,LIGHT,FINE,1,EMP
BSP,MIR,SSW,DRY,NIGHT,SINGLE,NO,FINE,2,CARS TRUCKS
XRD,NSF,SSW,DRY,DAY,MULTI,LIGHT,FINE,5,EMP
RAD,MIR,HON,WET,DAY,SINGLE,HEAVY,RAIN,4,EMP
RAD,MIR,HON,DRY,NIGHT,MULTI,MODERATE,FINE,4,EMP
BSP,NSR,SSW,DRY,DAY,BUS,LIGHT,FINE,4,BUS - OTHER
RAD,TOPR,REVERSING,DRY,DAY,SINGLE,LIGHT,FINE,4,EMP
RBT,NSR,SSW,DRY,STREET,SINGLE,NO,FINE,4,EMP
RAD,MIR,SSW,DRY,DAY,SINGLE,NO,FINE,1,CARS TRUCKS
RAD,NSF,SSW,WET,STREET,MULTI,LIGHT,RAIN,0,ENV
BSP,NSR,TAI,WET,STREET,MULTI,LIGHT,RAIN,4,EMP
RAD,NSF,SSW,DRY,DUSK,SINGLE,HEAVY,FINE,4,BUS - OTHER
RAD,FRNT,HON,DRY,DUSK,MULTI,HEAVY,FINE,4,EMP
BSP,NSR,SSW,DRY,DAY,BUS,HEAVY,FINE,4,BUS - OTHER
RAD,NSF,SSW,DRY,DAY,MULTI,LIGHT,FINE,4,BUS - OTHER
RBT,NSF,SSW,DRY,DAY,SINGLE,LIGHT,FINE,1,CARS TRUCKS
XRD,NSM,SSW,DRY,DAY,SINGLE,NO,FINE,1,GEN
RAD,NSF,SSW,DRY,DUSK,MULTI,LIGHT,FINE,5,EMP
BSP,NSF,ROO,DRY,DAY,SINGLE,LIGHT,FINE,4,EMP
RAD,OSM,SSW,DRY,NIGHT,SINGLE,LIGHT,FINE,5,CARS TRUCKS
RBT,OSM,SSW,DRY,DAY,SINGLE,LIGHT,FINE,5,CARS TRUCKS
BSP,NSR,SSW,WET,DAY,SINGLE,HEAVY,RAIN,4,CARS TRUCKS
RAD,MIR,SSW,DRY,DAY,SINGLE,LIGHT,FINE,4,BUS - OTHER
RAD,REAR,N2T,WET,DAY,SINGLE,LIGHT,RAIN,1,CARS TRUCKS
BSP,NSM,SSW,DRY,DAWN,BUS,HEAVY,FINE,2,CARS TRUCKS
RAD,OSM,TAI,DRY,DAY,SINGLE,LIGHT,FINE,4,EMP
RAD,OSF,SSW,DRY,STREET,MULTI,LIGHT,FOG,4,CARS TRUCKS
RBT,OSM,SSW,DRY,DAY,SINGLE,HEAVY,FINE,4,EMP
XRD,OSF,SSW,DRY,DAY,MULTI,MODERATE,FINE,5,BUS - OTHER
TIN,OSF,TBO,DRY,DAY,SINGLE,LIGHT,FINE,4,EMP
BSP,OSF,SSW,DRY,DAWN,SINGLE,LIGHT,FINE,1,CARS TRUCKS
XRD,NSM,SSW,DRY,DAY,SINGLE,HEAVY,FINE,4,CARS TRUCKS
RAD,OSR,SSW,WET,DUSK,MULTI,HEAVY,RAIN,4,EMP
BSP,OSR,TAI,DRY,DAY,SINGLE,LIGHT,RAIN,4,EMP
RAD,OSR,SSW,DRY,DAY,SINGLE,EXTREME,FINE,1,CARS TRUCKS
RAD,NSM,SSW,DRY,NIGHT,SINGLE,NO,FINE,4,BUS - OTHER
TIN,NSR,SSW,WET,DUSK,MULTI,MODERATE,FINE,1,CARS TRUCKS
RAD,OSM,SSW,DRY,DAY,MULTI,MODERATE,FINE,5,ROA
RAD,FRNT,HON,DRY,DUSK,MULTI,MODERATE,FINE,1,CARS TRUCKS