location_code,damage_code,collision_code,road_code,light_code,road_type_code,traffic_code,weather_code,emp_liability_code,kpi_cause_code
RAD,NSR,TAI,SLIP,DAY,MULTI,HEAVY,FINE,4,EMP
RAD,MIR,SSW,DRY,DAY,MULTI,EXTREME,FINE,4,EMP
RBT,OSR,HON,DRY,DAY,MULTI,MODERATE,FINE,4,CARS TRUCKS
BSP,REAR,SSW,DRY,DAY,SINGLE,NO,FINE,1,CARS TRUCKS
BSP,MIR,ROO,WET,DAY,SINGLE,NO,RAIN,4,BUS - OTHER
BSP,TOPF,SSW,DRY,NIGHT,BUS,NO,FINE,4,EMP
RAD,NSM,REVERSING,DRY,DAY,SINGLE,NO,FINE,4,EMP
XRD,OSR,SSW,WET,DAY,SINGLE,NO,RAIN,1,CARS TRUCKS
BSP,MIR,SSW,WET,DAY,MULTI,MODERATE,FINE,5,CARS TRUCKS
RAD,MIR,SSW,DRY,STREET,SINGLE,NO,FINE,4,PAS
BSP,NSM,SSW,DRY,DAY,MULTI,LIGHT,FINE,1,CARS TRUCKS
RAD,OSR,TAI,WET,DUSK,MULTI,MODERATE,RAIN,4,EMP
BSP,OSF,SSW,WET,DUSK,MULTI,HEAVY,RAIN,4,EMP
RAD,NSR,TAI,DRY,DAY,SINGLE,EXTREME,FINE,4,CARS TRUCKS
DEPOT,NSM,SSW,DRY,DAWN,SINGLE,NO,FINE,4,EMP
RAD,NSR,BTMO,WET,DAY,SINGLE,MODERATE,RAIN,4,EMP
XRD,NSR,N2T,DRY,DAY,MULTI,HEAVY,FINE,1,CARS TRUCKS
BSP,MIR,SSW,DRY,DAWN,BUS,LIGHT,FINE,4,EMP
BSP,OSR,SSW,WET,DAY,SINGLE,NO,RAIN,2,EMP
BSP,OSR,SSW,SLIP,DAY,BUS,MODERATE,RAIN,4,EMP
XRD,OSM,SSW,WET,DAY,SINGLE,NO,RAIN,0,OTH
RAD,OSR,SSW,DRY,DAWN,MULTI,MODERATE,FINE,1,CARS TRUCKS
RAD,OSF,SSW,DRY,NIGHT,SINGLE,MODERATE,FINE,1,CARS TRUCKS
XRD,NSR,TAI,WET,DAY,SINGLE,EXTREME,RAIN,4,EMP
BSP,OSR,SSW,DRY,DAY,BUS,NO,FINE,2,CARS TRUCKS
XRD,FRNT,N2T,DRY,STREET,MULTI,LIGHT,FINE,1,GEN
RAD,NSF,ROO,DRY,DAY,MULTI,MODERATE,FINE,4,EMP
RAD,OSM,SSW,WET,DAY,MULTI,HEAVY,RAIN,4,EMP
BSP,OSR,N2T,WET,STREET,MULTI,MODERATE,RAIN,1,CARS TRUCKS
BSP,NSF,SSW,DRY,DAY,MULTI,MODERATE,FINE,1,EMP
XRD,NSM,SSW,DRY,NIGHT,SINGLE,NO,FINE,4,EMP
RAD,NSM,SSW,DRY,DAWN,MULTI,MODERATE,FINE,1,CARS TRUCKS
XRD,NSR,BTMO,DRY,DAY,SINGLE,MODERATE,FINE,1,GEN
RAD,FRNT,REVERSING,DRY,DAY,SINGLE,HEAVY,FINE,1,CARS TRUCKS
RAD,NSR,SSW,DRY,DAY,SINGLE,NO,FINE,1,CARS TRUCKS
RAD,FRNT,TBO,SLIP,DAY,MULTI,HEAVY,RAIN,1,CARS TRUCKS
BSP,REAR,N2T,WET,DAY,SINGLE,NO,RAIN,1,CARS TRUCKS
TIN,NSF,SSW,DRY,DAY,SINGLE,NO,FINE,4,EMP
BSP,NSF,ROO,DRY,DAY,SINGLE,HEAVY,FINE,4,EMP
RAD,NSR,SSW,WET,DAY,MULTI,LIGHT,RAIN,4,ENV
RAD,NSM,SSW,DRY,DUSK,MULTI,HEAVY,FINE,4,EMP
RAD,FRNT,SSW,WET,DAY,MULTI,EXTREME,RAIN,0,ENV
BSP,NSF,ROO,DRY,DUSK,SINGLE,LIGHT,FINE,4,EMP
RAD,FRNT,N2T,DRY,DAY,MULTI,NO,FINE,4,EMP
RBT,REAR,SSW,DRY,DAY,SINGLE,HEAVY,FINE,1,CARS TRUCKS
XRD,NSM,SSW,DRY,DAWN,MULTI,LIGHT,FINE,4,EMP
RAD,NSR,N2T,WET,DAWN,MULTI,LIGHT,RAIN,1,CARS TRUCKS
RAD,NSR,TAI,DRY,DAY,BUS,NO,FINE,4,EMP
RAD,OSM,TBO,DRY,NIGHT,MULTI,LIGHT,FINE,1,CARS TRUCKS
RAD,NSM,SSW,DRY,DAY,SINGLE,NO,FINE,4,PL&EQ
RAD,NSM,SSW,DRY,DAY,MULTI,MODERATE,FINE,4,BUS - OTHER
BSP,MIR,SSW,DRY,DAY,SINGLE,EXTREME,FINE,4,EMP
BSP,NSR,SSW,SLIP,DAY,MULTI,MODERATE,RAIN,4,EMP
RAD,NSF,SSW,DRY,DAWN,BUS,LIGHT,FOG,4,EMP
RAD,FRNT,ROO,DRY,DAY,MULTI,LIGHT,FINE,4,ENV
RAD,OSR,N2T,DRY,DAY,MULTI,EXTREME,FINE,5,CARS TRUCKS
BSP,MIR,HON,DRY,DUSK,MULTI,LIGHT,FINE,4,EMP
BSP,MIR,SSW,DRY,DAY,MULTI,LIGHT,FINE,4,BUS - OTHER
RBT,OSM,SSW,DRY,DUSK,SINGLE,MODERATE,FINE,4,EMP
BSP,MIR,SSW,WET,DAY,SINGLE,LIGHT,RAIN,4,CARS TRUCKS
RBT,OSR,BTMO,DRY,DAY,SINGLE,NO,FINE,4,BUS - OTHER
RAD,NSM,TBO,DRY,DAY,SINGLE,NO,FINE,1,CARS TRUCKS
RAD,NSM,SSW,WET,NIGHT,SINGLE,LIGHT,RAIN,4,BUS - OTHER
RAD,OSF,SSW,DRY,NIGHT,SINGLE,NO,FINE,4,BUS - OTHER
RAD,NSR,SSW,DRY,STREET,SINGLE,LIGHT,FINE,4,EMP
RAD,NSF,SSW,DRY,DAY,MULTI,MODERATE,FINE,0,CARS TRUCKS
BSP,MIR,SSW,DRY,DAWN,MULTI,LIGHT,FINE,4,BUS - OTHER
BSP,MIR,SSW,DRY,DAY,BUS,LIGHT,FINE,2,BUS - OTHER
XRD,MIR,SSW,DRY,DAY,MULTI,HEAVY,FINE,5,CARS TRUCKS
TIN,OSF,SSW,DRY,DAY,MULTI,LIGHT,FINE,2,EMP
RAD,REAR,SSW,DRY,DAY,SINGLE,EXTREME,FINE,1,EMP
TIN,OSM,SSW,WET,NIGHT,MULTI,NO,RAIN,4,EMP
RAD,NSR,N2T,WET,DAY,SINGLE,HEAVY,RAIN,1,CARS TRUCKS
RAD,MIR,ROO,DRY,DAY,SINGLE,LIGHT,SUN,4,EMP
RBT,NSM,SSW,DRY,DAY,SINGLE,LIGHT,FINE,5,EMP
BSP,NSR,SSW,WET,DAY,SINGLE,HEAVY,RAIN,5,CARS TRUCKS
RAD,REAR,REVERSING,WET,DAY,SINGLE,NO,RAIN,0,OTH
RAD,NSF,ROO,DRY,DAY,SINGLE,NO,FINE,4,EMP
RAD,NSR,SSW,WET,DAY,SINGLE,LIGHT,RAIN,6,EMP
BSP,FRNT,N2T,DRY,DAY,SINGLE,LIGHT,FINE,1,CARS TRUCKS
RAD,NSM,SSW,SLIP,DAY,SINGLE,LIGHT,RAIN,0,ENV
BSP,OSR,TAI,DRY,DAY,BUS,LIGHT,FINE,4,EMP
TIN,FRNT,SSW,DRY,DAY,SINGLE,HEAVY,FINE,4,EMP
TIN,OSR,REVERSING,DRY,DAY,SINGLE,NO,FINE,4,BUS - OTHER
RAD,NSR,TAI,DRY,NIGHT,MULTI,LIGHT,FINE,4,EMP
RAD,OSF,SSW,WET,DUSK,MULTI,HEAVY,RAIN,1,CARS TRUCKS
RBT,NSR,SSW,DRY,DAY,MULTI,LIGHT,SUN,1,CARS TRUCKS
BSP,NSR,REVERSING,DRY,DAY,MULTI,NO,FINE,4,EMP
RAD,OSR,HON,DRY,DAY,SINGLE,LIGHT,FINE,1,CARS TRUCKS
RAD,MIR,SSW,DRY,DAY,SINGLE,LIGHT,FINE,0,BUS - OTHER
RAD,OSM,SSW,DRY,DUSK,SINGLE,NO,FINE,0,GEN
RAD,OSR,REVERSING,WET,DAY,SINGLE,NO,RAIN,4,BUS - OTHER
RAD,NSF,SSW,DRY,DAY,SINGLE,NO,SUN,5,CARS TRUCKS
RAD,OSF,HON,DRY,DAY,MULTI,LIGHT,FINE,1,CARS TRUCKS
RAD,OSR,SSW,DRY,NIGHT,SINGLE,NO,FINE,4,BUS - OTHER
TIN,FRNT,SSW,DRY,DAY,SINGLE,LIGHT,FINE,1,CARS TRUCKS
RAD,NSM,SSW,DRY,NIGHT,SINGLE,EXTREME,FINE,4,CARS TRUCKS
TIN,NSR,TAI,DRY,DAY,MULTI,LIGHT,FINE,4,EMP
BSP,MIR,HON,DRY,NIGHT,MULTI,MODERATE,FINE,4,EMP
BSP,NSF,ROO,DRY,DUSK,SINGLE,NO,FINE,4,EMP
BSP,REAR,SSW,DRY,DAY,SINGLE,LIGHT,FINE,1,CARS TRUCKS
RAD,REAR,N2T,DRY,DUSK,MULTI,HEAVY,FINE,1,CARS TRUCKS
RAD,OSM,SSW,WET,NIGHT,SINGLE,NO,RAIN,1,CARS TRUCKS
BSP,MIR,SSW,DRY,DAY,BUS,HEAVY,FINE,2,EMP
XRD,NSR,SSW,DRY,DAY,MULTI,HEAVY,FINE,5,CARS TRUCKS
TIN,MIR,HON,WET,DAY,SINGLE,MODERATE,RAIN,4,EMP
BSP,NSR,TAI,DRY,DAY,SINGLE,MODERATE,RAIN,2,EMP
BSP,MIR,SSW,WET,DAY,SINGLE,HEAVY,RAIN,4,EMP
BSP,FRNT,N2T,DRY,DAY,BUS,NO,FINE,2,BUS - OTHER
RAD,NSF,SSW,WET,NIGHT,MULTI,LIGHT,RAIN,1,CARS TRUCKS
XRD,FRNT,SSW,DRY,DUSK,MULTI,HEAVY,FINE,4,EMP
TIN,NSR,SSW,WET,DAY,SINGLE,HEAVY,FOG,4,EMP
RAD,NSF,HON,DRY,DAY,MULTI,MODERATE,FINE,4,EMP
BSP,NSF,HON,DRY,DAY,BUS,NO,FINE,4,EMP
RAD,NSR,SSW,DRY,DAY,BUS,LIGHT,FINE,2,OTH
RAD,TOPR,SSW,DRY,DAY,MULTI,NO,FINE,4,EMP
BSP,MIR,SSW,DRY,DAWN,MULTI,MODERATE,FINE,4,EMP
RAD,NSF,REVERSING,DRY,DAY,SINGLE,LIGHT,FINE,1,EMP
BSP,NSM,SSW,DRY,DAY,BUS,EXTREME,FINE,4,EMP
RAD,FRNT,HON,DRY,DUSK,SINGLE,NO,FINE,0,GEN
RBT,NSR,TAI,DRY,DAY,SINGLE,NO,FINE,4,EMP
RAD,OSF,SSW,DRY,DAY,BUS,HEAVY,FINE,1,CARS TRUCKS
RAD,MIR,SSW,DRY,DAWN,SINGLE,MODERATE,FINE,5,EMP
RAD,NSM,SSW,DRY,DAY,MULTI,LIGHT,FINE,1,GEN
RAD,MIR,SSW,DRY,DAY,BUS,LIGHT,FINE,4,BUS - OTHER
RBT,NSR,SSW,DRY,DAY,SINGLE,LIGHT,FINE,4,BUS - OTHER
RAD,OSR,SSW,SLIP,DAY,MULTI,HEAVY,FINE,4,CARS TRUCKS
RAD,OSM,TBO,DRY,NIGHT,MULTI,MODERATE,FINE,4,EMP
RAD,NSR,SSW,DRY,DUSK,SINGLE,HEAVY,SUN,4,BUS - OTHER
RAD,OSM,REVERSING,DRY,DAY,SINGLE,NO,FINE,4,EMP
RAD,NSF,HON,WET,DAWN,SINGLE,LIGHT,FINE,4,EMP
RAD,NSF,N2T,DRY,DAY,SINGLE,HEAVY,FINE,4,CARS TRUCKS
RAD,REAR,BTMO,DRY,DAY,SINGLE,LIGHT,FINE,4,BUS - OTHER
BSP,MIR,SSW,DRY,NIGHT,SINGLE,MODERATE,FINE,4,BUS - OTHER
RAD,FRNT,SSW,WET,STREET,MULTI,MODERATE,RAIN,1,GEN
TIN,OSF,N2T,DRY,DAY,SINGLE,MODERATE,FINE,4,EMP
RAD,NSM,SSW,DRY,NIGHT,MULTI,LIGHT,FINE,4,CARS TRUCKS
BSP,MIR,SSW,WET,NIGHT,SINGLE,LIGHT,RAIN,4,BUS - OTHER
BSP,NSM,SSW,WET,DAY,SINGLE,LIGHT,RAIN,4,EMP
RAD,NSR,SSW,DRY,DAY,MULTI,LIGHT,FINE,5,CARS TRUCKS
RAD,MIR,HON,DRY,STREET,SINGLE,LIGHT,FOG,4,EMP
TIN,OSF,HON,WET,DUSK,MULTI,LIGHT,RAIN,1,EMP
BSP,OSR,SSW,DRY,DAY,BUS,NO,FINE,2,BUS - OTHER
RAD,MIR,HON,DRY,DAY,SINGLE,MODERATE,FINE,4,OTH
RAD,NSF,HON,DRY,NIGHT,SINGLE,NO,FINE,4,OTH
BSP,MIR,SSW,DRY,DAY,BUS,LIGHT,FINE,5,CARS TRUCKS
BSP,REAR,N2T,DRY,DAY,MULTI,HEAVY,FINE,1,GEN
TIN,FRNT,HON,DRY,DAY,MULTI,LIGHT,FINE,5,CARS TRUCKS
BSP,MIR,HON,DRY,DAY,SINGLE,HEAVY,FINE,4,EMP
RAD,OSM,SSW,DRY,DUSK,MULTI,MODERATE,FINE,5,CARS TRUCKS
TIN,MIR,SSW,DRY,DAY,SINGLE,LIGHT,FINE,4,BUS - OTHER
RAD,REAR,REVERSING,DRY,DAWN,MULTI,LIGHT,FINE,4,EMP
RAD,OSM,SSW,DRY,DAY,SINGLE,MODERATE,FINE,1,BUS - OTHER
RAD,FRNT,HON,WET,DAY,MULTI,LIGHT,RAIN,4,CARS TRUCKS
BSP,NSM,TAI,DRY,NIGHT,SINGLE,NO,FINE,4,EMP
BSP,WSRE,SSW,DRY,DUSK,SINGLE,LIGHT,FINE,0,GEN
RAD,NSM,REVERSING,WET,DAY,SINGLE,HEAVY,RAIN,1,CARS TRUCKS
RAD,NSF,SSW,DRY,DAY,SINGLE,LIGHT,FINE,5,CARS TRUCKS
XRD,NSR,SSW,DRY,NIGHT,MULTI,MODERATE,FINE,1,GEN
RAD,NSM,SSW,DRY,NIGHT,MULTI,LIGHT,FINE,5,CARS TRUCKS
RAD,NSR,N2T,WET,DAY,SINGLE,MODERATE,FINE,1,CARS TRUCKS
RAD,NSR,SSW,DRY,NIGHT,MULTI,HEAVY,FINE,4,BUS - OTHER
RAD,FRNT,TBO,DRY,DAY,SINGLE,NO,FINE,4,BUS - OTHER
DEPOT,MIR,SSW,DRY,DAY,SINGLE,NO,FINE,4,BUS - OTHER
RAD,OSF,SSW,WET,NIGHT,FREE,LIGHT,RAIN,0,BUS - OTHER
XRD,FRNT,HON,DRY,DAY,SINGLE,HEAVY,FINE,4,BUS - OTHER
XRD,NSR,SSW,WET,DAY,MULTI,LIGHT,FINE,1,CARS TRUCKS
TIN,FRNT,N2T,DRY,DAY,MULTI,LIGHT,FINE,4,EMP
RAD,OSR,SSW,WET,DAY,MULTI,LIGHT,RAIN,1,CARS TRUCKS
RAD,OSR,TAI,DRY,DUSK,MULTI,MODERATE,FINE,4,EMP
TIN,FRNT,N2T,WET,DAY,MULTI,LIGHT,RAIN,4,EMP
RAD,NSR,SSW,DRY,DAY,MULTI,MODERATE,FINE,5,GEN
BSP,MIR,SSW,DRY,STREET,MULTI,MODERATE,FINE,4,EMP
XRD,MIR,SSW,DRY,DAY,SINGLE,MODERATE,FINE,5,CARS TRUCKS
BSP,NSF,SSW,WET,DAY,MULTI,LIGHT,RAIN,0,OTH
RAD,NSF,ROO,SLIP,NIGHT,SINGLE,MODERATE,RAIN,4,EMP
TIN,NSR,HON,DRY,DAY,SINGLE,LIGHT,FINE,1,EMP
BSP,OSR,SSW,DRY,DAWN,SINGLE,HEAVY,FINE,1,CARS TRUCKS
RAD,NSF,SSW,DRY,DAY,MULTI,LIGHT,FINE,0,GEN
BSP,OSM,REVERSING,WET,DUSK,SINGLE,LIGHT,FINE,1,CARS TRUCKS
BSP,NSF,SSW,DRY,NIGHT,SINGLE,LIGHT,FINE,0,GEN
RAD,OSM,SSW,DRY,DAY,MULTI,MODERATE,FINE,5,CARS TRUCKS
RAD,MIR,HON,SLIP,DAY,SINGLE,LIGHT,FINE,4,BUS - OTHER
RAD,TOPM,SSW,DRY,DAY,SINGLE,HEAVY,FINE,1,CARS TRUCKS
RAD,REAR,REVERSING,WET,DAY,SINGLE,NO,RAIN,4,BUS - OTHER
BSP,NSF,SSW,SLIP,DAY,MULTI,MODERATE,FOG,4,EMP
BSP,MIR,SSW,DRY,DAY,FREE,MODERATE,FINE,4,EMP
RBT,OSM,BTMO,WET,NIGHT,SINGLE,HEAVY,RAIN,4,BUS - OTHER
BSP,NSF,SSW,DRY,DAY,SINGLE,LIGHT,SUN,4,EMP
RAD,OSF,SSW,DRY,NIGHT,BUS,LIGHT,FINE,1,CARS TRUCKS
BSP,OSM,SSW,DRY,DAY,MULTI,LIGHT,FINE,1,CARS TRUCKS
RAD,OSF,SSW,DRY,DAY,MULTI,HEAVY,FINE,4,CARS TRUCKS
RAD,NSF,SSW,DRY,DAY,SINGLE,NO,FINE,4,BUS - OTHER
RAD,REAR,REVERSING,DRY,DAY,SINGLE,MODERATE,SUN,0,EMP
RAD,NSF,HON,DRY,DAY,SINGLE,NO,FINE,4,OTH
RAD,OSF,N2T,WET,NIGHT,SINGLE,HEAVY,RAIN,4,EMP
RAD,OSR,TBO,DRY,NIGHT,SINGLE,NO,FINE,5,CARS TRUCKS
BSP,OSM,N2T,DRY,DAY,MULTI,LIGHT,FINE,1,GEN
BSP,OSF,SSW,DRY,DAWN,MULTI,LIGHT,FINE,1,CARS TRUCKS
RBT,NSF,SSW,DRY,DAY,SINGLE,LIGHT,FINE,4,BUS - OTHER
RAD,FRNT,HON,DRY,NIGHT,MULTI,NO,FINE,0,EMP
RAD,NSM,SSW,WET,DAWN,SINGLE,LIGHT,RAIN,4,EMP
BSP,NSM,SSW,DRY,DAY,BUS,LIGHT,FINE,4,CARS TRUCKS
BSP,REAR,N2T,DRY,DAY,SINGLE,NO,FINE,2,BUS - OTHER
BSP,REAR,TAI,DRY,DAY,BUS,MODERATE,FINE,4,EMP
RAD,NSF,SSW,WET,NIGHT,MULTI,HEAVY,FINE,4,EMP
XRD,OSR,SSW,DRY,DAY,MULTI,MODERATE,FINE,1,EMP
RAD,TOPM,SSW,DRY,DAY,MULTI,MODERATE,FINE,4,EMP
TIN,NSR,SSW,WET,DUSK,MULTI,MODERATE,RAIN,1,EMP
RAD,OSF,SSW,DRY,DAWN,MULTI,LIGHT,FINE,5,CARS TRUCKS
RAD,FRNT,HON,DRY,DAWN,MULTI,LIGHT,FINE,0,OTH
RBT,NSR,TAI,DRY,DUSK,SINGLE,LIGHT,FINE,4,EMP
XRD,FRNT,SSW,DRY,DAY,SINGLE,NO,FINE,0,EMP
BSP,OSR,TAI,WET,DAY,BUS,NO,RAIN,4,BUS - OTHER
BSP,REAR,N2T,SLIP,DAY,MULTI,MODERATE,SUN,1,BUS - OTHER
TIN,OSF,SSW,WET,DAY,SINGLE,LIGHT,RAIN,1,CARS TRUCKS
RAD,NSR,SSW,DRY,DAY,BUS,MODERATE,FINE,4,CARS TRUCKS
XRD,NSR,TAI,DRY,DAWN,MULTI,LIGHT,SUN,4,EMP
BSP,NSM,SSW,DRY,NIGHT,SINGLE,MODERATE,FINE,4,CARS TRUCKS
BSP,OSR,TAI,DRY,NIGHT,SINGLE,LIGHT,FINE,4,EMP
BSP,NSF,SSW,DRY,DAY,SINGLE,NO,FINE,4,BUS - OTHER
XRD,NSR,SSW,DRY,NIGHT,MULTI,NO,FINE,4,EMP
BSP,REAR,N2T,SLIP,DAY,MULTI,HEAVY,RAIN,1,CARS TRUCKS
RAD,MIR,HON,WET,NIGHT,MULTI,LIGHT,RAIN,4,CARS TRUCKS
RAD,NSR,REVERSING,DRY,DAY,MULTI,LIGHT,FINE,1,GEN
RAD,MIR,SSW,DRY,DAY,SINGLE,MODERATE,FINE,0,EMP
RAD,FRNT,SSW,DRY,DAY,MULTI,LIGHT,FINE,5,CARS TRUCKS
RAD,OSM,SSW,DRY,DAY,SINGLE,LIGHT,SUN,4,EMP
RAD,WIN,SSW,DRY,DAY,MULTI,LIGHT,FINE,0,OTH
XRD,OSR,SSW,DRY,DAY,MULTI,HEAVY,FINE,1,CARS TRUCKS
BSP,MIR,SSW,DRY,DAY,SINGLE,LIGHT,FINE,1,CARS TRUCKS
RAD,NSF,SSW,WET,NIGHT,MULTI,NO,RAIN,0,ENV
TIN,NSM,SSW,SLIP,DAY,SINGLE,MODERATE,FINE,4,BUS - OTHER
RAD,NSM,ROO,DRY,NIGHT,SINGLE,NO,FINE,4,EMP
RAD,OSF,REVERSING,DRY,DUSK,MULTI,MODERATE,FINE,4,EMP
BSP,OSF,SSW,DRY,DUSK,BUS,NO,FINE,2,BUS - OTHER
BSP,REAR,REVERSING,DRY,DAY,BUS,LIGHT,SUN,4,EMP
BSP,MIR,SSW,DRY,DAY,BUS,HEAVY,FINE,5,CARS TRUCKS
BSP,NSR,SSW,DRY,DAY,SINGLE,NO,SUN,4,BUS - OTHER
RBT,NSM,SSW,DRY,NIGHT,SINGLE,NO,FINE,4,EMP
RAD,FRNT,HON,WET,NIGHT,SINGLE,LIGHT,RAIN,1,CARS TRUCKS
XRD,OSR,SSW,DRY,DAY,MULTI,MODERATE,FINE,5,EMP
RAD,FRNT,SSW,DRY,DAY,MULTI,MODERATE,FINE,0,ENV
RAD,FRNT,N2T,DRY,DAY,SINGLE,MODERATE,FINE,1,CARS TRUCKS
RAD,FRNT,HON,WET,DAWN,MULTI,LIGHT,RAIN,4,EMP
RAD,NSR,SSW,WET,NIGHT,SINGLE,MODERATE,RAIN,4,EMP
TIN,NSM,SSW,DRY,NIGHT,SINGLE,HEAVY,FINE,4,EMP
BSP,TOPF,SSW,DRY,DAY,SINGLE,NO,FINE,1,EMP
BSP,REAR,REVERSING,WET,DAY,MULTI,LIGHT,RAIN,1,CARS TRUCKS
BSP,NSR,TAI,DRY,DAY,MULTI,LIGHT,FINE,4,BUS - OTHER
RAD,MIR,SSW,WET,NIGHT,SINGLE,NO,RAIN,0,CARS TRUCKS
RAD,WSRE,SSW,DRY,NIGHT,SINGLE,LIGHT,FINE,0,BUS - OTHER
RAD,OSM,TBO,WET,DAY,MULTI,LIGHT,RAIN,1,CARS TRUCKS
RAD,OSM,SSW,SLIP,DAY,SINGLE,NO,FOG,4,EMP
BSP,OSR,TAI,DRY,DAY,MULTI,NO,FINE,4,EMP
RAD,OSM,SSW,WET,DAWN,BUS,LIGHT,RAIN,4,EMP
RAD,TOPR,TAI,DRY,DAY,MULTI,MODERATE,FINE,4,EMP
BSP,REAR,SSW,DRY,DAY,SINGLE,MODERATE,SUN,1,EMP
RAD,OSR,ROO,SLIP,DAY,MULTI,LIGHT,RAIN,1,CARS TRUCKS
RAD,OSF,REVERSING,WET,DAY,SINGLE,LIGHT,FINE,1,BUS BRAKING
BSP,NSR,TAI,WET,DAY,SINGLE,EXTREME,RAIN,4,EMP
RAD,NSR,SSW,DRY,DAY,SINGLE,NO,FINE,4,PL&EQ
XRD,OSR,N2T,SLIP,DAY,MULTI,MODERATE,RAIN,2,BUS - OTHER
BSP,MIR,HON,DRY,DAY,BUS,MODERATE,FINE,4,EMP
RAD,REAR,REVERSING,WET,DAY,SINGLE,LIGHT,RAIN,4,EMP
RAD,MIR,SSW,DRY,DAWN,MULTI,MODERATE,FINE,4,EMP
XRD,FRNT,ROO,DRY,DAY,MULTI,LIGHT,FINE,1,CARS TRUCKS
RAD,OSR,SSW,WET,NIGHT,MULTI,LIGHT,RAIN,4,BUS - OTHER
RAD,NSM,SSW,WET,NIGHT,SINGLE,NO,FINE,4,EMP
RAD,OSM,SSW,WET,DAY,SINGLE,NO,RAIN,4,EMP
RBT,MIR,HON,DRY,DAY,SINGLE,LIGHT,FINE,4,EMP
BSP,FRNT,REVERSING,DRY,DAY,BUS,NO,FINE,1,CARS TRUCKS
RAD,NSF,TBO,DRY,DAY,MULTI,LIGHT,FINE,1,CARS TRUCKS
BSP,MIR,SSW,DRY,DAY,BUS,LIGHT,FINE,4,BUS - OTHER
RAD,OSM,SSW,DRY,DAY,MULTI,HEAVY,FINE,5,CARS TRUCKS
RAD,OSR,SSW,DRY,DAY,SINGLE,NO,FINE,5,CARS TRUCKS
XRD,NSR,TAI,DRY,DUSK,MULTI,HEAVY,SUN,4,EMP
BSP,OSR,N2T,DRY,DAY,SINGLE,NO,FINE,1,EMP
RAD,NSF,SSW,DRY,DAY,SINGLE,LIGHT,FINE,4,MAT
RAD,NSF,REVERSING,WET,NIGHT,SINGLE,LIGHT,RAIN,1,CARS TRUCKS
RAD,OSR,SSW,DRY,DAY,MULTI,MODERATE,FINE,1,GEN
BSP,OSR,N2T,DRY,NIGHT,MULTI,LIGHT,FINE,5,CARS TRUCKS
RAD,MIR,SSW,DRY,DAY,MULTI,NO,FINE,5,CARS TRUCKS
BSP,MIR,SSW,DRY,DUSK,SINGLE,HEAVY,FINE,4,EMP
RAD,NSF,HON,DRY,DAY,SINGLE,LIGHT,FINE,1,BUS BRAKING
XRD,REAR,N2T,DRY,DAY,MULTI,MODERATE,FINE,1,CARS TRUCKS
RAD,NSR,SSW,SLIP,DAY,SINGLE,MODERATE,FINE,4,EMP
RBT,NSM,TAI,SLIP,DAY,SINGLE,HEAVY,RAIN,4,EMP
BSP,NSF,SSW,WET,NIGHT,BUS,NO,RAIN,4,BUS - OTHER
RAD,NSM,SSW,DRY,DUSK,SINGLE,HEAVY,FINE,4,CARS TRUCKS
RAD,NSR,SSW,DRY,DAY,MULTI,NO,SUN,4,EMP
RAD,TOPF,SSW,DRY,DAWN,SINGLE,LIGHT,FINE,4,BUS - OTHER
RAD,NSR,REVERSING,WET,DAY,MULTI,NO,FINE,4,EMP
RAD,WIN,SSW,DRY,NIGHT,BUS,NO,FINE,0,GEN
RAD,FRNT,SSW,DRY,DAY,MULTI,MODERATE,FINE,1,CARS TRUCKS
TIN,REAR,REVERSING,DRY,DAY,MULTI,MODERATE,FINE,4,BUS - OTHER
RAD,WIN,HON,DRY,DAY,MULTI,LIGHT,FINE,0,EMP
BSP,MIR,TAI,DRY,DUSK,SINGLE,HEAVY,FINE,4,EMP
RAD,OSR,SSW,DRY,DUSK,MULTI,HEAVY,FINE,4,EMP
XRD,OSR,TAI,DRY,DAY,SINGLE,NO,FINE,4,EMP
BSP,REAR,REVERSING,DRY,NIGHT,BUS,NO,FINE,1,CARS TRUCKS
RAD,NSR,SSW,DRY,DAWN,SINGLE,MODERATE,FINE,4,EMP
XRD,FRNT,SSW,DRY,DAY,MULTI,LIGHT,FINE,1,GEN
TIN,NSR,SSW,DRY,DAY,SINGLE,MODERATE,FINE,5,CARS TRUCKS
RAD,MIR,SSW,DRY,NIGHT,SINGLE,MODERATE,FINE,4,EMP