location_code,damage_code,collision_code,road_code,light_code,road_type_code,traffic_code,weather_code,emp_liability_code,kpi_cause_code
RAD,MIR,HON,WET,DAWN,MULTI,LIGHT,RAIN,4,EMP
BSP,MIR,HON,DRY,DAWN,MULTI,NO,FINE,4,EMP
RBT,FRNT,N2T,WET,DAY,MULTI,LIGHT,FINE,4,EMP
BSP,REAR,N2T,WET,DAY,SINGLE,LIGHT,RAIN,1,CARS TRUCKS
RAD,NSR,HON,DRY,DAWN,SINGLE,LIGHT,FINE,1,BUS - OTHER
RAD,NSF,SSW,DRY,DAY,BUS,HEAVY,FINE,4,BUS - OTHER
BSP,FRNT,N2T,DRY,DAY,BUS,NO,FINE,1,CARS TRUCKS
BSP,MIR,SSW,DRY,NIGHT,SINGLE,NO,FINE,4,EMP
TIN,NSM,TBO,DRY,DUSK,SINGLE,HEAVY,FINE,4,EMP
RAD,REAR,HON,WET,NIGHT,MULTI,HEAVY,RAIN,1,EMP
RAD,FRNT,N2T,WET,NIGHT,SINGLE,LIGHT,RAIN,4,EMP
RAD,OSR,BTMO,DRY,DAY,SINGLE,MODERATE,FINE,1,CARS TRUCKS
RAD,NSF,REVERSING,DRY,DAY,SINGLE,LIGHT,FINE,4,BUS - OTHER
RAD,NSM,HON,DRY,DAY,SINGLE,LIGHT,FINE,1,CARS TRUCKS
RAD,FRNT,HON,DRY,DAY,SINGLE,HEAVY,FINE,2,EMP
TIN,NSF,SSW,DRY,DAWN,MULTI,MODERATE,FINE,4,EMP
RAD,NSF,SSW,DRY,DAY,MULTI,LIGHT,FINE,0,OTH
RAD,OSF,REVERSING,DRY,DAY,SINGLE,LIGHT,FINE,1,CARS TRUCKS
RAD,TOPR,ROO,DRY,DAWN,MULTI,LIGHT,FINE,4,BUS - OTHER
RAD,REAR,REVERSING,DRY,DAY,MULTI,HEAVY,FINE,4,BUS - OTHER
RAD,NSR,HON,DRY,DAWN,MULTI,HEAVY,FINE,5,EMP
RAD,MIR,HON,DRY,NIGHT,SINGLE,LIGHT,FINE,0,EMP
XRD,NSM,SSW,DRY,DUSK,MULTI,EXTREME,FINE,4,BUS - OTHER
RAD,NSR,SSW,WET,STREET,SINGLE,NO,RAIN,4,BUS - OTHER
BSP,OSM,SSW,DRY,NIGHT,SINGLE,NO,FINE,4,BUS - OTHER
BSP,MIR,SSW,DRY,DAY,SINGLE,MODERATE,FINE,4,BUS - OTHER
RAD,NSF,HON,DRY,DAY,SINGLE,NO,FINE,0,OTH
TIN,OSR,SSW,DRY,DAY,SINGLE,NO,FINE,4,EMP
BSP,OSR,HON,DRY,DAY,SINGLE,LIGHT,FINE,5,EMP
BSP,NSM,SSW,DRY,DAY,BUS,MODERATE,FINE,4,EMP
RAD,NSF,SSW,DRY,DAY,SINGLE,LIGHT,FINE,5,BUS - OTHER
RAD,NSM,SSW,WET,DAY,MULTI,MODERATE,FINE,4,EMP
RAD,NSR,SSW,DRY,DAY,SINGLE,LIGHT,FINE,6,BUS - OTHER
BSP,WIN,SSW,WET,DAY,MULTI,MODERATE,RAIN,1,CARS TRUCKS
RAD,REAR,BTMO,DRY,DAY,SINGLE,NO,FINE,4,EMP
TIN,OSF,TBO,DRY,DAY,SINGLE,HEAVY,FINE,1,EMP
TIN,NSR,SSW,DRY,NIGHT,MULTI,MODERATE,FINE,4,EMP
RAD,NSM,SSW,DRY,DAY,MULTI,NO,FINE,1,EMP
BSP,NSF,REVERSING,DRY,DAY,SINGLE,NO,FINE,4,EMP
BSP,OSR,TAI,DRY,DAY,BUS,HEAVY,FINE,4,EMP
RAD,NSF,REVERSING,DRY,DAY,SINGLE,LIGHT,FINE,1,CARS TRUCKS
RAD,MIR,SSW,WET,DAWN,SINGLE,LIGHT,FOG,4,BUS - OTHER
XRD,OSR,SSW,DRY,DAY,MULTI,HEAVY,FINE,5,GEN
RBT,REAR,REVERSING,DRY,DAY,SINGLE,NO,FINE,4,EMP
BSP,NSM,SSW,DRY,NIGHT,SINGLE,NO,FINE,0,PAS
RBT,OSM,SSW,DRY,DAY,MULTI,MODERATE,FINE,5,CARS TRUCKS
RAD,NSR,SSW,DRY,DAY,MULTI,NO,FINE,5,GEN
RAD,NSM,SSW,DRY,STREET,MULTI,NO,FINE,0,GEN
RAD,NSF,BTMO,WET,DAY,MULTI,MODERATE,RAIN,0,EMP
BSP,NSM,SSW,SLIP,NIGHT,BUS,MODERATE,RAIN,4,EMP
RAD,OSM,N2T,DRY,DAY,MULTI,MODERATE,FINE,1,CARS TRUCKS
RAD,NSR,SSW,DRY,DAY,MULTI,LIGHT,RAIN,4,EMP
RAD,NSR,SSW,DRY,NIGHT,MULTI,MODERATE,FOG,4,EMP
RAD,OSR,TBO,WET,DAY,SINGLE,NO,RAIN,1,CARS TRUCKS
BSP,OSR,REVERSING,SLIP,DAY,SINGLE,LIGHT,RAIN,1,CARS TRUCKS
BSP,OSF,SSW,DRY,DAY,MULTI,MODERATE,FINE,1,GEN
RAD,WSRE,N2T,DRY,DAY,SINGLE,LIGHT,FINE,2,EMP
TIN,NSR,SSW,DRY,DAY,MULTI,MODERATE,FINE,4,EMP
RAD,FRNT,HON,DRY,DAY,MULTI,MODERATE,FINE,4,BUS - OTHER
BSP,NSM,SSW,DRY,DAY,SINGLE,HEAVY,FINE,4,BUS - OTHER
BSP,OSR,SSW,DRY,DAY,SINGLE,MODERATE,FINE,2,BUS - OTHER
RAD,OSR,N2T,DRY,DAY,MULTI,LIGHT,FINE,1,CARS TRUCKS
RAD,MIR,SSW,WET,DAY,MULTI,MODERATE,RAIN,4,BUS - OTHER
RBT,NSF,BTMO,DRY,DAY,SINGLE,LIGHT,FINE,4,EMP
RAD,NSF,SSW,WET,NIGHT,SINGLE,LIGHT,FOG,0,BUS - OTHER
RAD,OSR,TAI,WET,DAY,MULTI,LIGHT,RAIN,4,EMP
RBT,NSR,TAI,DRY,DAY,MULTI,MODERATE,FINE,4,EMP
RAD,NSM,SSW,DRY,DAY,SINGLE,MODERATE,FINE,4,BUS - OTHER
RBT,NSM,SSW,DRY,DAY,SINGLE,MODERATE,FINE,4,EMP
RAD,FRNT,HON,DRY,DAY,SINGLE,HEAVY,FINE,4,BUS - OTHER
BSP,OSR,TAI,DRY,DAY,SINGLE,LIGHT,FINE,1,CARS TRUCKS
RBT,OSM,SSW,DRY,DAY,SINGLE,LIGHT,FINE,1,CARS TRUCKS
BSP,REAR,SSW,DRY,DAY,MULTI,LIGHT,FINE,1,CARS TRUCKS
RAD,OSR,N2T,DRY,DAWN,MULTI,LIGHT,FINE,1,CARS TRUCKS
RAD,FRNT,SSW,DRY,DAY,MULTI,LIGHT,FINE,1,GEN
BSP,NSR,SSW,WET,DAY,BUS,NO,FINE,4,EMP
BSP,REAR,N2T,DRY,DAY,BUS,MODERATE,FINE,1,CARS TRUCKS
BSP,NSR,SSW,DRY,NIGHT,SINGLE,LIGHT,FINE,4,EMP
BSP,WSRE,HON,DRY,DAY,SINGLE,NO,FINE,4,EMP
RAD,REAR,SSW,DRY,DAY,MULTI,MODERATE,FINE,4,BUS - OTHER
RBT,NSM,SSW,WET,DAY,BUS,LIGHT,RAIN,4,EMP
RAD,NSF,TBO,DRY,DUSK,SINGLE,EXTREME,FINE,4,CARS TRUCKS
RAD,NSF,ROO,DRY,DAY,MULTI,LIGHT,FINE,4,EMP
XRD,OSR,TAI,DRY,DAY,MULTI,HEAVY,FINE,5,EMP
RAD,MIR,SSW,WET,DAY,SINGLE,MODERATE,FINE,4,EMP
RAD,NSM,SSW,WET,DUSK,MULTI,HEAVY,RAIN,0,ENV
RAD,NSF,SSW,DRY,NIGHT,SINGLE,NO,FINE,0,ENV
BSP,OSM,REVERSING,DRY,DAY,BUS,MODERATE,FINE,1,CARS TRUCKS
BSP,MIR,SSW,WET,DUSK,MULTI,LIGHT,RAIN,4,EMP
XRD,OSR,TAI,DRY,DAY,MULTI,MODERATE,FINE,4,BUS - OTHER
RAD,WSRE,SSW,DRY,DAY,SINGLE,HEAVY,FINE,4,BUS - OTHER
RAD,OSR,SSW,DRY,DAY,MULTI,HEAVY,FINE,5,BUS - OTHER
RAD,NSM,SSW,WET,DAY,MULTI,MODERATE,RAIN,4,EMP
RAD,NSF,SSW,WET,DUSK,MULTI,MODERATE,RAIN,4,EMP
RAD,NSM,SSW,DRY,NIGHT,SINGLE,NO,FINE,0,GEN
BSP,OSF,SSW,DRY,DAY,SINGLE,NO,FINE,1,CARS TRUCKS
RAD,NSM,TAI,DRY,NIGHT,SINGLE,NO,FINE,4,EMP
RAD,REAR,REVERSING,DRY,DAY,MULTI,NO,FINE,4,BUS - OTHER
RAD,OSR,SSW,DRY,DAY,MULTI,MODERATE,SUN,1,CARS TRUCKS
RAD,NSR,TBO,DRY,DUSK,MULTI,LIGHT,FINE,1,CARS TRUCKS
XRD,FRNT,TBO,DRY,DAY,MULTI,LIGHT,FINE,1,CARS TRUCKS
XRD,NSM,SSW,DRY,DAY,BUS,NO,FINE,4,EMP
TIN,OSM,SSW,DRY,DAY,MULTI,MODERATE,FINE,1,BUS - OTHER
BSP,OSF,SSW,DRY,DAY,SINGLE,MODERATE,FINE,2,CARS TRUCKS
RAD,REAR,TAI,DRY,DAY,MULTI,HEAVY,FINE,4,EMP
RAD,MIR,SSW,WET,DAY,MULTI,HEAVY,RAIN,4,EMP
RAD,NSF,SSW,DRY,DAY,SINGLE,LIGHT,SUN,0,EMP
RAD,NSF,REVERSING,DRY,DAY,SINGLE,NO,FINE,4,EMP
RAD,FRNT,REVERSING,WET,DAY,SINGLE,LIGHT,RAIN,5,GEN
XRD,NSF,SSW,DRY,DAY,MULTI,LIGHT,FINE,4,EMP
TIN,MIR,TAI,DRY,DAY,MULTI,HEAVY,FINE,4,EMP
BSP,NSR,REVERSING,DRY,DAY,SINGLE,NO,FINE,4,EMP
BSP,MIR,SSW,SLIP,DAWN,BUS,NO,FOG,4,EMP
XRD,NSR,SSW,DRY,DAY,SINGLE,LIGHT,FINE,1,CARS TRUCKS
RAD,MIR,SSW,DRY,DAY,BUS,MODERATE,FINE,5,EMP
RAD,TOPF,ROO,DRY,DAY,SINGLE,LIGHT,FINE,4,EMP
RAD,NSR,SSW,SLIP,DAY,MULTI,MODERATE,FOG,1,CARS TRUCKS
RAD,REAR,TBO,DRY,DAY,SINGLE,HEAVY,FINE,1,CARS TRUCKS
BSP,MIR,SSW,DRY,DAY,MULTI,LIGHT,FINE,5,CARS TRUCKS
BSP,FRNT,HON,DRY,NIGHT,MULTI,LIGHT,FINE,4,EMP
RAD,NSF,SSW,WET,DAY,SINGLE,LIGHT,RAIN,0,ENV
BSP,NSR,TAI,DRY,DAY,BUS,LIGHT,FINE,4,BUS - OTHER
RAD,OSM,TAI,DRY,DAY,MULTI,MODERATE,FINE,4,EMP
RAD,OSM,SSW,DRY,DAY,MULTI,NO,FINE,4,BUS - OTHER
RAD,MIR,SSW,WET,DAY,MULTI,LIGHT,RAIN,4,BUS - OTHER
BSP,NSR,SSW,DRY,DAWN,SINGLE,HEAVY,FINE,4,EMP
BSP,OSR,REVERSING,DRY,DAY,SINGLE,NO,FOG,4,EMP
RAD,FRNT,HON,DRY,NIGHT,SINGLE,NO,FINE,4,EMP
RBT,NSR,HON,DRY,DAY,SINGLE,HEAVY,FINE,4,CARS TRUCKS
XRD,MIR,SSW,DRY,DAY,MULTI,MODERATE,FINE,4,CARS TRUCKS
XRD,FRNT,HON,SLIP,DAY,MULTI,LIGHT,RAIN,4,EMP
XRD,NSR,SSW,WET,DAWN,MULTI,LIGHT,RAIN,4,BUS - OTHER
RAD,NSR,SSW,DRY,DAY,MULTI,EXTREME,FINE,4,BUS - OTHER
RAD,REAR,BTMO,DRY,DAY,MULTI,LIGHT,FINE,1,CARS TRUCKS
BSP,OSM,SSW,DRY,DAY,MULTI,LIGHT,FINE,4,CARS TRUCKS
RAD,REAR,N2T,WET,DAY,SINGLE,MODERATE,FINE,1,CARS TRUCKS
BSP,MIR,HON,DRY,DAY,MULTI,LIGHT,FINE,5,CARS TRUCKS
RAD,MIR,SSW,DRY,STREET,SINGLE,HEAVY,FINE,5,EMP
BSP,REAR,N2T,DRY,DUSK,MULTI,HEAVY,FINE,5,CARS TRUCKS
RAD,FRNT,N2T,DRY,DUSK,MULTI,MODERATE,FINE,4,EMP
RAD,NSR,SSW,WET,DAY,MULTI,MODERATE,FINE,1,CARS TRUCKS
BSP,NSR,SSW,DRY,DAY,BUS,HEAVY,FINE,4,EMP
RAD,NSM,SSW,DRY,NIGHT,MULTI,NO,FINE,4,EMP
BSP,NSR,SSW,DRY,NIGHT,MULTI,MODERATE,FINE,0,PAS
XRD,MIR,SSW,DRY,DAY,MULTI,EXTREME,FINE,4,EMP
RAD,FRNT,SSW,DRY,DUSK,MULTI,LIGHT,FINE,1,CARS TRUCKS
RAD,NSM,SSW,WET,DAY,MULTI,MODERATE,RAIN,0,EMP
RAD,MIR,SSW,DRY,DAY,MULTI,MODERATE,FINE,5,GEN
BSP,MIR,SSW,DRY,NIGHT,MULTI,NO,FINE,4,BUS - OTHER
RAD,OSR,TAI,DRY,DUSK,SINGLE,MODERATE,FINE,4,EMP
RAD,FRNT,N2T,DRY,NIGHT,SINGLE,MODERATE,FINE,4,CARS TRUCKS
BSP,OSF,SSW,WET,STREET,MULTI,LIGHT,FINE,5,CARS TRUCKS
RBT,OSF,SSW,WET,DAY,MULTI,HEAVY,FINE,4,BUS - OTHER
BSP,FRNT,HON,DRY,DUSK,MULTI,HEAVY,FINE,4,EMP
RAD,OSM,SSW,DRY,DAY,SINGLE,LIGHT,FINE,0,GEN
RAD,NSR,N2T,DRY,DUSK,MULTI,HEAVY,FINE,1,EMP
BSP,NSR,SSW,DRY,DAY,BUS,LIGHT,FINE,5,CARS TRUCKS
RAD,FRNT,SSW,DRY,DAY,SINGLE,NO,FINE,0,EMP
RBT,FRNT,HON,DRY,DAY,SINGLE,LIGHT,FINE,4,BUS - OTHER
RAD,MIR,SSW,DRY,NIGHT,MULTI,LIGHT,FINE,0,OTH
RAD,NSM,SSW,DRY,DUSK,SINGLE,EXTREME,FINE,4,BUS - OTHER
RAD,NSR,BTMO,DRY,DAY,SINGLE,NO,FINE,4,EMP
XRD,FRNT,TBO,DRY,DAY,MULTI,LIGHT,FINE,1,BUS - OTHER
BSP,REAR,HON,DRY,DAY,BUS,MODERATE,FINE,1,CARS TRUCKS
RAD,REAR,N2T,DRY,DAY,MULTI,HEAVY,FINE,1,BUS BRAKING
BSP,NSR,SSW,DRY,DAY,SINGLE,MODERATE,FINE,6,OTH
RAD,NSR,SSW,WET,NIGHT,SINGLE,HEAVY,FINE,1,EMP
RAD,NSF,SSW,DRY,DAY,SINGLE,LIGHT,SUN,1,CARS TRUCKS
RBT,NSF,SSW,WET,DUSK,SINGLE,NO,FINE,4,EMP
RAD,REAR,HON,DRY,DAY,SINGLE,LIGHT,FINE,1,EMP
BSP,NSR,N2T,DRY,DAY,SINGLE,LIGHT,FINE,1,CARS TRUCKS
BSP,MIR,SSW,DRY,DAY,SINGLE,NO,FINE,5,CARS TRUCKS
RAD,NSR,REVERSING,DRY,NIGHT,SINGLE,MODERATE,FINE,4,EMP
RAD,NSR,SSW,DRY,NIGHT,BUS,NO,FINE,4,EMP
BSP,MIR,SSW,DRY,NIGHT,BUS,LIGHT,FINE,4,EMP
RAD,NSR,TBO,DRY,NIGHT,SINGLE,NO,FINE,1,OTH
TIN,NSM,SSW,SLIP,DAY,MULTI,HEAVY,RAIN,4,EMP
XRD,MIR,HON,DRY,DAY,MULTI,MODERATE,FINE,4,EMP
RAD,NSR,SSW,DRY,DAY,BUS,EXTREME,FINE,4,EMP
RBT,OSF,TBO,WET,DAWN,SINGLE,NO,RAIN,4,CARS TRUCKS
RAD,MIR,SSW,DRY,DAY,BUS,NO,FINE,2,BUS - OTHER
RAD,OSM,SSW,SLIP,DAY,MULTI,MODERATE,FINE,5,CARS TRUCKS
BSP,REAR,SSW,DRY,DUSK,BUS,LIGHT,FINE,2,BUS - OTHER
BSP,OSR,N2T,DRY,DUSK,BUS,NO,FINE,2,BUS - OTHER
RAD,NSR,SSW,DRY,DAY,MULTI,MODERATE,FINE,4,BUS - OTHER
RAD,REAR,REVERSING,DRY,DAY,BUS,LIGHT,FINE,4,BUS - OTHER
XRD,NSM,SSW,DRY,DAY,MULTI,LIGHT,FINE,1,BUS - OTHER
BSP,MIR,SSW,DRY,DAY,SINGLE,MODERATE,FINE,5,CARS TRUCKS
BSP,REAR,REVERSING,DRY,DAY,MULTI,MODERATE,FINE,4,EMP
RBT,NSF,SSW,DRY,DAY,MULTI,MODERATE,FINE,1,CARS TRUCKS
RAD,OSF,SSW,WET,DAWN,MULTI,MODERATE,RAIN,1,CARS TRUCKS
RAD,FRNT,SSW,DRY,DUSK,SINGLE,HEAVY,FINE,4,BUS - OTHER
RAD,NSF,SSW,DRY,DAY,MULTI,MODERATE,FINE,4,GEN
BSP,NSR,SSW,WET,DAY,MULTI,HEAVY,RAIN,4,EMP
DEPOT,FRNT,N2T,DRY,DAY,MULTI,LIGHT,FINE,4,BUS - OTHER
BSP,REAR,HON,DRY,DAY,MULTI,LIGHT,FINE,1,CARS TRUCKS
RAD,MIR,SSW,SLIP,DAY,MULTI,HEAVY,RAIN,4,EMP
BSP,NSF,SSW,WET,NIGHT,SINGLE,MODERATE,RAIN,4,EMP
RAD,NSM,SSW,DRY,DAY,BUS,HEAVY,FINE,4,EMP
BSP,OSF,SSW,DRY,DAY,MULTI,EXTREME,FINE,5,EMP
BSP,OSF,SSW,DRY,DAWN,SINGLE,MODERATE,FINE,4,BUS - OTHER
BSP,OSR,N2T,DRY,DAY,SINGLE,NO,FINE,1,CARS TRUCKS
TIN,REAR,TAI,DRY,DAY,MULTI,MODERATE,FINE,4,EMP
TIN,REAR,N2T,DRY,DAY,SINGLE,LIGHT,FINE,1,CARS TRUCKS
RAD,NSR,REVERSING,DRY,DAY,BUS,EXTREME,FINE,4,EMP
RAD,OSM,TBO,DRY,DAY,SINGLE,NO,FINE,1,CARS TRUCKS
RAD,REAR,SSW,DRY,NIGHT,SINGLE,NO,FINE,0,OTH
BSP,OSF,SSW,WET,DAY,MULTI,HEAVY,FINE,5,CARS TRUCKS
RBT,OSF,N2T,DRY,DAY,MULTI,HEAVY,FINE,4,EMP
RAD,OSR,TAI,WET,NIGHT,SINGLE,LIGHT,RAIN,4,EMP
RAD,MIR,SSW,DRY,DAY,BUS,LIGHT,FINE,1,CARS TRUCKS
RAD,NSR,SSW,SLIP,DAY,SINGLE,MODERATE,ICE,4,BUS - OTHER
RAD,MIR,SSW,DRY,DAY,MULTI,LIGHT,FINE,5,GEN
XRD,OSR,SSW,DRY,DAWN,BUS,HEAVY,FINE,4,EMP
RAD,NSM,TAI,DRY,DAY,SINGLE,MODERATE,FINE,4,EMP
RAD,REAR,BTMO,DRY,DAY,MULTI,HEAVY,FINE,1,CARS TRUCKS
BSP,MIR,TAI,DRY,DAY,BUS,MODERATE,FINE,4,EMP
BSP,MIR,SSW,DRY,DUSK,SINGLE,MODERATE,FINE,2,EMP
RAD,OSM,SSW,SLIP,NIGHT,MULTI,HEAVY,RAIN,1,CARS TRUCKS
BSP,NSF,ROO,DRY,DAY,MULTI,MODERATE,FINE,4,EMP
RBT,NSR,SSW,WET,DAWN,SINGLE,NO,RAIN,4,EMP
RAD,MIR,SSW,DRY,DAY,MULTI,LIGHT,FINE,1,GEN
RAD,OSM,SSW,DRY,STREET,SINGLE,HEAVY,FINE,1,EMP
RAD,NSM,TAI,DRY,NIGHT,SINGLE,LIGHT,FINE,4,EMP
RAD,NSF,SSW,WET,NIGHT,SINGLE,MODERATE,RAIN,4,CARS TRUCKS
XRD,NSM,HON,DRY,DAY,MULTI,LIGHT,FINE,1,CARS TRUCKS
RAD,NSF,HON,DRY,DAY,SINGLE,LIGHT,FINE,4,BUS - OTHER
XRD,NSF,HON,WET,DAY,MULTI,HEAVY,RAIN,4,EMP
RAD,FRNT,SSW,WET,DAWN,SINGLE,LIGHT,RAIN,0,EMP
RAD,NSR,SSW,DRY,NIGHT,SINGLE,HEAVY,FINE,4,EMP
BSP,FRNT,SSW,DRY,DAY,BUS,LIGHT,FINE,1,CARS TRUCKS
BSP,TOPF,SSW,WET,DAY,BUS,LIGHT,RAIN,4,CARS TRUCKS
RAD,OSR,SSW,WET,DAY,MULTI,HEAVY,RAIN,4,EMP
XRD,FRNT,REVERSING,DRY,DUSK,MULTI,LIGHT,FINE,1,BUS - OTHER
RAD,NSR,SSW,DRY,DAY,SINGLE,NO,SUN,4,EMP
RAD,REAR,TAI,DRY,DAY,MULTI,MODERATE,FINE,4,EMP
RAD,NSR,SSW,DRY,DUSK,SINGLE,HEAVY,FINE,4,EMP
BSP,OSF,HON,DRY,DUSK,BUS,EXTREME,FINE,4,EMP
RAD,MIR,SSW,DRY,DAY,MULTI,HEAVY,FINE,4,BUS - OTHER
RAD,FRNT,HON,DRY,DAY,SINGLE,LIGHT,RAIN,4,BUS - OTHER
RAD,FRNT,SSW,DRY,DAY,SINGLE,HEAVY,FINE,5,BUS - OTHER
RAD,OSF,SSW,DRY,DAY,BUS,HEAVY,FINE,2,CARS TRUCKS
RAD,NSM,TBO,DRY,NIGHT,SINGLE,NO,FINE,4,EMP
BSP,OSR,TAI,DRY,DAY,SINGLE,HEAVY,FINE,2,EMP
RAD,NSM,SSW,WET,NIGHT,MULTI,MODERATE,RAIN,0,ENV
BSP,NSR,SSW,DRY,STREET,BUS,MODERATE,FINE,2,EMP
BSP,FRNT,SSW,DRY,DAY,BUS,NO,FINE,4,EMP
RBT,NSM,SSW,DRY,DAY,MULTI,LIGHT,FINE,1,CARS TRUCKS
RAD,WIN,SSW,DRY,DAY,MULTI,LIGHT,RAIN,4,EMP
RAD,TOPF,ROO,DRY,DAY,SINGLE,LIGHT,FINE,4,BUS - OTHER
BSP,OSR,SSW,DRY,DAY,BUS,LIGHT,FINE,1,CARS TRUCKS
RAD,REAR,N2T,DRY,STREET,SINGLE,LIGHT,FINE,5,CARS TRUCKS
BSP,NSR,SSW,DRY,DAWN,SINGLE,LIGHT,FINE,1,CARS TRUCKS
RBT,FRNT,BTMO,SLIP,DAY,SINGLE,NO,RAIN,4,EMP
BSP,OSM,SSW,DRY,DAY,MULTI,HEAVY,FINE,1,CARS TRUCKS
BSP,NSR,SSW,DRY,DAY,MULTI,HEAVY,FINE,5,CARS TRUCKS
BSP,MIR,HON,DRY,DAWN,SINGLE,LIGHT,FINE,4,BUS - OTHER
BSP,OSR,SSW,DRY,DAY,SINGLE,NO,FINE,4,SURFING
RAD,OSR,TBO,DRY,NIGHT,MULTI,LIGHT,FINE,1,CARS TRUCKS
RAD,FRNT,TAI,DRY,DAY,MULTI,HEAVY,FINE,4,BUS - OTHER
BSP,WSRE,SSW,DRY,DAY,SINGLE,NO,FINE,2,BUS - OTHER
RAD,NSF,SSW,WET,NIGHT,SINGLE,MODERATE,RAIN,1,CARS TRUCKS
DEPOT,MIR,SSW,DRY,DAY,MULTI,MODERATE,FINE,1,EMP
BSP,OSF,SSW,DRY,DAY,MULTI,HEAVY,FINE,5,CARS TRUCKS
XRD,NSF,SSW,DRY,DUSK,MULTI,NO,FINE,4,BUS - OTHER
RBT,REAR,N2T,DRY,DAY,MULTI,MODERATE,FINE,1,CARS TRUCKS
BSP,OSR,SSW,DRY,DUSK,BUS,NO,FINE,1,BUS - OTHER
RAD,WSRE,SSW,DRY,DAY,SINGLE,LIGHT,SUN,4,EMP
BSP,NSR,SSW,DRY,DAY,SINGLE,LIGHT,FINE,2,CARS TRUCKS
RAD,NSR,N2T,DRY,DAY,MULTI,MODERATE,FINE,1,CARS TRUCKS
BSP,NSR,SSW,DRY,DAY,BUS,LIGHT,FINE,2,BUS - OTHER
BSP,FRNT,ROO,WET,DAY,BUS,LIGHT,FINE,4,EMP
RAD,NSR,SSW,DRY,DAY,MULTI,LIGHT,FINE,5,GEN
RAD,NSR,TBO,DRY,DAY,MULTI,HEAVY,FINE,4,EMP
TIN,OSM,SSW,DRY,DUSK,SINGLE,MODERATE,FINE,4,EMP
RAD,FRNT,N2T,DRY,DAY,MULTI,HEAVY,FINE,2,BUS - OTHER
RAD,NSR,BTMO,DRY,DAY,SINGLE,EXTREME,FINE,4,BUS - OTHER
BSP,NSR,REVERSING,DRY,DAY,SINGLE,LIGHT,FINE,5,GEN
BSP,NSF,SSW,DRY,DAY,MULTI,HEAVY,FINE,4,OTH
RAD,NSR,SSW,DRY,DAY,MULTI,LIGHT,FINE,5,BUS - OTHER
BSP,OSR,SSW,DRY,DAY,MULTI,NO,FINE,1,OTH
BSP,NSF,SSW,DRY,DAWN,SINGLE,LIGHT,FINE,4,EMP
RAD,MIR,HON,DRY,DAY,SINGLE,HEAVY,FINE,5,CARS TRUCKS
RAD,FRNT,SSW,DRY,DAY,BUS,NO,FINE,4,BUS - OTHER
RAD,NSR,TAI,DRY,DAY,MULTI,NO,FINE,4,EMP
XRD,OSF,SSW,DRY,NIGHT,SINGLE,LIGHT,FINE,5,CARS TRUCKS
XRD,OSM,SSW,DRY,DAY,MULTI,HEAVY,SUN,4,EMP
RAD,OSR,TAI,DRY,DUSK,MULTI,MODERATE,SUN,4,EMP
RAD,FRNT,TBO,DRY,DAY,SINGLE,MODERATE,FINE,1,EMP
XRD,NSM,SSW,DRY,DAY,MULTI,HEAVY,FINE,1,CARS TRUCKS
BSP,NSR,REVERSING,WET,DAWN,BUS,NO,RAIN,4,BUS - OTHER
BSP,REAR,TBO,WET,DAY,BUS,HEAVY,RAIN,1,CARS TRUCKS
BSP,OSR,TAI,SLIP,DAY,BUS,LIGHT,RAIN,4,EMP
BSP,NSM,SSW,DRY,DUSK,BUS,NO,FINE,2,EMP
BSP,OSF,SSW,DRY,DAY,MULTI,LIGHT,FINE,0,GEN
RAD,FRNT,HON,DRY,DAY,SINGLE,LIGHT,FINE,0,BUS - OTHER
BSP,NSM,SSW,DRY,DUSK,SINGLE,LIGHT,FINE,4,BUS - OTHER
RAD,OSR,SSW,DRY,DAY,SINGLE,NO,FINE,4,BUS - OTHER
BSP,NSF,SSW,DRY,DAY,MULTI,LIGHT,FINE,5,ALCO/DRUG
XRD,OSM,SSW,DRY,NIGHT,SINGLE,NO,FINE,4,EMP
RAD,TOPR,ROO,DRY,DAY,SINGLE,NO,FINE,4,EMP
XRD,NSF,SSW,SLIP,DAY,MULTI,MODERATE,RAIN,2,EMP
TIN,FRNT,HON,DRY,DAY,MULTI,EXTREME,FINE,4,EMP
BSP,OSF,N2T,DRY,DAY,SINGLE,NO,FINE,4,EMP
RAD,OSM,REVERSING,DRY,DAY,SINGLE,NO,FINE,1,EMP
RAD,NSR,N2T,DRY,DAY,MULTI,LIGHT,FINE,5,CARS TRUCKS