location_code,damage_code,collision_code,road_code,light_code,road_type_code,traffic_code,weather_code,emp_liability_code,kpi_cause_code
RAD,MIR,SSW,DRY,NIGHT,SINGLE,MODERATE,FINE,1,CARS TRUCKS
RAD,FRNT,HON,WET,NIGHT,MULTI,MODERATE,RAIN,0,OTH
TIN,OSF,SSW,DRY,DAY,MULTI,LIGHT,FINE,2,CARS TRUCKS
RAD,OSR,TAI,DRY,DAY,SINGLE,LIGHT,FINE,1,BUS - OTHER
TIN,NSR,SSW,DRY,DAY,SINGLE,MODERATE,FINE,4,BUS - OTHER
TIN,FRNT,HON,DRY,DAY,MULTI,LIGHT,FINE,4,EMP
RAD,NSF,REVERSING,DRY,DAWN,SINGLE,EXTREME,FINE,1,GEN
BSP,NSR,TAI,DRY,DAY,MULTI,HEAVY,FINE,1,CARS TRUCKS
BSP,REAR,BTMO,DRY,DAY,MULTI,HEAVY,FINE,1,CARS TRUCKS
XRD,OSF,SSW,DRY,DAY,MULTI,HEAVY,FINE,1,BUS - OTHER
RAD,MIR,SSW,WET,DAY,SINGLE,EXTREME,RAIN,4,EMP
XRD,NSR,SSW,DRY,NIGHT,MULTI,MODERATE,FINE,4,EMP
BSP,OSR,BTMO,DRY,DAY,MULTI,LIGHT,FINE,1,CARS TRUCKS
RBT,NSR,BTMO,DRY,DAY,SINGLE,LIGHT,FINE,0,ENV
BSP,OSR,TAI,DRY,DUSK,BUS,NO,FINE,2,BUS - OTHER
RAD,FRNT,N2T,WET,DUSK,MULTI,LIGHT,RAIN,4,BUS BRAKING
BSP,WIN,TAI,DRY,NIGHT,SINGLE,NO,FINE,4,EMP
BSP,NSR,SSW,WET,DAWN,SINGLE,MODERATE,RAIN,4,EMP
RAD,OSM,SSW,WET,DUSK,SINGLE,HEAVY,RAIN,1,EMP
TIN,OSM,SSW,DRY,DAY,MULTI,LIGHT,FINE,1,GEN
RAD,OSR,SSW,DRY,DUSK,SINGLE,LIGHT,FINE,4,BUS - OTHER
XRD,NSR,SSW,DRY,DAY,SINGLE,EXTREME,SUN,4,CARS TRUCKS
RAD,NSR,SSW,DRY,DAY,MULTI,LIGHT,FINE,0,NONPOW
RAD,NSR,TAI,DRY,DAY,MULTI,MODERATE,FINE,4,BUS - OTHER
RAD,NSF,SSW,DRY,DAY,SINGLE,NO,FINE,1,CARS TRUCKS
RAD,NSR,HON,DRY,DAWN,SINGLE,LIGHT,FINE,4,EMP
RAD,NSR,SSW,DRY,NIGHT,MULTI,MODERATE,FINE,2,EMP
RAD,OSR,SSW,DRY,DAWN,MULTI,LIGHT,FINE,1,CARS TRUCKS
RAD,FRNT,N2T,DRY,NIGHT,SINGLE,MODERATE,FINE,4,EMP
BSP,MIR,SSW,DRY,DUSK,SINGLE,LIGHT,SUN,4,BUS - OTHER
RBT,OSR,SSW,DRY,DAY,SINGLE,HEAVY,FINE,4,EMP
RAD,NSR,SSW,DRY,DAY,SINGLE,HEAVY,FINE,4,BUS - OTHER
BSP,MIR,SSW,DRY,DAY,BUS,MODERATE,FINE,5,CARS TRUCKS
RAD,NSF,SSW,DRY,DUSK,MULTI,MODERATE,FINE,4,EMP
RAD,FRNT,N2T,DRY,DUSK,MULTI,LIGHT,FINE,1,CARS TRUCKS
RAD,NSR,SSW,DRY,DAY,SINGLE,LIGHT,FINE,1,GEN
RAD,NSF,SSW,WET,DAY,MULTI,LIGHT,FINE,0,BUS - OTHER
RAD,NSR,REVERSING,DRY,DAY,SINGLE,LIGHT,FINE,4,BUS - OTHER
RBT,NSM,TBO,WET,DAY,MULTI,MODERATE,RAIN,1,CARS TRUCKS
TIN,NSR,SSW,DRY,DAY,MULTI,MODERATE,FINE,1,CARS TRUCKS
BSP,OSR,SSW,DRY,DAY,SINGLE,MODERATE,FINE,5,EMP
TIN,FRNT,HON,WET,DAY,SINGLE,MODERATE,RAIN,4,EMP
XRD,OSR,N2T,DRY,DAY,MULTI,LIGHT,FINE,5,CARS TRUCKS
RAD,NSR,SSW,DRY,DUSK,SINGLE,LIGHT,SUN,4,ENV
RAD,MIR,SSW,DRY,NIGHT,SINGLE,NO,FINE,4,BUS - OTHER
BSP,NSR,TAI,WET,DUSK,MULTI,EXTREME,RAIN,4,EMP
TIN,OSR,SSW,DRY,DAY,SINGLE,HEAVY,FINE,1,CARS TRUCKS
BSP,MIR,SSW,SLIP,DAY,MULTI,MODERATE,RAIN,4,EMP
TIN,NSM,TBO,DRY,DAY,MULTI,LIGHT,FINE,1,CARS TRUCKS
RAD,NSF,SSW,DRY,DAY,SINGLE,LIGHT,FINE,0,BUS - OTHER
RAD,NSR,SSW,SLIP,DAY,SINGLE,HEAVY,ICE,4,BUS - OTHER
RAD,NSR,TAI,DRY,DAWN,BUS,EXTREME,FINE,4,EMP
BSP,REAR,REVERSING,WET,NIGHT,BUS,NO,RAIN,4,EMP
RAD,OSF,SSW,DRY,DAY,SINGLE,NO,FINE,2,EMP
BSP,NSR,TAI,WET,DUSK,BUS,LIGHT,RAIN,4,BUS - OTHER
RAD,NSR,REVERSING,DRY,DAY,SINGLE,LIGHT,FOG,4,EMP
TIN,NSR,TBO,DRY,DAY,MULTI,LIGHT,FINE,1,CYC
XRD,REAR,N2T,DRY,DAWN,SINGLE,MODERATE,FINE,1,CARS TRUCKS
BSP,OSR,SSW,DRY,DAY,MULTI,LIGHT,FINE,5,CARS TRUCKS
BSP,MIR,SSW,WET,DUSK,BUS,LIGHT,RAIN,4,CARS TRUCKS
RBT,NSR,SSW,DRY,DAWN,SINGLE,NO,FINE,4,EMP
RAD,MIR,HON,WET,DAWN,MULTI,NO,RAIN,4,EMP
RAD,NSR,SSW,DRY,DAY,MULTI,NO,FINE,1,EMP
RAD,OSF,SSW,DRY,DAY,BUS,MODERATE,FINE,2,CARS TRUCKS
RAD,MIR,SSW,DRY,DUSK,SINGLE,HEAVY,FINE,2,EMP
TIN,OSR,TAI,DRY,DAY,MULTI,HEAVY,FINE,4,EMP
TIN,NSM,SSW,DRY,DAY,MULTI,LIGHT,FINE,1,GEN
RAD,NSR,SSW,DRY,DAY,SINGLE,NO,FINE,6,OTH
BSP,FRNT,HON,DRY,DAWN,BUS,NO,FOG,4,EMP
BSP,NSF,SSW,DRY,DAY,SINGLE,LIGHT,SUN,4,CARS TRUCKS
TIN,REAR,TAI,DRY,DAY,SINGLE,EXTREME,FINE,1,EMP
RAD,WSRE,SSW,WET,DAY,SINGLE,LIGHT,RAIN,4,ENV
BSP,MIR,SSW,DRY,DAWN,MULTI,LIGHT,FINE,5,CARS TRUCKS
XRD,MIR,SSW,DRY,DAY,SINGLE,HEAVY,SUN,4,EMP
RAD,NSM,BTMO,DRY,DAY,SINGLE,LIGHT,FINE,4,EMP
RAD,NSR,REVERSING,DRY,DAY,SINGLE,NO,FINE,4,CARS TRUCKS
RAD,NSR,TAI,DRY,DUSK,BUS,NO,FINE,4,EMP
TIN,REAR,REVERSING,DRY,DAWN,SINGLE,MODERATE,FINE,4,EMP
BSP,TOPR,TAI,DRY,DAY,SINGLE,MODERATE,FINE,4,BUS - OTHER
RBT,NSR,BTMO,DRY,DAY,SINGLE,LIGHT,FINE,4,CARS TRUCKS
RAD,NSM,TBO,DRY,DAY,MULTI,LIGHT,FINE,1,CARS TRUCKS
BSP,NSR,TAI,WET,DAY,SINGLE,MODERATE,RAIN,4,EMP
RAD,REAR,SSW,DRY,DUSK,MULTI,MODERATE,FINE,1,CARS TRUCKS
RAD,FRNT,SSW,DRY,DAY,MULTI,MODERATE,FINE,1,EMP
BSP,MIR,SSW,DRY,DAY,BUS,LIGHT,FINE,2,EMP
TIN,NSM,SSW,DRY,DAY,BUS,LIGHT,FINE,1,EMP
RAD,NSR,SSW,DRY,DUSK,MULTI,LIGHT,FINE,4,EMP
RAD,NSR,SSW,SLIP,DAY,MULTI,LIGHT,RAIN,1,CARS TRUCKS
RAD,NSR,HON,DRY,DAY,SINGLE,HEAVY,FINE,4,EMP
BSP,MIR,HON,DRY,DUSK,MULTI,NO,FINE,4,EMP
RAD,REAR,N2T,DRY,DAY,FREE,HEAVY,FINE,1,BUS - OTHER
TIN,OSR,SSW,DRY,DAY,MULTI,LIGHT,FINE,5,EMP
RAD,NSF,BTMO,DRY,DAY,SINGLE,NO,FINE,4,CARS TRUCKS
BSP,REAR,REVERSING,DRY,DAWN,BUS,LIGHT,FINE,4,BUS - OTHER
RAD,REAR,BTMO,DRY,DAY,SINGLE,EXTREME,FINE,1,CARS TRUCKS
TIN,NSF,TBO,DRY,DUSK,SINGLE,LIGHT,FINE,1,CARS TRUCKS
TIN,NSM,SSW,DRY,DAY,MULTI,LIGHT,FINE,1,CARS TRUCKS
RAD,NSR,SSW,DRY,DAY,SINGLE,LIGHT,FINE,1,CYC
BSP,OSR,SSW,DRY,DAY,MULTI,NO,FINE,5,EMP
RAD,REAR,REVERSING,DRY,NIGHT,MULTI,MODERATE,FINE,4,BUS - OTHER
XRD,NSM,SSW,DRY,DAY,MULTI,HEAVY,FINE,5,GEN
BSP,NSR,TAI,DRY,DUSK,BUS,LIGHT,FINE,4,EMP
RAD,OSF,SSW,DRY,DAY,MULTI,HEAVY,FINE,1,GEN
RAD,REAR,BTMO,DRY,DAY,MULTI,HEAVY,FINE,4,CARS TRUCKS
RAD,OSR,SSW,DRY,DAY,MULTI,HEAVY,FINE,4,GEN
BSP,MIR,SSW,DRY,DUSK,BUS,MODERATE,FINE,4,EMP
RAD,NSR,TAI,WET,DAY,SINGLE,NO,FINE,4,EMP
BSP,NSR,SSW,DRY,DAY,MULTI,LIGHT,FINE,5,CARS TRUCKS
RAD,NSR,SSW,DRY,DAY,SINGLE,MODERATE,FINE,0,CARS TRUCKS
BSP,NSR,SSW,DRY,DAY,MULTI,HEAVY,FINE,1,EMP
TIN,NSR,TAI,DRY,NIGHT,MULTI,MODERATE,FINE,4,OTH
RAD,MIR,HON,DRY,DUSK,SINGLE,HEAVY,FINE,4,EMP
BSP,NSR,SSW,DRY,DAY,SINGLE,LIGHT,SUN,4,EMP
BSP,NSF,SSW,DRY,DAY,SINGLE,LIGHT,FINE,4,BUS - OTHER
RAD,NSR,BTMO,WET,DAY,MULTI,EXTREME,FINE,4,EMP
BSP,NSR,TAI,DRY,NIGHT,MULTI,NO,FINE,4,EMP
BSP,NSM,SSW,WET,DAY,MULTI,LIGHT,RAIN,4,EMP
RAD,MIR,HON,DRY,DAY,SINGLE,LIGHT,FINE,4,BUS - OTHER
TIN,OSF,HON,WET,DAY,MULTI,MODERATE,RAIN,1,CARS TRUCKS
XRD,FRNT,TBO,DRY,DAY,SINGLE,MODERATE,FINE,1,CARS TRUCKS
BSP,FRNT,TBO,DRY,DAY,MULTI,LIGHT,FINE,1,CARS TRUCKS
RAD,OSF,N2T,DRY,DAY,MULTI,MODERATE,FINE,5,CARS TRUCKS
TIN,WIN,SSW,DRY,DAY,SINGLE,NO,FINE,4,EMP
BSP,REAR,REVERSING,DRY,NIGHT,MULTI,NO,FINE,4,EMP
RBT,OSM,SSW,WET,NIGHT,SINGLE,LIGHT,FINE,4,BUS - OTHER
XRD,MIR,HON,DRY,DAY,MULTI,LIGHT,FINE,2,BUS - OTHER
BSP,NSR,TAI,DRY,DAY,SINGLE,LIGHT,FOG,4,EMP
RAD,WSRE,SSW,DRY,DAY,SINGLE,LIGHT,FINE,0,BUS - OTHER
RBT,TOPF,HON,WET,DUSK,SINGLE,MODERATE,RAIN,4,EMP
XRD,REAR,N2T,DRY,NIGHT,MULTI,MODERATE,FINE,5,CARS TRUCKS
BSP,OSM,BTMO,DRY,DAY,SINGLE,NO,FINE,1,CARS TRUCKS
RAD,TOPR,REVERSING,DRY,DAY,MULTI,LIGHT,FINE,4,EMP
BSP,OSR,SSW,DRY,DAY,MULTI,MODERATE,FINE,4,CARS TRUCKS
BSP,REAR,REVERSING,DRY,DAY,BUS,LIGHT,FINE,4,EMP
RAD,OSM,SSW,SLIP,DAY,SINGLE,NO,RAIN,4,EMP
RAD,MIR,SSW,DRY,DAY,SINGLE,MODERATE,FINE,4,BUS - OTHER
RAD,NSF,HON,WET,DAY,MULTI,LIGHT,RAIN,4,EMP
TIN,NSR,SSW,DRY,DAY,MULTI,LIGHT,FINE,1,CARS TRUCKS
BSP,NSR,SSW,WET,DAY,BUS,LIGHT,RAIN,2,EMP
RAD,NSR,SSW,DRY,DAWN,MULTI,LIGHT,FINE,1,CARS TRUCKS
BSP,NSR,N2T,DRY,DAY,SINGLE,HEAVY,FINE,4,BUS - OTHER
BSP,OSR,SSW,DRY,DAY,MULTI,NO,FINE,1,GEN
RBT,NSM,SSW,DRY,NIGHT,SINGLE,LIGHT,FINE,4,BUS - OTHER
XRD,OSF,HON,DRY,DAY,BUS,LIGHT,FINE,1,GEN
RAD,REAR,HON,DRY,DAY,MULTI,HEAVY,FINE,1,EMP
XRD,OSR,TAI,DRY,DAY,SINGLE,LIGHT,FINE,4,EMP
RBT,NSR,TAI,DRY,NIGHT,SINGLE,NO,FINE,4,EMP
RBT,OSR,SSW,DRY,NIGHT,SINGLE,LIGHT,FINE,4,EMP
RAD,OSR,SSW,WET,DAY,MULTI,MODERATE,FOG,4,EMP
RAD,FRNT,TBO,WET,NIGHT,MULTI,HEAVY,RAIN,1,EMP
RAD,OSR,TAI,DRY,DAY,MULTI,HEAVY,SUN,4,EMP
BSP,NSR,REVERSING,DRY,DAY,SINGLE,LIGHT,FINE,4,EMP
RAD,FRNT,REVERSING,DRY,DAY,SINGLE,LIGHT,FINE,1,GEN
RAD,NSR,SSW,DRY,DAY,SINGLE,LIGHT,FINE,2,EMP
RAD,REAR,BTMO,DRY,DAY,SINGLE,HEAVY,FINE,4,EMP
BSP,MIR,SSW,DRY,DAWN,MULTI,NO,FINE,1,CARS TRUCKS
RAD,NSM,SSW,WET,DAY,SINGLE,MODERATE,RAIN,4,CARS TRUCKS
RAD,NSR,HON,WET,DAY,MULTI,LIGHT,RAIN,4,EMP
BSP,FRNT,BTMO,DRY,DAY,MULTI,MODERATE,FINE,0,ENV
RAD,OSR,SSW,DRY,DAY,SINGLE,HEAVY,FINE,0,BUS - OTHER
XRD,NSM,SSW,DRY,DAY,SINGLE,LIGHT,FINE,1,CARS TRUCKS
RAD,FRNT,TBO,DRY,DAY,MULTI,LIGHT,FINE,1,GEN
RAD,FRNT,HON,DRY,DAY,BUS,MODERATE,FINE,0,EMP
BSP,FRNT,REVERSING,DRY,DAY,SINGLE,LIGHT,FINE,1,CARS TRUCKS
RAD,REAR,SSW,DRY,DAY,SINGLE,HEAVY,FINE,5,CARS TRUCKS
RAD,MIR,SSW,DRY,DUSK,MULTI,HEAVY,FINE,4,EMP
RAD,OSF,HON,DRY,DAY,MULTI,LIGHT,FINE,4,EMP
RAD,NSR,SSW,DRY,NIGHT,MULTI,LIGHT,FINE,1,BUS - OTHER
TIN,OSR,TAI,WET,NIGHT,MULTI,HEAVY,RAIN,4,BUS - OTHER
RAD,NSF,SSW,WET,DAY,MULTI,LIGHT,RAIN,1,CARS TRUCKS
RAD,MIR,TAI,DRY,DAY,MULTI,MODERATE,FINE,1,CARS TRUCKS
TIN,NSF,HON,DRY,DAY,SINGLE,LIGHT,FINE,1,EMP
RAD,MIR,SSW,DRY,DAY,BUS,NO,SUN,4,BUS - OTHER
RAD,OSF,TBO,DRY,DAY,SINGLE,LIGHT,FINE,1,CARS TRUCKS
BSP,NSR,N2T,DRY,NIGHT,SINGLE,LIGHT,FINE,1,GEN
BSP,MIR,SSW,DRY,DAY,FREE,HEAVY,FINE,4,EMP
TIN,NSR,SSW,DRY,DAY,SINGLE,NO,SUN,4,EMP
BSP,OSR,SSW,WET,DAY,MULTI,LIGHT,RAIN,1,CARS TRUCKS
RBT,REAR,BTMO,DRY,DAY,MULTI,MODERATE,FINE,1,CARS TRUCKS
BSP,MIR,SSW,DRY,DAY,SINGLE,HEAVY,FINE,1,CARS TRUCKS
RAD,OSR,SSW,DRY,NIGHT,MULTI,LIGHT,FINE,4,BUS - OTHER
RAD,MIR,SSW,DRY,DAY,SINGLE,LIGHT,FINE,1,BUS - OTHER
RAD,NSF,SSW,WET,DUSK,MULTI,HEAVY,RAIN,0,EMP
RAD,OSM,SSW,WET,DAWN,MULTI,LIGHT,RAIN,4,EMP
XRD,TOPM,SSW,DRY,DAY,MULTI,LIGHT,FINE,4,EMP
RBT,FRNT,REVERSING,WET,NIGHT,SINGLE,LIGHT,RAIN,1,EMP
XRD,NSR,SSW,DRY,NIGHT,MULTI,LIGHT,FINE,4,EMP
RAD,OSR,BTMO,DRY,DAY,MULTI,HEAVY,FINE,1,CARS TRUCKS
RAD,OSM,SSW,DRY,DUSK,SINGLE,MODERATE,FINE,4,BUS - OTHER
RAD,FRNT,HON,DRY,DAWN,SINGLE,LIGHT,FINE,4,EMP
BSP,OSF,SSW,DRY,DAY,SINGLE,MODERATE,FINE,1,EMP
RAD,OSM,SSW,SLIP,DUSK,SINGLE,HEAVY,FINE,4,EMP
RAD,OSM,SSW,DRY,DUSK,SINGLE,NO,FINE,4,BUS - OTHER
RAD,REAR,REVERSING,DRY,DAY,SINGLE,NO,FINE,5,BUS - OTHER
BSP,NSF,HON,DRY,DAY,MULTI,NO,FINE,4,EMP
XRD,OSR,HON,DRY,DAY,MULTI,LIGHT,FINE,4,EMP
RAD,MIR,SSW,DRY,NIGHT,MULTI,MODERATE,FINE,5,CARS TRUCKS
RAD,NSR,SSW,WET,DUSK,SINGLE,HEAVY,FINE,5,CARS TRUCKS
RAD,NSF,HON,DRY,DAY,MULTI,LIGHT,FINE,1,CARS TRUCKS
BSP,MIR,SSW,WET,DAY,SINGLE,NO,RAIN,4,BUS - OTHER
BSP,OSR,SSW,DRY,DUSK,BUS,HEAVY,FINE,1,CARS TRUCKS
RAD,NSR,HON,DRY,DAY,SINGLE,MODERATE,FINE,1,EMP
RAD,OSR,REVERSING,DRY,NIGHT,MULTI,NO,FINE,4,BUS - OTHER
RAD,OSM,SSW,DRY,DAY,SINGLE,LIGHT,FINE,4,BUS - OTHER
XRD,NSR,SSW,DRY,DUSK,MULTI,LIGHT,FINE,4,EMP
BSP,NSF,SSW,WET,DAY,SINGLE,NO,RAIN,0,EMP
RAD,FRNT,N2T,DRY,DUSK,SINGLE,HEAVY,FINE,4,EMP
RAD,OSM,SSW,DRY,DAY,BUS,LIGHT,FINE,1,CARS TRUCKS
RAD,FRNT,TBO,DRY,NIGHT,MULTI,LIGHT,FINE,1,EMP
BSP,OSM,TBO,DRY,DAY,SINGLE,LIGHT,FINE,1,CARS TRUCKS
RAD,NSR,TAI,DRY,DAY,MULTI,HEAVY,SUN,4,EMP
XRD,NSR,SSW,DRY,NIGHT,MULTI,MODERATE,FINE,1,CARS TRUCKS
TIN,OSR,TAI,DRY,DAY,SINGLE,HEAVY,FINE,4,BUS - OTHER
XRD,NSM,TBO,DRY,DAY,MULTI,HEAVY,FINE,1,CARS TRUCKS
BSP,OSR,TAI,WET,DAY,SINGLE,NO,FOG,1,CARS TRUCKS
BSP,FRNT,SSW,DRY,DAY,BUS,HEAVY,FINE,2,EMP
RAD,OSR,N2T,DRY,DAY,MULTI,HEAVY,FINE,5,EMP
RAD,FRNT,BTMO,DRY,DAY,SINGLE,LIGHT,FINE,4,EMP
RAD,OSM,SSW,DRY,NIGHT,SINGLE,NO,FINE,4,CARS TRUCKS
RBT,NSF,HON,DRY,DAY,SINGLE,MODERATE,FINE,4,EMP
RAD,NSR,SSW,SLIP,DAY,SINGLE,EXTREME,FINE,4,BUS - OTHER
XRD,WIN,SSW,DRY,DAY,MULTI,MODERATE,FINE,4,EMP
XRD,NSR,TBO,DRY,DUSK,MULTI,HEAVY,FINE,1,CARS TRUCKS
RBT,NSF,SSW,DRY,DAY,MULTI,MODERATE,FINE,1,EMP
RBT,OSM,SSW,DRY,STREET,SINGLE,LIGHT,FINE,1,CARS TRUCKS
BSP,REAR,SSW,WET,DAY,SINGLE,HEAVY,RAIN,1,CARS TRUCKS
RAD,FRNT,SSW,DRY,DAY,MULTI,HEAVY,FINE,1,GEN
RBT,NSR,TAI,DRY,NIGHT,SINGLE,MODERATE,FINE,4,EMP
BSP,REAR,N2T,DRY,DAY,MULTI,MODERATE,FINE,2,BUS - OTHER
BSP,MIR,HON,DRY,DAWN,SINGLE,LIGHT,FINE,4,EMP
XRD,NSR,SSW,DRY,NIGHT,SINGLE,LIGHT,FOG,4,EMP
RAD,OSF,TBO,DRY,DAY,MULTI,HEAVY,FINE,1,CARS TRUCKS
BSP,NSR,TBO,DRY,DAY,SINGLE,LIGHT,FINE,1,CARS TRUCKS
RBT,NSF,HON,DRY,DAY,SINGLE,LIGHT,SUN,1,CARS TRUCKS
RBT,NSM,SSW,DRY,DAY,SINGLE,HEAVY,FINE,4,EMP
XRD,NSR,SSW,DRY,DAWN,MULTI,LIGHT,FOG,5,CARS TRUCKS
DEPOT,MIR,SSW,DRY,DAWN,BUS,HEAVY,FINE,4,EMP
DEPOT,MIR,TAI,DRY,DAY,BUS,MODERATE,FINE,2,CARS TRUCKS
TIN,FRNT,HON,DRY,DAY,MULTI,HEAVY,FINE,4,EMP
XRD,NSF,HON,DRY,STREET,MULTI,NO,FINE,1,CARS TRUCKS
XRD,FRNT,TBO,DRY,DAY,MULTI,MODERATE,FINE,5,CARS TRUCKS
RAD,MIR,SSW,WET,DAWN,MULTI,MODERATE,RAIN,4,EMP
RBT,OSF,HON,WET,DAWN,SINGLE,MODERATE,RAIN,4,CARS TRUCKS
RAD,MIR,SSW,WET,DAWN,MULTI,HEAVY,RAIN,5,EMP
TIN,MIR,SSW,DRY,DAY,SINGLE,MODERATE,FINE,4,EMP
BSP,NSF,SSW,DRY,DAY,MULTI,HEAVY,FINE,1,EMP
XRD,NSM,SSW,WET,DAY,MULTI,MODERATE,RAIN,4,CARS TRUCKS
RAD,WIN,SSW,DRY,DAY,SINGLE,NO,FINE,0,GEN
RAD,OSF,N2T,WET,NIGHT,MULTI,LIGHT,RAIN,1,CARS TRUCKS
RAD,FRNT,HON,DRY,DAY,MULTI,LIGHT,FINE,4,CARS TRUCKS
XRD,NSR,N2T,DRY,DAY,SINGLE,HEAVY,FINE,4,CARS TRUCKS
XRD,NSM,TAI,DRY,DUSK,MULTI,HEAVY,FINE,4,CARS TRUCKS
XRD,MIR,SSW,DRY,DAY,MULTI,LIGHT,FINE,1,ROA
XRD,OSR,SSW,DRY,NIGHT,SINGLE,HEAVY,FINE,4,CARS TRUCKS
RAD,MIR,SSW,DRY,NIGHT,MULTI,LIGHT,FINE,1,EMP
DEPOT,FRNT,N2T,DRY,DUSK,SINGLE,NO,FINE,4,EMP
RAD,OSM,TBO,DRY,DAY,SINGLE,NO,FINE,1,EMP
RAD,NSF,SSW,DRY,NIGHT,SINGLE,HEAVY,FINE,1,EMP
RAD,WIN,SSW,DRY,DAY,SINGLE,LIGHT,FINE,5,EMP
RAD,MIR,SSW,DRY,NIGHT,SINGLE,NO,FINE,0,GEN
RAD,OSF,HON,DRY,DAY,SINGLE,LIGHT,FINE,4,EMP
XRD,NSM,SSW,DRY,DAY,SINGLE,LIGHT,FINE,4,CARS TRUCKS
RAD,OSR,SSW,DRY,DAY,SINGLE,LIGHT,FINE,0,BUS - OTHER
XRD,OSM,TBO,DRY,DUSK,MULTI,LIGHT,FINE,1,CARS TRUCKS
RAD,NSM,SSW,SLIP,DAWN,MULTI,NO,RAIN,4,EMP
RAD,NSM,SSW,DRY,DAY,SINGLE,LIGHT,FINE,0,OTH
TIN,OSM,SSW,DRY,DAY,SINGLE,MODERATE,FINE,5,CARS TRUCKS
BSP,NSF,ROO,DRY,DAY,SINGLE,MODERATE,FINE,4,CARS TRUCKS
DEPOT,FRNT,HON,DRY,DAY,SINGLE,LIGHT,FINE,4,CARS TRUCKS
RAD,NSM,SSW,DRY,DAY,SINGLE,MODERATE,SUN,4,EMP
RAD,MIR,SSW,WET,DAY,MULTI,HEAVY,FINE,5,CARS TRUCKS
RAD,REAR,SSW,DRY,DUSK,SINGLE,LIGHT,FINE,1,EMP
RAD,NSF,HON,DRY,DAY,SINGLE,LIGHT,FINE,4,CARS TRUCKS
RAD,NSM,SSW,DRY,NIGHT,SINGLE,LIGHT,FINE,4,BUS - OTHER
XRD,NSR,SSW,DRY,DAY,MULTI,MODERATE,FINE,4,BUS - OTHER
TIN,OSM,TBO,DRY,DAY,MULTI,MODERATE,FINE,1,ROAD RAGE
RBT,WSRE,BTMO,DRY,DAY,SINGLE,LIGHT,FINE,4,EMP
BSP,NSR,SSW,WET,NIGHT,SINGLE,LIGHT,RAIN,4,BUS - OTHER
RAD,OSR,TAI,DRY,DUSK,MULTI,MODERATE,FINE,4,CARS TRUCKS
RAD,NSM,SSW,DRY,DAWN,BUS,LIGHT,FINE,4,EMP
BSP,OSR,N2T,DRY,DAY,SINGLE,MODERATE,FINE,2,BUS - OTHER
RAD,FRNT,HON,DRY,DAY,SINGLE,LIGHT,FINE,1,OTH
BSP,NSR,BTMO,DRY,DAY,SINGLE,NO,FINE,1,BUS - OTHER
XRD,OSM,SSW,DRY,DAY,MULTI,HEAVY,FINE,1,CARS TRUCKS
BSP,NSF,SSW,DRY,NIGHT,MULTI,MODERATE,FINE,4,EMP
XRD,OSF,SSW,DRY,DAY,MULTI,MODERATE,FINE,5,CARS TRUCKS
RAD,WSRE,SSW,DRY,DUSK,SINGLE,NO,FINE,1,EMP
BSP,OSR,SSW,WET,NIGHT,MULTI,HEAVY,RAIN,1,CARS TRUCKS
RAD,FRNT,SSW,SLIP,DUSK,SINGLE,HEAVY,RAIN,4,EMP
RAD,NSM,SSW,DRY,NIGHT,MULTI,MODERATE,FINE,0,EMP
RAD,NSF,TBO,DRY,NIGHT,MULTI,MODERATE,FINE,1,EMP
XRD,NSF,SSW,DRY,DAWN,SINGLE,MODERATE,FINE,1,CARS TRUCKS
BSP,OSR,N2T,DRY,DAY,SINGLE,MODERATE,FINE,1,ROA
RAD,MIR,SSW,DRY,DUSK,SINGLE,MODERATE,FINE,5,ROA
BSP,FRNT,HON,DRY,DUSK,SINGLE,LIGHT,FINE,4,EMP
BSP,NSR,SSW,DRY,DUSK,MULTI,HEAVY,FINE,4,EMP
XRD,OSR,N2T,DRY,DAY,MULTI,LIGHT,FINE,1,ROA
XRD,OSR,SSW,DRY,DAY,MULTI,MODERATE,FINE,1,ROA
XRD,NSR,SSW,DRY,NIGHT,SINGLE,LIGHT,FINE,4,EMP
BSP,WIN,SSW,DRY,NIGHT,MULTI,LIGHT,FINE,0,PAS
TIN,NSR,SSW,DRY,DAY,MULTI,LIGHT,FINE,1,ROA
BSP,FRNT,HON,DRY,DUSK,SINGLE,LIGHT,FINE,4,CARS TRUCKS
RAD,NSM,SSW,WET,DAY,SINGLE,HEAVY,RAIN,4,EMP
RAD,NSF,SSW,SLIP,DAY,BUS,HEAVY,RAIN,1,CARS TRUCKS