location_code,damage_code,collision_code,road_code,light_code,road_type_code,traffic_code,weather_code,emp_liability_code,kpi_cause_code
RAD,NSM,SSW,WET,DAY,BUS,LIGHT,RAIN,4,EMP
BSP,OSR,SSW,DRY,DAWN,BUS,LIGHT,FINE,4,EMP
RAD,OSM,SSW,DRY,NIGHT,MULTI,LIGHT,FINE,5,CARS TRUCKS
XRD,OSM,SSW,SLIP,DAY,MULTI,LIGHT,RAIN,1,BUS - OTHER
RAD,NSF,TBO,DRY,DAY,SINGLE,LIGHT,FINE,1,ROA
RAD,NSR,HON,DRY,DAY,SINGLE,LIGHT,FINE,1,ROA
XRD,OSM,SSW,DRY,DAY,MULTI,LIGHT,FINE,4,BUS - OTHER
TIN,FRNT,SSW,DRY,DAY,MULTI,LIGHT,FINE,5,ROA
RBT,FRNT,TBO,WET,DAY,SINGLE,LIGHT,RAIN,4,EMP
BSP,REAR,N2T,WET,DAY,MULTI,MODERATE,RAIN,1,CARS TRUCKS
RAD,OSF,SSW,DRY,DAY,SINGLE,HEAVY,FINE,4,CARS TRUCKS
RAD,NSF,SSW,DRY,DAY,SINGLE,NO,SUN,4,EMP
RAD,NSF,SSW,DRY,DAY,MULTI,LIGHT,FINE,5,ROA
RAD,NSF,HON,DRY,DAY,SINGLE,LIGHT,FINE,0,ENV
BSP,OSR,SSW,DRY,DAY,BUS,MODERATE,FINE,1,GEN
BSP,OSF,SSW,DRY,DAY,MULTI,MODERATE,FINE,5,GEN
RAD,NSF,SSW,WET,NIGHT,MULTI,LIGHT,RAIN,0,CARS TRUCKS
RAD,NSR,TBO,DRY,DAY,SINGLE,NO,FINE,1,CARS TRUCKS
RAD,MIR,HON,WET,DAWN,MULTI,HEAVY,RAIN,4,EMP
XRD,NSM,TBO,DRY,DAY,SINGLE,HEAVY,FINE,4,CARS TRUCKS
TIN,REAR,SSW,WET,DAY,MULTI,MODERATE,RAIN,4,EMP
XRD,REAR,N2T,DRY,DAY,SINGLE,LIGHT,FINE,1,CARS TRUCKS
RAD,FRNT,BTMO,DRY,DAY,SINGLE,NO,FINE,4,EMP
RAD,OSR,N2T,DRY,DAY,MULTI,HEAVY,FINE,1,CARS TRUCKS
BSP,NSF,SSW,DRY,DAY,MULTI,MODERATE,FINE,5,CARS TRUCKS
XRD,NSR,SSW,DRY,DUSK,SINGLE,HEAVY,FINE,4,CARS TRUCKS
RAD,OSM,SSW,WET,DAY,SINGLE,EXTREME,RAIN,4,BUS - OTHER
BSP,NSR,TAI,DRY,NIGHT,MULTI,LIGHT,FINE,4,CARS TRUCKS
RAD,NSR,SSW,DRY,DAY,SINGLE,HEAVY,FINE,4,OTH
RAD,OSM,SSW,DRY,DAWN,MULTI,MODERATE,FINE,5,CARS TRUCKS
TIN,OSR,TAI,DRY,DAY,SINGLE,HEAVY,FINE,4,CARS TRUCKS
BSP,OSR,N2T,DRY,DAY,BUS,MODERATE,FINE,1,CARS TRUCKS
XRD,NSF,SSW,DRY,DUSK,BUS,HEAVY,FINE,4,BUS - OTHER
RAD,REAR,SSW,SLIP,DAY,MULTI,LIGHT,RAIN,4,EMP
RBT,NSM,SSW,DRY,DAY,SINGLE,NO,FINE,4,CARS TRUCKS
RBT,OSR,BTMO,DRY,DAY,SINGLE,LIGHT,FINE,4,CARS TRUCKS
BSP,NSM,SSW,DRY,DAY,SINGLE,HEAVY,FINE,4,CARS TRUCKS
RAD,WIN,SSW,DRY,DAY,SINGLE,LIGHT,FINE,1,CARS TRUCKS
RAD,REAR,SSW,DRY,NIGHT,SINGLE,LIGHT,FINE,0,GEN
RAD,OSR,TBO,DRY,NIGHT,MULTI,NO,FINE,1,CARS TRUCKS
RAD,NSR,TAI,WET,DAY,SINGLE,NO,RAIN,4,EMP
RAD,REAR,N2T,WET,DAY,MULTI,HEAVY,RAIN,1,CARS TRUCKS
RAD,NSR,SSW,WET,DUSK,SINGLE,MODERATE,RAIN,4,EMP
RAD,REAR,SSW,DRY,DAY,FREE,HEAVY,FINE,4,CARS TRUCKS
RAD,OSM,SSW,DRY,DAY,SINGLE,HEAVY,FINE,4,CARS TRUCKS
RAD,FRNT,N2T,DRY,DAY,MULTI,HEAVY,FINE,4,CARS TRUCKS
DEPOT,NSR,REVERSING,DRY,DAY,SINGLE,NO,FINE,4,EMP
RAD,NSF,SSW,DRY,DAY,SINGLE,HEAVY,FINE,5,EMP
RAD,NSF,SSW,WET,DAY,MULTI,HEAVY,FINE,4,EMP
RAD,OSM,SSW,DRY,DAY,MULTI,LIGHT,FINE,4,BUS - OTHER
BSP,REAR,REVERSING,DRY,DAY,BUS,MODERATE,FINE,1,BUS - OTHER
BSP,NSM,TBO,DRY,DUSK,MULTI,HEAVY,FINE,1,ROA
BSP,REAR,SSW,DRY,DAWN,SINGLE,LIGHT,FINE,0,OTH
RBT,OSM,SSW,DRY,DAY,MULTI,NO,FINE,4,EMP
RAD,NSM,SSW,DRY,DAWN,MULTI,LIGHT,FINE,4,EMP
RAD,NSM,TBO,DRY,DAY,MULTI,HEAVY,FINE,4,CARS TRUCKS
TIN,NSR,BTMO,DRY,DAY,SINGLE,MODERATE,FINE,4,EMP
RAD,NSF,SSW,DRY,DAY,SINGLE,HEAVY,FINE,4,BUS - OTHER
BSP,NSF,HON,DRY,DAY,MULTI,MODERATE,FINE,4,CARS TRUCKS
BSP,NSR,SSW,WET,DAY,BUS,LIGHT,RAIN,4,EMP
XRD,NSM,SSW,SLIP,DAWN,MULTI,HEAVY,RAIN,1,EMP
BSP,FRNT,HON,WET,DAY,MULTI,LIGHT,RAIN,4,EMP
BSP,NSM,SSW,DRY,DAY,SINGLE,MODERATE,FINE,4,CARS TRUCKS
RAD,REAR,N2T,DRY,NIGHT,MULTI,HEAVY,FINE,1,EMP
RAD,NSF,SSW,DRY,DAY,SINGLE,NO,FINE,4,CARS TRUCKS
BSP,NSM,SSW,DRY,DAY,SINGLE,MODERATE,FINE,1,CARS TRUCKS
BSP,MIR,SSW,DRY,DAY,MULTI,LIGHT,FINE,5,EMP
DEPOT,WSRE,N2T,DRY,NIGHT,SINGLE,NO,FINE,4,EMP
BSP,MIR,SSW,SLIP,DUSK,MULTI,LIGHT,RAIN,4,EMP
DEPOT,NSR,SSW,DRY,DAY,SINGLE,LIGHT,FINE,5,EMP
DEPOT,REAR,REVERSING,DRY,DAY,SINGLE,NO,FINE,4,EMP
RAD,NSF,SSW,DRY,DAY,MULTI,MODERATE,FINE,0,PL&EQ
RAD,Broken side win,SSW,DRY,DAY,SINGLE,LIGHT,FINE,3,EMP
RAD,OSF,SSW,DRY,DAY,MULTI,HEAVY,FINE,5,ROA
RAD,FRNT,SSW,DRY,DAY,SINGLE,MODERATE,FINE,0,CARS TRUCKS
RAD,FRNT,N2T,DRY,NIGHT,SINGLE,NO,FINE,4,EMP
RAD,OSR,SSW,DRY,DAY,MULTI,EXTREME,FINE,4,EMP
RAD,NSM,TBO,DRY,NIGHT,MULTI,LIGHT,FINE,4,CARS TRUCKS
BSP,WSRE,HON,DRY,DAY,BUS,NO,FINE,4,EMP
RAD,MIR,SSW,DRY,DAY,MULTI,MODERATE,FINE,0,ENV
XRD,NSF,TBO,DRY,DAY,SINGLE,LIGHT,FINE,4,EMP
RAD,TOPM,HON,DRY,DAY,SINGLE,LIGHT,FINE,4,EMP
BSP,REAR,N2T,DRY,DAWN,MULTI,LIGHT,RAIN,1,CARS TRUCKS
BSP,OSF,SSW,SLIP,DAY,BUS,NO,RAIN,4,EMP
XRD,MIR,SSW,DRY,DAY,BUS,MODERATE,FINE,1,EMP
RAD,NSR,SSW,WET,NIGHT,SINGLE,NO,RAIN,5,CARS TRUCKS
BSP,OSR,N2T,DRY,NIGHT,MULTI,HEAVY,FINE,5,GEN
RAD,NSF,HON,DRY,DAY,SINGLE,MODERATE,FINE,5,CARS TRUCKS
BSP,MIR,HON,WET,DAY,MULTI,MODERATE,SUN,4,EMP
BSP,OSR,TBO,DRY,NIGHT,SINGLE,LIGHT,FINE,1,CARS TRUCKS
BSP,OSF,N2T,DRY,DAY,BUS,NO,FINE,2,BUS - OTHER
RAD,WSRE,SSW,DRY,NIGHT,MULTI,LIGHT,FINE,0,OTH
BSP,MIR,TAI,DRY,DAY,SINGLE,NO,FINE,2,BUS - OTHER
BSP,NSF,SSW,WET,NIGHT,MULTI,MODERATE,RAIN,4,EMP
RAD,OSM,SSW,DRY,DAY,SINGLE,LIGHT,FINE,6,BUS - OTHER
RAD,REAR,BTMO,DRY,DAY,SINGLE,LIGHT,FINE,1,BUS - OTHER
TIN,FRNT,N2T,DRY,DAY,SINGLE,HEAVY,FINE,4,EMP
BSP,OSM,SSW,DRY,DAY,SINGLE,NO,FINE,5,CARS TRUCKS
RAD,NSF,HON,DRY,NIGHT,SINGLE,NO,FINE,0,OTH
DEPOT,FRNT,SSW,DRY,DAY,SINGLE,LIGHT,FINE,1,BUS - OTHER
RAD,WIN,SSW,DRY,DUSK,SINGLE,LIGHT,FINE,4,EMP
XRD,OSR,SSW,DRY,STREET,SINGLE,NO,FINE,3,EMP
RAD,WIN,SSW,DRY,DAY,MULTI,LIGHT,FINE,5,EMP
XRD,NSM,REVERSING,DRY,DAY,SINGLE,LIGHT,FINE,1,EMP
RAD,OSF,BTMO,DRY,DAY,SINGLE,LIGHT,FINE,4,EMP
XRD,NSM,SSW,WET,DUSK,MULTI,HEAVY,RAIN,4,CARS TRUCKS
XRD,NSM,TBO,DRY,DAWN,MULTI,LIGHT,FINE,1,EMP
RAD,REAR,SSW,DRY,DAWN,SINGLE,HEAVY,FINE,4,EMP
TIN,NSF,SSW,DRY,DAY,SINGLE,HEAVY,FINE,4,CARS TRUCKS
RAD,NSF,TBO,WET,DUSK,MULTI,HEAVY,RAIN,4,EMP
BSP,TOPR,SSW,DRY,DAY,SINGLE,NO,FINE,4,EMP
RAD,FRNT,N2T,DRY,DAY,SINGLE,NO,FINE,1,ROA
DEPOT,NSM,REVERSING,DRY,DAY,SINGLE,LIGHT,FINE,4,EMP
XRD,FRNT,SSW,DRY,DAY,SINGLE,EXTREME,FINE,4,EMP
RAD,MIR,SSW,DRY,DAY,MULTI,NO,FINE,4,EMP
RAD,MIR,SSW,DRY,DUSK,SINGLE,MODERATE,FINE,4,EMP
RBT,OSM,SSW,DRY,DAY,SINGLE,HEAVY,FINE,1,EMP
RAD,NSR,SSW,DRY,DAWN,BUS,LIGHT,FINE,4,EMP
RAD,WIN,SSW,DRY,DUSK,BUS,LIGHT,FINE,1,EMP
RAD,OSR,TBO,DRY,DAY,SINGLE,NO,FINE,4,EMP
RAD,WSRE,SSW,WET,DAWN,MULTI,MODERATE,RAIN,4,EMP
RAD,WSRE,HON,DRY,DAY,SINGLE,HEAVY,FINE,1,EMP
BSP,REAR,N2T,DRY,DAY,SINGLE,LIGHT,FINE,3,EMP
RAD,MIR,SSW,DRY,DAY,MULTI,LIGHT,FINE,3,EMP
RAD,NSM,SSW,DRY,DUSK,MULTI,HEAVY,FINE,1,EMP
XRD,NSF,HON,DRY,DAY,SINGLE,LIGHT,FINE,3,EMP
RAD,REAR,SSW,DRY,DUSK,MULTI,LIGHT,FINE,1,EMP
TIN,MIR,SSW,DRY,DAY,MULTI,MODERATE,FINE,3,EMP
XRD,NSR,SSW,WET,NIGHT,SINGLE,HEAVY,RAIN,4,EMP
RAD,MIR,SSW,DRY,DUSK,MULTI,MODERATE,FINE,1,EMP
RAD,OSR,SSW,DRY,DAY,SINGLE,NO,FINE,3,EMP
RAD,OSF,SSW,WET,DUSK,SINGLE,LIGHT,RAIN,4,EMP
XRD,NSF,SSW,DRY,DAY,SINGLE,NO,FINE,3,EMP
RAD,OSM,SSW,DRY,DUSK,MULTI,LIGHT,FINE,3,EMP
RBT,OSF,TBO,DRY,DAY,SINGLE,LIGHT,FINE,4,EMP
TIN,REAR,SSW,DRY,STREET,SINGLE,HEAVY,FINE,4,EMP
RAD,OSM,SSW,DRY,NIGHT,MULTI,MODERATE,FINE,1,EMP
RAD,OSM,SSW,DRY,DAWN,MULTI,LIGHT,FINE,4,EMP
RAD,TOPF,SSW,SLIP,DAY,SINGLE,LIGHT,RAIN,4,EMP
RAD,REAR,N2T,DRY,DAY,MULTI,EXTREME,FINE,4,EMP
TIN,REAR,SSW,DRY,DAY,SINGLE,NO,FINE,1,EMP
XRD,FRNT,TBO,DRY,DAY,MULTI,LIGHT,FINE,1,EMP
XRD,FRNT,SSW,DRY,DAY,MULTI,HEAVY,FINE,1,EMP
RAD,WSRE,SSW,DRY,DAY,SINGLE,NO,FINE,4,EMP
RAD,WIN,SSW,WET,NIGHT,MULTI,NO,FINE,1,EMP
BSP,NSR,N2T,DRY,DAY,SINGLE,HEAVY,FINE,4,EMP
TIN,NSF,SSW,DRY,DAY,MULTI,LIGHT,FINE,4,EMP
TIN,FRNT,SSW,DRY,DAY,SINGLE,NO,FINE,4,EMP
BSP,NSF,SSW,DRY,DAY,BUS,NO,RAIN,1,EMP
BSP,NSR,SSW,WET,DAY,BUS,NO,RAIN,4,EMP
TIN,REAR,N2T,DRY,DAY,MULTI,LIGHT,FINE,1,EMP
BSP,FRNT,HON,WET,NIGHT,SINGLE,LIGHT,RAIN,4,EMP
BSP,NSF,SSW,DRY,DAY,MULTI,NO,FINE,1,EMP
RAD,NSF,SSW,DRY,STREET,SINGLE,NO,FINE,1,EMP
RAD,NSR,SSW,DRY,DUSK,MULTI,HEAVY,RAIN,4,EMP
BSP,REAR,SSW,DRY,DAY,SINGLE,LIGHT,RAIN,4,EMP
BSP,TOPM,SSW,DRY,DAY,SINGLE,MODERATE,FINE,4,EMP
TIN,OSF,SSW,WET,DAY,MULTI,MODERATE,FINE,4,EMP
RAD,OSR,SSW,SLIP,DAWN,MULTI,LIGHT,RAIN,1,EMP
RAD,NSM,SSW,SLIP,NIGHT,SINGLE,NO,RAIN,4,EMP
BSP,MIR,SSW,WET,NIGHT,SINGLE,NO,FINE,4,EMP
BSP,FRNT,SSW,DRY,DAY,SINGLE,MODERATE,FINE,1,EMP
BSP,OSR,TBO,DRY,DAY,SINGLE,LIGHT,FINE,1,EMP
TIN,NSF,SSW,DRY,DAY,MULTI,MODERATE,FINE,4,EMP
BSP,MIR,SSW,DRY,DAWN,MULTI,LIGHT,FINE,4,EMP
TIN,OSR,SSW,WET,STREET,MULTI,NO,RAIN,1,EMP
TIN,NSR,SSW,DRY,DAY,BUS,MODERATE,FINE,4,EMP
TIN,OSR,SSW,DRY,DAY,MULTI,NO,FINE,4,EMP
XRD,OSM,SSW,DRY,NIGHT,SINGLE,LIGHT,FINE,4,EMP
RAD,FRNT,N2T,SLIP,NIGHT,SINGLE,EXTREME,RAIN,4,EMP
BSP,NSR,SSW,WET,DAWN,SINGLE,NO,FINE,4,EMP
RBT,NSR,SSW,DRY,DAY,SINGLE,HEAVY,FINE,1,EMP
RBT,OSR,SSW,DRY,DAY,SINGLE,LIGHT,FINE,1,EMP
RAD,OSF,N2T,WET,DAY,MULTI,HEAVY,RAIN,4,EMP
RBT,FRNT,SSW,DRY,NIGHT,MULTI,LIGHT,FINE,1,EMP
XRD,NSM,SSW,DRY,NIGHT,SINGLE,MODERATE,FINE,1,EMP
RAD,NSR,SSW,WET,NIGHT,SINGLE,NO,FINE,4,EMP
RBT,OSF,SSW,WET,DAY,MULTI,HEAVY,RAIN,1,EMP
TIN,NSR,SSW,WET,NIGHT,SINGLE,MODERATE,RAIN,4,EMP
RAD,OSF,SSW,DRY,DAY,BUS,HEAVY,FINE,4,EMP
XRD,REAR,SSW,WET,DAY,SINGLE,NO,RAIN,4,EMP
RAD,NSR,SSW,DRY,DAWN,SINGLE,LIGHT,FINE,1,EMP
RAD,FRNT,SSW,WET,DAY,SINGLE,HEAVY,FINE,4,EMP
RAD,OSM,SSW,WET,DAWN,MULTI,LIGHT,RAIN,1,EMP
RAD,NSM,SSW,DRY,NIGHT,MULTI,LIGHT,FINE,1,EMP
BSP,OSM,SSW,WET,DAY,MULTI,LIGHT,RAIN,1,EMP
TIN,OSR,SSW,WET,DAY,SINGLE,LIGHT,RAIN,4,EMP
RAD,OSF,SSW,DRY,NIGHT,BUS,LIGHT,FINE,1,EMP
RAD,REAR,SSW,DRY,NIGHT,MULTI,LIGHT,FINE,1,EMP
RAD,OSM,SSW,DRY,DAY,SINGLE,LIGHT,FOG,1,EMP
RAD,FRNT,N2T,DRY,DAY,MULTI,HEAVY,FINE,1,EMP
XRD,NSR,N2T,DRY,DAY,SINGLE,MODERATE,FINE,1,EMP
RAD,TOPR,SSW,WET,NIGHT,SINGLE,NO,RAIN,4,EMP
RAD,NSM,SSW,DRY,DAY,BUS,LIGHT,FINE,1,EMP
BSP,MIR,SSW,DRY,DAY,SINGLE,MODERATE,FINE,1,EMP
TIN,OSF,SSW,DRY,DAY,MULTI,LIGHT,FINE,1,EMP
XRD,NSM,SSW,DRY,DAY,SINGLE,HEAVY,FINE,1,EMP
BSP,NSR,N2T,DRY,DAY,SINGLE,LIGHT,FINE,1,EMP
XRD,TOPR,SSW,DRY,DAY,SINGLE,LIGHT,FINE,4,EMP
RAD,NSM,SSW,DRY,DAY,SINGLE,LIGHT,FINE,6,EMP
XRD,NSF,TBO,DRY,DAY,MULTI,LIGHT,FINE,1,EMP
XRD,REAR,SSW,DRY,DAWN,MULTI,NO,FINE,1,EMP
TIN,OSR,SSW,DRY,DAY,MULTI,EXTREME,FINE,4,EMP
RAD,OSR,SSW,WET,DAY,MULTI,MODERATE,RAIN,1,EMP
XRD,FRNT,SSW,DRY,DAY,SINGLE,MODERATE,FINE,5,EMP
RAD,OSM,SSW,DRY,DAY,MULTI,LIGHT,FINE,5,EMP
RBT,NSR,BTMO,DRY,DAY,SINGLE,LIGHT,FOG,4,EMP
RAD,TOPR,SSW,WET,NIGHT,SINGLE,LIGHT,RAIN,4,EMP
RAD,FRNT,BTMO,DRY,DAY,SINGLE,MODERATE,FINE,5,EMP
RAD,OSR,SSW,DRY,DAWN,SINGLE,LIGHT,FINE,4,EMP
BSP,OSR,SSW,WET,NIGHT,MULTI,LIGHT,RAIN,5,EMP
RAD,FRNT,SSW,WET,DAY,SINGLE,MODERATE,RAIN,4,ROA
RAD,NSR,N2T,WET,DAY,MULTI,MODERATE,RAIN,5,EMP
BSP,NSF,SSW,DRY,DAY,BUS,HEAVY,FINE,4,EMP
XRD,NSM,TBO,DRY,DAY,MULTI,LIGHT,FINE,4,EMP
RAD,NSF,SSW,DRY,DAWN,SINGLE,NO,FOG,4,CARS TRUCKS
RAD,WSRE,HON,DRY,NIGHT,MULTI,LIGHT,FINE,0,OTH
RAD,WSRE,HON,DRY,DAY,SINGLE,LIGHT,FINE,5,EMP
RAD,OSF,HON,DRY,DAWN,MULTI,LIGHT,FINE,0,EMP
RAD,OSF,SSW,DRY,DAY,SINGLE,MODERATE,FINE,5,EMP
RAD,OSF,HON,DRY,DAY,MULTI,HEAVY,FINE,1,EMP
RAD,TOPF,ROO,DRY,DAY,SINGLE,NO,FINE,0,EMP
TIN,NSM,SSW,SLIP,DAY,SINGLE,LIGHT,RAIN,4,EMP
RBT,NSR,HON,DRY,DAY,SINGLE,LIGHT,FINE,4,EMP
BSP,NSR,SSW,DRY,NIGHT,MULTI,MODERATE,FINE,4,EMP
XRD,NSF,TBO,DRY,NIGHT,SINGLE,NO,FINE,1,EMP
RAD,OSR,SSW,DRY,DAY,MULTI,LIGHT,SUN,1,EMP
BSP,TOPM,ROO,DRY,DAY,SINGLE,NO,FINE,4,EMP
BSP,NSF,SSW,WET,NIGHT,MULTI,LIGHT,RAIN,4,CARS TRUCKS
BSP,OSF,SSW,DRY,DAY,MULTI,MODERATE,FINE,4,CARS TRUCKS
RAD,FRNT,HON,DRY,DAY,MULTI,MODERATE,FINE,1,EMP
RAD,WSRE,SSW,DRY,DAY,SINGLE,LIGHT,FINE,0,CARS TRUCKS
RAD,Air Conditionin,SSW,DRY,DAY,SINGLE,LIGHT,FINE,4,EMP
RAD,Broken mirror l,SSW,DRY,DAY,SINGLE,LIGHT,FINE,4,EMP
RAD,Front bumper da,SSW,DRY,DAY,SINGLE,LIGHT,FINE,3,EMP
RAD,N/S front of do,SSW,DRY,DAY,SINGLE,LIGHT,FINE,4,EMP
RAD,Scratched R/H/S,SSW,DRY,DAY,SINGLE,LIGHT,FINE,4,EMP
RAD,Black rubber ma,SSW,DRY,DAY,SINGLE,LIGHT,FINE,4,EMP
DEPOT,NSR,TAI,DRY,NIGHT,SINGLE,NO,FINE,4,EMP
RAD,NSF,HON,WET,DAY,SINGLE,LIGHT,RAIN,1,EMP
RAD,FRNT,HON,DRY,DAY,SINGLE,LIGHT,FINE,4,CARS TRUCKS
BSP,FRNT,SSW,DRY,DAY,BUS,LIGHT,FINE,4,EMP
RAD,MIR,SSW,WET,NIGHT,SINGLE,LIGHT,FINE,5,CARS TRUCKS
RAD,FRNT,SSW,DRY,DAY,MULTI,LIGHT,FINE,0,OTH
BSP,FRNT,SSW,WET,NIGHT,BUS,NO,FINE,4,EMP
RBT,OSR,SSW,DRY,DAWN,SINGLE,LIGHT,FINE,4,EMP
DEPOT,MIR,SSW,DRY,DAY,SINGLE,LIGHT,FINE,2,BUS - OTHER
RAD,OSM,TAI,DRY,DAY,MULTI,EXTREME,FINE,4,EMP
RAD,OSM,SSW,DRY,STREET,SINGLE,MODERATE,FINE,1,CARS TRUCKS
BSP,REAR,N2T,DRY,DAY,BUS,NO,FINE,2,BUS - OTHER
XRD,TOPM,HON,DRY,DAY,SINGLE,LIGHT,FINE,4,EMP
RAD,REAR,REVERSING,SLIP,NIGHT,MULTI,NO,FINE,4,EMP
RBT,NSM,SSW,DRY,DAY,SINGLE,MODERATE,FINE,1,CARS TRUCKS
TIN,OSM,SSW,DRY,DAY,SINGLE,HEAVY,FINE,1,CARS TRUCKS
XRD,OSF,TBO,DRY,DAY,MULTI,LIGHT,FINE,1,CARS TRUCKS
RAD,FRNT,SSW,DRY,NIGHT,MULTI,NO,FINE,0,OTH
RAD,FRNT,HON,DRY,DAY,MULTI,LIGHT,FINE,1,CARS TRUCKS
RBT,NSF,BTMO,DRY,DAY,SINGLE,NO,FINE,4,EMP
XRD,OSR,SSW,WET,DAY,MULTI,HEAVY,RAIN,1,CARS TRUCKS
XRD,NSF,TBO,DRY,DAY,MULTI,LIGHT,FINE,1,CARS TRUCKS
RAD,FRNT,BTMO,WET,DAY,MULTI,HEAVY,RAIN,4,BUS BRAKING
RAD,MIR,HON,DRY,DUSK,SINGLE,MODERATE,FINE,4,EMP
XRD,NSR,TAI,DRY,DAY,MULTI,LIGHT,FINE,1,EMP
RBT,NSM,BTMO,WET,DAWN,SINGLE,LIGHT,RAIN,4,EMP
RAD,FRNT,SSW,DRY,DAY,MULTI,NO,FINE,1,CARS TRUCKS
BSP,MIR,HON,WET,DAY,SINGLE,LIGHT,FINE,4,EMP
BSP,WIN,SSW,DRY,DAY,MULTI,LIGHT,FINE,5,CARS TRUCKS
RAD,WSRE,HON,WET,DAY,MULTI,MODERATE,RAIN,0,EMP
RAD,NSR,REVERSING,DRY,DAY,MULTI,LIGHT,FINE,4,EMP
BSP,NSM,TAI,DRY,NIGHT,SINGLE,LIGHT,FINE,4,EMP
RAD,NSR,SSW,WET,DAY,SINGLE,EXTREME,RAIN,4,BUS - OTHER
RBT,NSM,SSW,DRY,DAY,SINGLE,LIGHT,FINE,5,CARS TRUCKS
RAD,NSF,TAI,DRY,DAY,MULTI,MODERATE,FINE,4,EMP
RAD,FRNT,HON,DRY,DAY,MULTI,NO,FINE,4,EMP
RAD,REAR,N2T,DRY,DAY,MULTI,LIGHT,FINE,2,CARS TRUCKS
RAD,OSR,REVERSING,DRY,DUSK,SINGLE,MODERATE,FINE,1,CARS TRUCKS
TIN,NSF,HON,SLIP,DUSK,SINGLE,LIGHT,RAIN,4,EMP
DEPOT,MIR,SSW,WET,DAY,SINGLE,NO,RAIN,2,EMP
BSP,NSF,N2T,DRY,NIGHT,SINGLE,MODERATE,FINE,4,EMP
RAD,NSR,SSW,WET,DUSK,SINGLE,MODERATE,FINE,4,EMP
RAD,OSR,SSW,DRY,DAY,MULTI,LIGHT,FINE,5,EMP
RAD,NSF,N2T,DRY,DAWN,MULTI,LIGHT,FOG,4,EMP
TIN,OSR,SSW,DRY,DAY,MULTI,LIGHT,FINE,1,CARS TRUCKS
RAD,MIR,SSW,DRY,DAY,SINGLE,LIGHT,FINE,6,OTH
RAD,FRNT,HON,DRY,DAY,BUS,NO,FINE,4,EMP
RAD,OSM,SSW,DRY,DAY,MULTI,HEAVY,SUN,4,EMP
BSP,OSM,TBO,DRY,DAY,SINGLE,NO,FINE,1,CARS TRUCKS
RAD,NSM,TAI,DRY,DAY,SINGLE,LIGHT,FINE,1,CARS TRUCKS
DEPOT,NSR,TAI,WET,DAY,SINGLE,NO,RAIN,4,EMP
BSP,OSR,SSW,WET,DAY,SINGLE,LIGHT,RAIN,4,EMP
BSP,OSR,SSW,WET,DAY,SINGLE,LIGHT,RAIN,4,BUS - OTHER
BSP,NSR,TAI,DRY,DAY,SINGLE,HEAVY,SUN,4,EMP
DEPOT,OSF,TAI,DRY,DAY,SINGLE,LIGHT,FINE,2,BUS - OTHER
BSP,NSF,TAI,DRY,DAY,SINGLE,HEAVY,FINE,4,EMP
XRD,OSR,SSW,DRY,DAY,SINGLE,HEAVY,FINE,1,CARS TRUCKS
RAD,NSR,BTMO,DRY,DAY,SINGLE,LIGHT,FINE,1,EMP
RAD,FRNT,SSW,DRY,DUSK,BUS,MODERATE,FINE,4,EMP
RAD,NSF,REVERSING,DRY,DAY,SINGLE,LIGHT,FINE,5,CARS TRUCKS
RAD,NSR,SSW,DRY,DAY,SINGLE,NO,FINE,6,EMP
RAD,NSR,N2T,SLIP,DAY,MULTI,LIGHT,FINE,1,EMP
TIN,OSM,SSW,SLIP,DAY,SINGLE,LIGHT,RAIN,4,BUS - OTHER
RAD,FRNT,REVERSING,DRY,DAY,SINGLE,NO,FINE,4,EMP
DEPOT,WSRE,N2T,DRY,DAY,SINGLE,NO,FINE,2,EMP
DEPOT,NSR,TAI,DRY,DAY,SINGLE,LIGHT,FINE,4,EMP
DEPOT,MIR,SSW,DRY,DAY,SINGLE,LIGHT,FINE,2,EMP
XRD,FRNT,HON,SLIP,NIGHT,SINGLE,NO,FINE,4,EMP
RAD,FRNT,HON,WET,STREET,MULTI,LIGHT,RAIN,1,CARS TRUCKS
RAD,OSR,N2T,DRY,DAWN,SINGLE,LIGHT,FINE,5,EMP
BSP,NSR,SSW,DRY,NIGHT,MULTI,NO,FINE,0,PAS
RAD,NSM,SSW,DRY,DAY,MULTI,MODERATE,FINE,4,GEN
RAD,NSF,SSW,DRY,DAY,SINGLE,LIGHT,FINE,0,OTH
RBT,FRNT,HON,WET,NIGHT,SINGLE,NO,RAIN,4,EMP
DEPOT,NSR,SSW,WET,DAWN,SINGLE,NO,RAIN,4,EMP
DEPOT,OSR,SSW,DRY,DAY,SINGLE,LIGHT,FINE,2,CARS TRUCKS
DEPOT,OSR,TAI,DRY,DAY,SINGLE,LIGHT,FINE,4,EMP