location_code,damage_code,collision_code,road_code,light_code,road_type_code,traffic_code,weather_code,emp_liability_code,kpi_cause_code
RAD,NSF,SSW,DRY,DAY,BUS,LIGHT,FINE,5,CARS TRUCKS
BSP,MIR,HON,DRY,NIGHT,SINGLE,MODERATE,FINE,4,EMP
RAD,NSM,SSW,DRY,DAY,MULTI,NO,FINE,1,CARS TRUCKS
RAD,NSF,SSW,WET,DAWN,BUS,MODERATE,RAIN,4,EMP
TIN,OSR,SSW,DRY,DAY,MULTI,MODERATE,FINE,1,CARS TRUCKS
TIN,NSR,TAI,WET,DAY,SINGLE,NO,FOG,4,BUS - OTHER
BSP,NSM,HON,DRY,DAY,SINGLE,MODERATE,FINE,4,EMP
RAD,NSF,SSW,WET,DUSK,MULTI,HEAVY,RAIN,1,CARS TRUCKS
RAD,FRNT,SSW,DRY,DAY,SINGLE,LIGHT,FINE,4,OTH
BSP,MIR,SSW,WET,NIGHT,MULTI,NO,FINE,4,EMP
RAD,OSR,HON,DRY,DAWN,MULTI,LIGHT,FINE,5,CARS TRUCKS
RAD,NSM,SSW,WET,DAWN,SINGLE,LIGHT,FOG,4,EMP
BSP,MIR,HON,DRY,NIGHT,SINGLE,LIGHT,FOG,4,EMP
TIN,OSR,REVERSING,WET,DAY,SINGLE,NO,FINE,4,BUS - OTHER
RAD,OSF,SSW,DRY,NIGHT,MULTI,LIGHT,FINE,5,CARS TRUCKS
RAD,NSR,SSW,SLIP,NIGHT,SINGLE,NO,RAIN,4,EMP
RBT,MIR,HON,DRY,DAY,SINGLE,LIGHT,FINE,4,BUS - OTHER
RAD,NSF,SSW,WET,DAY,MULTI,MODERATE,RAIN,5,CARS TRUCKS
RAD,FRNT,SSW,DRY,DAWN,MULTI,LIGHT,FINE,4,EMP
RAD,OSF,SSW,DRY,NIGHT,SINGLE,NO,FINE,4,CARS TRUCKS
XRD,NSF,TBO,DRY,DAY,MULTI,HEAVY,FINE,1,CARS TRUCKS
RAD,FRNT,HON,WET,DAY,MULTI,LIGHT,RAIN,0,OTH
XRD,NSR,SSW,DRY,DAWN,MULTI,HEAVY,FINE,4,EMP
BSP,NSR,BTMO,WET,DAY,MULTI,HEAVY,RAIN,1,CARS TRUCKS
RAD,OSM,TBO,DRY,DAY,SINGLE,LIGHT,FINE,4,BUS - OTHER
RAD,NSF,HON,DRY,NIGHT,MULTI,LIGHT,FINE,0,OTH
RAD,NSF,HON,WET,DAY,SINGLE,LIGHT,RAIN,4,EMP
BSP,OSF,TAI,DRY,DAY,MULTI,LIGHT,FINE,1,EMP
RAD,REAR,REVERSING,WET,STREET,SINGLE,NO,FINE,4,EMP
XRD,REAR,N2T,DRY,DAY,MULTI,HEAVY,FINE,1,CARS TRUCKS
RAD,NSR,REVERSING,DRY,DAY,BUS,NO,FINE,2,EMP
XRD,REAR,REVERSING,DRY,DAY,SINGLE,LIGHT,FINE,4,BUS - OTHER
RAD,REAR,SSW,DRY,DAY,SINGLE,LIGHT,FINE,5,BUS - OTHER
XRD,OSM,SSW,DRY,DAY,MULTI,NO,FINE,4,EMP
RAD,OSR,SSW,DRY,DAY,BUS,LIGHT,FINE,1,CARS TRUCKS
XRD,FRNT,TBO,DRY,NIGHT,MULTI,LIGHT,FINE,1,CARS TRUCKS
RAD,NSR,SSW,DRY,STREET,BUS,MODERATE,FINE,4,BUS - OTHER
RAD,MIR,HON,DRY,DAY,MULTI,NO,FINE,4,EMP
BSP,NSR,ROO,DRY,NIGHT,SINGLE,LIGHT,FINE,4,EMP
DEPOT,NSR,TAI,DRY,DAY,SINGLE,NO,FINE,4,EMP
DEPOT,OSR,SSW,DRY,DAY,SINGLE,NO,FINE,2,EMP
RAD,FRNT,HON,WET,NIGHT,MULTI,MODERATE,RAIN,4,CARS TRUCKS
RAD,OSR,SSW,DRY,DAY,SINGLE,LIGHT,FINE,0,OTH
TIN,OSM,SSW,DRY,DAY,SINGLE,EXTREME,SUN,4,EMP
RBT,REAR,N2T,DRY,DAY,SINGLE,MODERATE,FINE,1,CARS TRUCKS
BSP,FRNT,HON,DRY,DAY,BUS,NO,FINE,2,BUS - OTHER
RAD,MIR,HON,SLIP,DAY,MULTI,HEAVY,RAIN,4,EMP
BSP,OSM,SSW,WET,DUSK,SINGLE,LIGHT,RAIN,1,CARS TRUCKS
RBT,REAR,REVERSING,WET,DAY,SINGLE,LIGHT,RAIN,4,EMP
RAD,MIR,SSW,DRY,DAWN,MULTI,LIGHT,FINE,1,CARS TRUCKS
RAD,OSR,SSW,DRY,DAY,SINGLE,LIGHT,FINE,6,BUS - OTHER
DEPOT,NSM,SSW,WET,DAY,BUS,NO,RAIN,4,EMP
RAD,REAR,REVERSING,DRY,NIGHT,SINGLE,NO,FINE,4,BUS - OTHER
RAD,FRNT,HON,DRY,NIGHT,MULTI,NO,FINE,0,BUS - OTHER
RAD,MIR,SSW,DRY,DAY,SINGLE,LIGHT,FINE,0,EMP
RAD,OSR,ROO,WET,DAY,MULTI,LIGHT,RAIN,5,CARS TRUCKS
RAD,OSF,SSW,WET,DAY,SINGLE,LIGHT,FINE,1,CARS TRUCKS
RAD,OSM,SSW,WET,NIGHT,SINGLE,NO,RAIN,4,BUS - OTHER
RAD,OSR,SSW,DRY,NIGHT,SINGLE,HEAVY,FINE,4,EMP
RAD,NSF,SSW,DRY,DUSK,SINGLE,NO,FINE,1,CARS TRUCKS
DEPOT,FRNT,HON,WET,DAY,SINGLE,NO,FINE,0,EMP
RBT,FRNT,HON,DRY,DAY,SINGLE,MODERATE,FINE,4,BUS - OTHER
RBT,FRNT,HON,DRY,NIGHT,SINGLE,NO,FINE,4,ENV
RAD,OSR,REVERSING,DRY,DAY,SINGLE,MODERATE,FINE,4,EMP
RAD,FRNT,HON,DRY,DAY,FREE,HEAVY,FINE,4,EMP
RBT,FRNT,N2T,DRY,DAY,MULTI,MODERATE,FINE,4,EMP
BSP,OSM,SSW,DRY,DAY,BUS,EXTREME,FINE,1,CARS TRUCKS
TIN,OSR,REVERSING,DRY,NIGHT,SINGLE,LIGHT,FINE,4,EMP
RAD,OSR,REVERSING,WET,DAY,MULTI,LIGHT,RAIN,4,EMP
BSP,MIR,SSW,DRY,DAY,MULTI,NO,FINE,1,CARS TRUCKS
DEPOT,MIR,SSW,DRY,DAY,SINGLE,LIGHT,FINE,1,EMP
RAD,MIR,SSW,WET,DAWN,SINGLE,MODERATE,FOG,4,EMP
DEPOT,MIR,HON,WET,DAY,SINGLE,NO,FINE,0,BUS - OTHER
RAD,WSRE,HON,DRY,NIGHT,SINGLE,MODERATE,FINE,0,EMP
DEPOT,MIR,SSW,DRY,DAY,SINGLE,LIGHT,FINE,4,EMP
XRD,NSR,SSW,DRY,DAY,MULTI,MODERATE,FINE,1,CARS TRUCKS
TIN,NSM,BTMO,DRY,DAY,SINGLE,MODERATE,FINE,4,EMP
BSP,WSRE,SSW,DRY,DUSK,SINGLE,NO,FINE,0,GEN
RAD,OSR,SSW,DRY,DAY,SINGLE,LIGHT,FINE,0,GEN
XRD,NSF,SSW,DRY,DAY,MULTI,HEAVY,FINE,5,CARS TRUCKS
RAD,OSR,SSW,DRY,DAY,MULTI,HEAVY,FINE,4,BUS - OTHER
RAD,FRNT,N2T,DRY,NIGHT,SINGLE,LIGHT,FINE,4,EMP
RAD,WSRE,BTMO,DRY,NIGHT,SINGLE,NO,FINE,4,EMP
RAD,MIR,SSW,WET,DAWN,SINGLE,LIGHT,RAIN,4,BUS - OTHER
XRD,NSF,SSW,WET,NIGHT,MULTI,LIGHT,RAIN,4,CARS TRUCKS
RAD,FRNT,SSW,DRY,NIGHT,SINGLE,LIGHT,FINE,4,EMP
XRD,OSF,SSW,DRY,NIGHT,SINGLE,NO,FINE,4,CARS TRUCKS
RAD,WSRE,TBO,DRY,DAY,MULTI,HEAVY,FINE,1,ROA
BSP,REAR,N2T,WET,DAY,MULTI,LIGHT,FINE,1,GEN
XRD,REAR,N2T,WET,DAY,SINGLE,MODERATE,RAIN,1,CARS TRUCKS
XRD,NSR,SSW,DRY,DAY,SINGLE,LIGHT,FINE,5,CARS TRUCKS
RAD,MIR,SSW,WET,DAY,MULTI,MODERATE,FINE,1,CARS TRUCKS
RAD,NSF,HON,DRY,DAY,SINGLE,NO,FINE,4,CARS TRUCKS
RAD,FRNT,N2T,WET,DAY,MULTI,LIGHT,RAIN,4,BUS BRAKING
RAD,NSF,TBO,DRY,DAY,MULTI,MODERATE,FINE,1,EMP
RAD,NSF,SSW,WET,NIGHT,MULTI,MODERATE,RAIN,4,EMP
XRD,NSM,SSW,WET,NIGHT,MULTI,LIGHT,RAIN,4,BUS - OTHER
RAD,FRNT,HON,DRY,DAY,SINGLE,MODERATE,SUN,0,ENV
XRD,NSM,TBO,DRY,DAY,MULTI,LIGHT,FINE,1,ROA
RAD,OSR,TBO,DRY,DAY,MULTI,MODERATE,FINE,5,OTH
RAD,NSM,SSW,SLIP,NIGHT,SINGLE,NO,FOG,4,EMP
DEPOT,OSF,REVERSING,DRY,DAY,BUS,LIGHT,FINE,4,BUS - OTHER
DEPOT,NSF,REVERSING,DRY,DAY,SINGLE,LIGHT,FINE,1,BUS - OTHER
BSP,OSM,SSW,DRY,DAY,BUS,LIGHT,FINE,1,CARS TRUCKS
RAD,OSF,HON,DRY,DAY,SINGLE,LIGHT,FINE,4,CARS TRUCKS
BSP,NSF,HON,DRY,DAY,MULTI,LIGHT,FINE,4,EMP
BSP,NSR,SSW,DRY,DAY,MULTI,HEAVY,FINE,1,ROA
RAD,MIR,SSW,WET,DUSK,MULTI,HEAVY,RAIN,4,EMP
RAD,NSM,SSW,DRY,NIGHT,SINGLE,LIGHT,FINE,0,BUS - OTHER
RAD,MIR,SSW,WET,DUSK,MULTI,LIGHT,RAIN,1,CARS TRUCKS
XRD,OSM,REVERSING,DRY,DAY,SINGLE,LIGHT,FINE,4,EMP
RAD,WSRE,SSW,DRY,NIGHT,SINGLE,LIGHT,FINE,5,GEN
XRD,NSM,SSW,DRY,DAY,MULTI,HEAVY,FINE,4,BUS - OTHER
RAD,NSF,SSW,DRY,DAY,MULTI,MODERATE,FINE,5,ROA
RAD,NSR,N2T,DRY,DAY,SINGLE,LIGHT,FINE,5,BUS - OTHER
RAD,NSR,SSW,DRY,DAY,MULTI,LIGHT,FINE,1,BUS - OTHER
BSP,REAR,SSW,DRY,DAY,SINGLE,MODERATE,FINE,5,ROA
RAD,NSF,SSW,WET,NIGHT,SINGLE,HEAVY,RAIN,4,EMP
BSP,FRNT,SSW,DRY,NIGHT,MULTI,LIGHT,FINE,4,CARS TRUCKS
RAD,NSM,N2T,DRY,DAY,MULTI,MODERATE,FINE,1,CARS TRUCKS
RAD,NSR,SSW,WET,DAY,MULTI,MODERATE,RAIN,4,BUS - OTHER
RBT,FRNT,TBO,DRY,DAY,SINGLE,MODERATE,FINE,4,EMP
RAD,FRNT,SSW,WET,DAY,SINGLE,LIGHT,FINE,4,BUS - OTHER
BSP,OSR,SSW,DRY,NIGHT,MULTI,LIGHT,FINE,1,GEN
RAD,OSR,SSW,WET,DUSK,MULTI,MODERATE,RAIN,1,CARS TRUCKS
BSP,OSM,REVERSING,DRY,DAY,MULTI,LIGHT,FINE,1,CARS TRUCKS
RAD,NSR,TBO,DRY,DAY,MULTI,HEAVY,FINE,1,CARS TRUCKS
BSP,OSF,SSW,SLIP,NIGHT,SINGLE,HEAVY,RAIN,1,CARS TRUCKS
RBT,FRNT,HON,DRY,DAY,SINGLE,MODERATE,FINE,4,EMP
RAD,REAR,HON,DRY,NIGHT,MULTI,HEAVY,FINE,1,CARS TRUCKS
RAD,NSR,BTMO,DRY,DAY,SINGLE,LIGHT,FINE,0,OTH
RAD,MIR,SSW,DRY,DAY,SINGLE,LIGHT,RAIN,5,ENV
XRD,NSF,N2T,WET,DAY,MULTI,MODERATE,RAIN,4,BUS BRAKING
RAD,OSF,HON,DRY,DUSK,MULTI,MODERATE,FINE,1,CARS TRUCKS
RAD,OSR,REVERSING,WET,DAY,SINGLE,NO,FINE,4,EMP
RAD,REAR,REVERSING,DRY,NIGHT,SINGLE,NO,FINE,4,CARS TRUCKS
TIN,OSR,SSW,DRY,DAY,SINGLE,MODERATE,FINE,4,BUS - OTHER
RAD,NSF,SSW,DRY,DAWN,MULTI,HEAVY,FINE,4,BUS - OTHER
BSP,NSR,ROO,DRY,DAWN,SINGLE,NO,FINE,4,EMP
TIN,NSF,SSW,DRY,DAY,MULTI,LIGHT,FINE,1,CARS TRUCKS
RAD,NSF,HON,DRY,DAY,SINGLE,LIGHT,FINE,4,PL&EQ
TIN,OSF,SSW,DRY,DAY,SINGLE,NO,FINE,1,CARS TRUCKS
BSP,NSR,ROO,DRY,DAY,MULTI,MODERATE,FINE,4,EMP
RAD,TOPM,ROO,DRY,NIGHT,SINGLE,NO,FINE,4,EMP
RAD,NSF,SSW,DRY,DAY,MULTI,MODERATE,SUN,4,EMP
BSP,MIR,SSW,DRY,DAWN,BUS,HEAVY,FINE,4,EMP
RAD,OSR,SSW,DRY,DUSK,MULTI,MODERATE,FINE,4,EMP
TIN,NSR,SSW,DRY,DAY,MULTI,LIGHT,FINE,4,BUS - OTHER
BSP,NSF,SSW,DRY,STREET,SINGLE,LIGHT,FINE,1,CARS TRUCKS
RAD,OSR,SSW,DRY,NIGHT,SINGLE,LIGHT,FINE,5,CARS TRUCKS
RAD,NSM,SSW,DRY,DAY,MULTI,MODERATE,FINE,4,CARS TRUCKS
RAD,MIR,SSW,SLIP,DAWN,SINGLE,MODERATE,FINE,4,EMP
RAD,NSF,TBO,WET,DUSK,BUS,NO,RAIN,1,EMP
RAD,NSR,SSW,DRY,DAY,SINGLE,MODERATE,FINE,0,OTH
RAD,REAR,TAI,DRY,DAY,SINGLE,HEAVY,FINE,4,BUS - OTHER
RBT,FRNT,SSW,DRY,DAWN,SINGLE,NO,FINE,4,EMP
XRD,NSR,TAI,DRY,DAY,SINGLE,HEAVY,FINE,4,CARS TRUCKS
RAD,NSF,SSW,DRY,NIGHT,SINGLE,LIGHT,FINE,0,GEN
RBT,NSF,SSW,DRY,NIGHT,MULTI,LIGHT,FINE,4,ENV
RAD,NSR,SSW,DRY,NIGHT,MULTI,NO,FINE,5,EMP
RAD,WIN,SSW,WET,DAY,SINGLE,LIGHT,RAIN,0,ENV
DEPOT,FRNT,TBO,DRY,DAY,SINGLE,LIGHT,FINE,5,ROA
BSP,NSM,TAI,WET,DAY,SINGLE,NO,RAIN,4,EMP
RAD,MIR,HON,DRY,DAY,SINGLE,LIGHT,FINE,4,CARS TRUCKS
RAD,MIR,SSW,WET,NIGHT,MULTI,HEAVY,FINE,4,EMP
RAD,NSF,TBO,DRY,NIGHT,SINGLE,LIGHT,FINE,4,CARS TRUCKS
RAD,FRNT,HON,WET,DAY,MULTI,HEAVY,RAIN,1,CARS TRUCKS
RAD,NSM,SSW,DRY,DAY,BUS,HEAVY,FINE,1,CARS TRUCKS
RAD,FRNT,HON,WET,DAWN,SINGLE,NO,FINE,0,ENV
RAD,OSR,TAI,DRY,DAY,MULTI,LIGHT,FINE,1,CARS TRUCKS
BSP,OSR,SSW,DRY,DAY,SINGLE,HEAVY,FINE,5,ROA
BSP,FRNT,SSW,DRY,NIGHT,SINGLE,MODERATE,FINE,5,ROA
DEPOT,MIR,SSW,DRY,DAY,SINGLE,NO,FINE,4,EMP
TIN,FRNT,TBO,WET,DAY,SINGLE,LIGHT,RAIN,1,CARS TRUCKS
RAD,FRNT,HON,DRY,DAY,SINGLE,NO,FINE,0,GEN
TIN,NSR,SSW,DRY,NIGHT,MULTI,NO,FINE,4,EMP
TIN,NSR,SSW,DRY,DAY,SINGLE,HEAVY,SUN,4,EMP
TIN,NSR,TAI,DRY,DUSK,MULTI,HEAVY,FINE,4,EMP
XRD,REAR,REVERSING,DRY,DAY,SINGLE,NO,FOG,4,BUS - OTHER
RAD,OSF,SSW,DRY,DUSK,MULTI,LIGHT,FINE,1,EMP
RAD,FRNT,HON,DRY,DAWN,FREE,NO,FINE,0,EMP
XRD,NSM,TBO,DRY,DAY,SINGLE,MODERATE,SUN,4,EMP
RAD,OSR,ROO,DRY,DAY,SINGLE,LIGHT,FINE,4,CARS TRUCKS
XRD,MIR,HON,DRY,DAY,SINGLE,NO,FINE,4,EMP
BSP,MIR,SSW,WET,DAY,SINGLE,LIGHT,FOG,4,EMP
XRD,NSR,SSW,WET,DAY,MULTI,LIGHT,FINE,4,EMP
RAD,NSM,TBO,DRY,DAY,SINGLE,MODERATE,FINE,3,EMP
RAD,OSR,SSW,WET,STREET,SINGLE,HEAVY,RAIN,4,EMP
XRD,FRNT,HON,DRY,DAY,SINGLE,LIGHT,FINE,1,EMP
RBT,OSR,SSW,DRY,DAY,MULTI,HEAVY,FINE,4,EMP
XRD,REAR,SSW,DRY,DAY,SINGLE,LIGHT,FINE,4,EMP
RBT,OSF,SSW,DRY,DAWN,SINGLE,HEAVY,FINE,1,EMP
TIN,OSM,SSW,WET,DAY,SINGLE,HEAVY,RAIN,4,EMP
BSP,NSF,SSW,DRY,DAY,BUS,LIGHT,FINE,1,EMP
XRD,NSR,SSW,DRY,DAY,SINGLE,NO,FINE,4,EMP
RAD,REAR,SSW,SLIP,DUSK,SINGLE,LIGHT,RAIN,1,EMP
RAD,NSF,SSW,DRY,DUSK,MULTI,HEAVY,FINE,1,EMP
RBT,MIR,SSW,DRY,DAY,SINGLE,MODERATE,FINE,1,EMP
RBT,REAR,N2T,WET,NIGHT,SINGLE,LIGHT,RAIN,1,EMP
RAD,NSF,SSW,WET,DUSK,SINGLE,LIGHT,RAIN,1,EMP
TIN,OSR,SSW,SLIP,DUSK,SINGLE,MODERATE,RAIN,1,EMP
RAD,NSR,SSW,WET,DAWN,SINGLE,LIGHT,RAIN,1,EMP
TIN,NSF,SSW,SLIP,NIGHT,MULTI,LIGHT,RAIN,4,EMP
RBT,FRNT,SSW,DRY,DAY,MULTI,LIGHT,FINE,1,EMP
RAD,NSM,SSW,SLIP,DAY,SINGLE,NO,RAIN,4,EMP
RAD,MIR,HON,DRY,DAY,MULTI,HEAVY,FINE,4,EMP
TIN,FRNT,TBO,WET,DUSK,SINGLE,LIGHT,RAIN,4,EMP
RAD,NSR,SSW,DRY,DAY,SINGLE,LIGHT,SUN,4,EMP
XRD,OSR,SSW,WET,DAY,SINGLE,HEAVY,FINE,4,EMP
XRD,NSR,SSW,DRY,DAWN,SINGLE,LIGHT,FINE,4,EMP
RAD,Damage to front,SSW,DRY,DAY,SINGLE,LIGHT,FINE,1,EMP
XRD,OSM,SSW,DRY,DAY,MULTI,MODERATE,FINE,4,EMP
XRD,NSF,SSW,DRY,DAY,SINGLE,LIGHT,FINE,5,EMP
RAD,NSR,REVERSING,WET,DUSK,SINGLE,NO,RAIN,4,CARS TRUCKS
RAD,Bent rear panel,SSW,DRY,DAY,SINGLE,LIGHT,FINE,4,EMP
RBT,NSF,N2T,WET,DAY,SINGLE,LIGHT,RAIN,4,EMP
RAD,NSF,HON,WET,NIGHT,MULTI,HEAVY,RAIN,4,EMP
RAD,NSM,TBO,DRY,DAY,MULTI,LIGHT,SUN,1,EMP
RAD,NSR,ROO,DRY,DAY,SINGLE,LIGHT,FINE,4,CARS TRUCKS
BSP,NSF,SSW,WET,DAY,MULTI,MODERATE,RAIN,4,CARS TRUCKS
RAD,NSM,HON,DRY,DAY,SINGLE,LIGHT,FINE,4,EMP
RAD,OSM,SSW,WET,DAY,MULTI,LIGHT,RAIN,1,EMP
BSP,NSM,SSW,DRY,NIGHT,SINGLE,LIGHT,RAIN,4,CARS TRUCKS
RAD,NSR,SSW,DRY,DAY,SINGLE,LIGHT,FINE,4,ROA
RAD,FRNT,N2T,DRY,DAY,MULTI,LIGHT,FINE,4,CARS TRUCKS
RAD,NSF,SSW,DRY,STREET,MULTI,LIGHT,FINE,4,EMP
RAD,Two rubber stri,SSW,DRY,DAY,SINGLE,LIGHT,FINE,1,EMP
RAD,Puncture of rea,SSW,DRY,DAY,SINGLE,LIGHT,FINE,4,EMP
RAD,Nil reported,SSW,DRY,DAY,SINGLE,LIGHT,FINE,4,EMP
RAD,Scratched drive,SSW,DRY,DAY,SINGLE,LIGHT,FINE,1,EMP
BSP,NSM,SSW,WET,DAWN,MULTI,LIGHT,RAIN,4,EMP
RAD,OSF,SSW,WET,DAY,SINGLE,LIGHT,RAIN,1,ROA
TIN,MIR,SSW,DRY,STREET,SINGLE,LIGHT,FINE,4,EMP
RAD,NSM,REVERSING,WET,DAWN,BUS,MODERATE,RAIN,1,CARS TRUCKS
RAD,NSF,SSW,DRY,STREET,MULTI,HEAVY,FINE,4,EMP
XRD,OSR,SSW,DRY,DUSK,MULTI,HEAVY,FINE,5,CARS TRUCKS
XRD,OSR,SSW,DRY,DAWN,MULTI,MODERATE,FINE,4,BUS - OTHER
RAD,OSR,TBO,DRY,NIGHT,MULTI,MODERATE,FINE,1,CARS TRUCKS
RAD,FRNT,HON,DRY,DAY,MULTI,NO,FINE,0,OTH
DEPOT,NSR,TAI,DRY,NIGHT,SINGLE,LIGHT,FINE,4,EMP
BSP,OSR,TBO,DRY,DAY,MULTI,MODERATE,FINE,1,CARS TRUCKS
RAD,NSR,SSW,DRY,DAY,SINGLE,LIGHT,FINE,4,OTH
RAD,OSM,HON,DRY,DAY,MULTI,MODERATE,FINE,5,CARS TRUCKS
RAD,MIR,SSW,DRY,DAY,SINGLE,MODERATE,FINE,4,OTH
RAD,OSF,SSW,WET,DUSK,MULTI,LIGHT,FINE,5,CARS TRUCKS
RAD,NSR,SSW,SLIP,DAWN,SINGLE,LIGHT,FINE,0,OTH
XRD,OSR,SSW,WET,DUSK,MULTI,HEAVY,RAIN,4,EMP
RBT,MIR,SSW,DRY,DAY,MULTI,NO,FINE,4,EMP
TIN,NSM,SSW,DRY,STREET,SINGLE,MODERATE,FINE,4,EMP
RAD,TOPF,ROO,DRY,DAWN,MULTI,LIGHT,FINE,4,EMP
XRD,NSM,SSW,DRY,DAY,SINGLE,EXTREME,FINE,4,EMP
BSP,NSR,SSW,DRY,DAY,MULTI,NO,FINE,1,CARS TRUCKS
BSP,MIR,HON,WET,DAY,BUS,NO,RAIN,4,EMP
BSP,OSF,SSW,DRY,DAY,MULTI,EXTREME,FINE,1,CARS TRUCKS
RAD,OSM,TAI,SLIP,DAY,SINGLE,LIGHT,RAIN,4,EMP
RAD,FRNT,SSW,WET,DUSK,MULTI,HEAVY,RAIN,4,EMP
RAD,NSF,SSW,SLIP,DAY,MULTI,MODERATE,FINE,4,EMP
RBT,OSF,SSW,DRY,NIGHT,MULTI,LIGHT,FINE,4,EMP
RAD,OSR,TBO,DRY,DAY,SINGLE,NO,FINE,1,CARS TRUCKS
DEPOT,MIR,REVERSING,DRY,DAY,BUS,NO,FINE,2,EMP
DEPOT,NSR,SSW,DRY,DAY,SINGLE,NO,FINE,4,BUS - OTHER
RAD,MIR,SSW,WET,NIGHT,MULTI,NO,RAIN,5,CARS TRUCKS
TIN,NSM,SSW,DRY,NIGHT,SINGLE,EXTREME,FINE,4,EMP
TIN,NSM,SSW,WET,DAY,MULTI,HEAVY,RAIN,4,EMP
RAD,NSM,SSW,DRY,DAY,SINGLE,LIGHT,FINE,6,BUS - OTHER
DEPOT,NSR,REVERSING,DRY,NIGHT,SINGLE,LIGHT,FOG,4,BUS - OTHER
RAD,REAR,SSW,DRY,DAY,SINGLE,LIGHT,FINE,6,BUS - OTHER
TIN,NSR,TAI,SLIP,DUSK,SINGLE,LIGHT,RAIN,4,BUS - OTHER
RBT,NSR,REVERSING,DRY,DUSK,SINGLE,NO,FINE,4,EMP
TIN,OSF,TBO,DRY,DAY,SINGLE,LIGHT,FINE,1,CARS TRUCKS
RAD,NSM,SSW,DRY,DAWN,SINGLE,MODERATE,FINE,4,BUS - OTHER
RAD,FRNT,TBO,DRY,DAY,BUS,MODERATE,FINE,1,CARS TRUCKS
TIN,NSR,TAI,WET,DAY,SINGLE,EXTREME,RAIN,4,EMP
RAD,FRNT,HON,SLIP,NIGHT,MULTI,MODERATE,FINE,4,EMP
TIN,OSR,SSW,DRY,DAY,MULTI,HEAVY,FINE,4,EMP
BSP,OSR,SSW,WET,DAY,MULTI,MODERATE,RAIN,1,CARS TRUCKS
RAD,FRNT,SSW,WET,DAY,SINGLE,MODERATE,FINE,4,EMP
RBT,NSM,SSW,DRY,DAY,MULTI,MODERATE,FINE,1,CARS TRUCKS
XRD,FRNT,N2T,WET,NIGHT,MULTI,NO,RAIN,4,EMP
DEPOT,OSR,REVERSING,DRY,DAY,BUS,NO,FINE,4,EMP
RAD,NSM,SSW,WET,DAWN,MULTI,MODERATE,FINE,4,EMP
RAD,NSF,SSW,WET,STREET,SINGLE,NO,RAIN,4,EMP
RAD,MIR,SSW,DRY,DUSK,SINGLE,LIGHT,SUN,4,EMP
RAD,NSM,SSW,WET,DAY,MULTI,MODERATE,RAIN,0,OTH
RAD,REAR,SSW,SLIP,DAY,MULTI,MODERATE,FINE,4,EMP
XRD,NSM,REVERSING,SLIP,DAY,SINGLE,MODERATE,RAIN,1,CARS TRUCKS
TIN,OSM,SSW,WET,DAWN,SINGLE,NO,RAIN,4,EMP
RBT,WIN,SSW,DRY,DAY,SINGLE,MODERATE,FINE,1,GEN
RAD,REAR,REVERSING,DRY,DAY,MULTI,NO,FINE,4,EMP
RAD,NSF,SSW,DRY,NIGHT,MULTI,NO,FINE,4,BUS - OTHER
TIN,OSR,REVERSING,DRY,DAY,SINGLE,HEAVY,FINE,4,EMP
RAD,OSF,SSW,DRY,NIGHT,MULTI,LIGHT,FINE,4,NONPOW
DEPOT,MIR,TAI,DRY,NIGHT,BUS,NO,FINE,4,EMP
BSP,NSR,SSW,DRY,DAY,SINGLE,NO,FINE,1,CARS TRUCKS
DEPOT,MIR,SSW,DRY,DAY,MULTI,MODERATE,FINE,1,CARS TRUCKS
TIN,REAR,HON,DRY,DAY,MULTI,HEAVY,FINE,1,CARS TRUCKS
RAD,NSR,SSW,DRY,DAY,MULTI,NO,FINE,1,BUS - OTHER
DEPOT,WSRE,REVERSING,DRY,DAY,SINGLE,NO,FINE,2,EMP
TIN,OSR,TAI,DRY,DAY,SINGLE,HEAVY,FINE,4,EMP
RAD,OSM,HON,DRY,DAY,SINGLE,LIGHT,FINE,1,GEN
RAD,MIR,SSW,WET,DAY,MULTI,MODERATE,RAIN,5,CARS TRUCKS
BSP,NSR,SSW,WET,STREET,MULTI,NO,FINE,5,CARS TRUCKS
RBT,NSR,TAI,WET,DAY,SINGLE,LIGHT,RAIN,4,EMP
TIN,OSM,SSW,DRY,DAY,MULTI,HEAVY,FINE,5,CARS TRUCKS
DEPOT,REAR,SSW,DRY,DAY,SINGLE,NO,FINE,0,OTH
RAD,NSR,HON,DRY,DAWN,SINGLE,NO,FINE,4,EMP