location_code,damage_code,collision_code,road_code,light_code,road_type_code,traffic_code,weather_code,emp_liability_code,kpi_cause_code
RAD,MIR,SSW,DRY,DAY,MULTI,HEAVY,FINE,5,EMP
XRD,OSF,SSW,DRY,NIGHT,SINGLE,MODERATE,FINE,1,EMP
RAD,OSF,SSW,DRY,DAY,SINGLE,EXTREME,FINE,4,EMP
RAD,NSF,HON,DRY,NIGHT,SINGLE,NO,FINE,4,CARS TRUCKS
RAD,NSF,SSW,DRY,STREET,SINGLE,NO,FINE,4,EMP
RAD,NSR,SSW,WET,DAY,SINGLE,HEAVY,RAIN,4,CARS TRUCKS
RAD,FRNT,BTMO,DRY,DUSK,SINGLE,LIGHT,FINE,0,CARS TRUCKS
BSP,OSR,N2T,DRY,DAY,SINGLE,NO,FINE,1,ROA
TIN,NSR,SSW,DRY,DAY,SINGLE,NO,FINE,4,CARS TRUCKS
BSP,MIR,HON,DRY,DAY,SINGLE,LIGHT,FINE,1,CARS TRUCKS
BSP,OSR,SSW,WET,DAY,SINGLE,LIGHT,FINE,1,CARS TRUCKS
BSP,NSM,SSW,DRY,NIGHT,BUS,EXTREME,FINE,4,EMP
BSP,MIR,HON,WET,NIGHT,MULTI,LIGHT,RAIN,4,EMP
DEPOT,FRNT,N2T,DRY,DAY,BUS,NO,FINE,4,BUS BRAKING
BSP,WSRE,BTMO,DRY,DAY,SINGLE,LIGHT,SUN,4,EMP
DEPOT,OSR,SSW,DRY,DAY,SINGLE,LIGHT,FINE,4,EMP
RBT,NSM,SSW,DRY,NIGHT,BUS,NO,FINE,4,EMP
BSP,OSR,SSW,DRY,NIGHT,BUS,MODERATE,FINE,4,EMP
TIN,OSR,TAI,DRY,DAY,SINGLE,MODERATE,FINE,4,CARS TRUCKS
DEPOT,OSM,SSW,DRY,DAY,SINGLE,LIGHT,SUN,4,BUS - OTHER
DEPOT,REAR,SSW,DRY,DAY,SINGLE,LIGHT,FINE,1,BUS - OTHER
RAD,NSR,SSW,WET,DAWN,SINGLE,NO,RAIN,4,EMP
RAD,NSF,HON,SLIP,DAY,SINGLE,MODERATE,RAIN,4,CARS TRUCKS
RAD,NSF,SSW,DRY,NIGHT,SINGLE,LIGHT,FINE,5,CARS TRUCKS
RAD,OSR,SSW,WET,DAY,MULTI,MODERATE,RAIN,1,ROA
RAD,WSRE,SSW,DRY,DAY,SINGLE,LIGHT,FINE,6,OTH
RAD,FRNT,SSW,DRY,DAY,SINGLE,LIGHT,FINE,1,MAT
DEPOT,WSRE,HON,DRY,DAY,SINGLE,LIGHT,FINE,4,EMP
RAD,NSF,SSW,DRY,DAY,SINGLE,LIGHT,FINE,5,GEN
BSP,MIR,SSW,WET,DAWN,SINGLE,LIGHT,RAIN,1,ROA
DEPOT,OSM,SSW,DRY,DAY,SINGLE,LIGHT,FINE,6,OTH
BSP,FRNT,HON,DRY,DUSK,SINGLE,MODERATE,FINE,4,EMP
RAD,NSR,SSW,WET,DAY,SINGLE,LIGHT,RAIN,0,CARS TRUCKS
RAD,MIR,HON,DRY,DAY,MULTI,MODERATE,FINE,4,CARS TRUCKS
BSP,OSM,ROO,DRY,DAY,SINGLE,LIGHT,FINE,4,BUS - OTHER
RBT,OSM,SSW,DRY,DAY,SINGLE,LIGHT,FINE,4,CARS TRUCKS
RBT,OSR,SSW,DRY,DAY,MULTI,HEAVY,RAIN,1,EMP
RAD,NSF,HON,DRY,NIGHT,SINGLE,LIGHT,FINE,4,EMP
RAD,REAR,REVERSING,DRY,DAY,SINGLE,LIGHT,FINE,4,CARS TRUCKS
RAD,TOPM,ROO,DRY,DAY,SINGLE,NO,FINE,0,BUS - OTHER
RAD,FRNT,N2T,WET,DAY,SINGLE,HEAVY,RAIN,4,EMP
TIN,OSF,BTMO,DRY,DAY,SINGLE,LIGHT,FINE,4,BUS - OTHER
BSP,NSF,BTMO,DRY,DAWN,SINGLE,NO,FINE,4,EMP
RAD,MIR,SSW,SLIP,DAY,SINGLE,MODERATE,FINE,5,CARS TRUCKS
DEPOT,WSRE,SSW,DRY,DAY,BUS,NO,FINE,0,OTH
RAD,FRNT,SSW,DRY,DAY,MULTI,LIGHT,FINE,4,CARS TRUCKS
RAD,OSF,SSW,DRY,DAY,SINGLE,LIGHT,FINE,0,CARS TRUCKS
BSP,REAR,REVERSING,DRY,DAY,SINGLE,MODERATE,FINE,4,EMP
RAD,NSF,SSW,DRY,DAY,MULTI,NO,FINE,1,EMP
RAD,MIR,SSW,WET,DUSK,MULTI,HEAVY,RAIN,1,EMP
RAD,WIN,SSW,DRY,DAY,SINGLE,HEAVY,FINE,0,EMP
TIN,NSR,SSW,DRY,NIGHT,SINGLE,LIGHT,FINE,4,EMP
RAD,OSR,SSW,WET,DAY,MULTI,LIGHT,RAIN,0,EMP
RAD,NSF,SSW,WET,DAY,SINGLE,LIGHT,RAIN,1,EMP
BSP,OSF,SSW,WET,DAY,MULTI,LIGHT,FINE,1,EMP
RBT,WSRE,SSW,DRY,DAY,SINGLE,LIGHT,FINE,4,EMP
XRD,NSF,SSW,DRY,DAY,MULTI,NO,FINE,4,EMP
BSP,WSRE,HON,DRY,DAY,MULTI,NO,FINE,4,EMP
RAD,TOPM,HON,DRY,DAY,SINGLE,NO,FINE,4,EMP
RAD,WSRE,HON,DRY,DAY,SINGLE,NO,FINE,4,EMP
RAD,MIR,SSW,DRY,DUSK,MULTI,MODERATE,FINE,3,EMP
XRD,MIR,SSW,DRY,DAY,SINGLE,LIGHT,FINE,3,EMP
BSP,WSRE,SSW,WET,DAY,SINGLE,MODERATE,RAIN,1,EMP
RAD,MIR,SSW,DRY,DAWN,MULTI,NO,FINE,1,EMP
RAD,FRNT,SSW,DRY,DAY,BUS,LIGHT,FINE,1,EMP
BSP,NSR,SSW,DRY,DAY,MULTI,HEAVY,SUN,4,EMP
TIN,OSF,SSW,DRY,DAY,MULTI,MODERATE,FINE,4,EMP
RAD,NSR,SSW,DRY,DAY,MULTI,EXTREME,FINE,3,EMP
BSP,REAR,N2T,DRY,DAY,BUS,LIGHT,FINE,1,EMP
RAD,WSRE,SSW,DRY,NIGHT,SINGLE,LIGHT,FINE,1,EMP
BSP,REAR,SSW,WET,STREET,BUS,LIGHT,RAIN,4,EMP
RAD,MIR,SSW,DRY,NIGHT,SINGLE,LIGHT,FINE,1,EMP
BSP,FRNT,N2T,DRY,DAY,SINGLE,LIGHT,FINE,3,EMP
XRD,NSR,SSW,DRY,DUSK,SINGLE,LIGHT,FINE,4,EMP
TIN,OSF,SSW,SLIP,DAY,MULTI,HEAVY,RAIN,4,EMP
TIN,NSF,SSW,DRY,NIGHT,MULTI,HEAVY,FINE,1,EMP
BSP,FRNT,N2T,DRY,DAWN,SINGLE,LIGHT,FINE,4,EMP
RAD,OSR,SSW,WET,DAY,SINGLE,LIGHT,RAIN,1,EMP
RAD,FRNT,N2T,DRY,DAY,BUS,HEAVY,FINE,1,EMP
RBT,OSM,N2T,DRY,DAY,SINGLE,LIGHT,FINE,4,EMP
RAD,WSRE,HON,DRY,DAY,SINGLE,LIGHT,FINE,1,EMP
BSP,NSR,SSW,WET,DAWN,SINGLE,NO,RAIN,1,EMP
RAD,NSM,SSW,DRY,DAY,BUS,MODERATE,FINE,1,EMP
RAD,MIR,SSW,WET,NIGHT,MULTI,NO,RAIN,4,EMP
RAD,OSR,TBO,DRY,DAY,MULTI,MODERATE,FINE,1,EMP
RAD,OSR,SSW,DRY,NIGHT,SINGLE,LIGHT,FINE,1,EMP
BSP,OSR,N2T,WET,NIGHT,BUS,HEAVY,RAIN,1,EMP
BSP,NSF,SSW,WET,STREET,MULTI,EXTREME,RAIN,4,EMP
XRD,FRNT,N2T,DRY,DAY,SINGLE,LIGHT,FINE,1,EMP
RAD,NSM,SSW,DRY,DUSK,SINGLE,LIGHT,FINE,1,EMP
XRD,WSRE,SSW,WET,DAY,MULTI,LIGHT,RAIN,1,EMP
XRD,FRNT,HON,DRY,DAY,MULTI,LIGHT,FINE,1,EMP
BSP,MIR,SSW,DRY,DUSK,SINGLE,MODERATE,SUN,1,EMP
RAD,OSF,SSW,DRY,NIGHT,SINGLE,LIGHT,FINE,4,EMP
TIN,WSRE,SSW,WET,DAY,SINGLE,NO,RAIN,4,EMP
RAD,FRNT,SSW,WET,NIGHT,BUS,LIGHT,RAIN,1,EMP
XRD,NSR,SSW,DRY,NIGHT,SINGLE,NO,FINE,4,EMP
BSP,NSM,SSW,DRY,STREET,SINGLE,HEAVY,FINE,4,EMP
RAD,NSM,SSW,SLIP,DUSK,MULTI,LIGHT,FINE,1,EMP
BSP,OSF,SSW,WET,DAY,BUS,MODERATE,FINE,4,EMP
XRD,NSF,TBO,DRY,DAY,SINGLE,NO,FINE,4,EMP
RAD,OSR,SSW,DRY,DAY,BUS,MODERATE,FINE,1,EMP
RAD,NSF,SSW,WET,DAY,MULTI,LIGHT,RAIN,1,EMP
RAD,NSR,HON,DRY,NIGHT,SINGLE,NO,FINE,4,EMP
RAD,FRNT,N2T,DRY,NIGHT,MULTI,LIGHT,FINE,5,EMP
BSP,OSR,N2T,SLIP,DAY,SINGLE,LIGHT,RAIN,1,EMP
DEPOT,OSR,REVERSING,DRY,DAY,SINGLE,NO,FINE,4,EMP
RAD,OSM,REVERSING,DRY,DAY,SINGLE,LIGHT,FINE,5,ROA
XRD,NSR,TAI,DRY,NIGHT,MULTI,NO,FINE,4,CARS TRUCKS
RAD,NSR,N2T,WET,DUSK,SINGLE,MODERATE,RAIN,1,EMP
RBT,OSM,SSW,DRY,NIGHT,SINGLE,MODERATE,FINE,1,EMP
RAD,N/S front,SSW,DRY,DAY,SINGLE,LIGHT,FINE,4,EMP
RAD,REAR,N2T,DRY,DAY,SINGLE,LIGHT,FINE,5,ROA
XRD,NSF,SSW,WET,DAY,SINGLE,HEAVY,RAIN,4,BUS - OTHER
RAD,MIR,SSW,DRY,DAWN,SINGLE,LIGHT,FINE,5,CARS TRUCKS
RAD,REAR,SSW,DRY,DUSK,SINGLE,LIGHT,FINE,4,EMP
RAD,NSR,SSW,DRY,DAY,SINGLE,LIGHT,FINE,0,ENV
DEPOT,FRNT,SSW,DRY,DAWN,SINGLE,NO,FINE,2,EMP
RAD,NSM,SSW,SLIP,DAY,SINGLE,LIGHT,FINE,4,EMP
TIN,NSM,TAI,DRY,DAWN,MULTI,NO,FINE,4,EMP
DEPOT,NSR,SSW,DRY,DAWN,SINGLE,NO,FINE,4,EMP
RAD,FRNT,HON,WET,NIGHT,SINGLE,LIGHT,RAIN,0,OTH
BSP,REAR,REVERSING,WET,DAWN,SINGLE,NO,FOG,4,EMP
RAD,REAR,REVERSING,WET,NIGHT,SINGLE,NO,RAIN,4,BUS - OTHER
RAD,OSR,TAI,DRY,DUSK,SINGLE,HEAVY,FINE,4,EMP
BSP,NSR,REVERSING,WET,DAY,BUS,NO,RAIN,4,EMP
TIN,NSR,REVERSING,DRY,DAY,SINGLE,LIGHT,FINE,4,EMP
RAD,NSF,BTMO,DRY,DAY,SINGLE,LIGHT,SUN,4,EMP
RAD,FRNT,HON,DRY,DAWN,SINGLE,MODERATE,FINE,0,EMP
BSP,MIR,SSW,DRY,NIGHT,BUS,NO,FINE,4,BUS - OTHER
BSP,NSM,SSW,DRY,DAY,BUS,HEAVY,FINE,4,BUS - OTHER
RAD,OSM,SSW,WET,DAY,SINGLE,MODERATE,RAIN,5,CARS TRUCKS
RAD,NSR,SSW,DRY,DAY,MULTI,EXTREME,FINE,1,CARS TRUCKS
RAD,FRNT,HON,SLIP,DAY,SINGLE,NO,RAIN,0,EMP
RAD,NSM,SSW,DRY,DAWN,MULTI,HEAVY,SUN,4,EMP
RAD,MIR,SSW,DRY,DAY,SINGLE,LIGHT,FINE,0,OTH
DEPOT,FRNT,SSW,DRY,DAY,SINGLE,LIGHT,FINE,2,EMP
RAD,REAR,N2T,WET,NIGHT,SINGLE,MODERATE,RAIN,1,CARS TRUCKS
RAD,FRNT,HON,DRY,DAY,SINGLE,LIGHT,FINE,0,EMP
BSP,MIR,HON,DRY,NIGHT,SINGLE,NO,FINE,4,EMP
RAD,FRNT,HON,DRY,DAY,SINGLE,LIGHT,SUN,0,ENV
RAD,FRNT,HON,DRY,NIGHT,SINGLE,LIGHT,FINE,0,OTH
RAD,OSM,SSW,DRY,DAY,SINGLE,NO,FINE,1,OTH
RAD,FRNT,HON,WET,DUSK,MULTI,HEAVY,RAIN,4,EMP
RAD,NSF,SSW,DRY,NIGHT,SINGLE,LIGHT,FINE,0,OTH
DEPOT,NSR,SSW,DRY,DUSK,SINGLE,NO,FINE,4,EMP
XRD,NSM,SSW,DRY,DAY,MULTI,NO,FINE,4,EMP
RBT,NSF,SSW,DRY,DAY,SINGLE,MODERATE,FINE,4,EMP
TIN,FRNT,N2T,DRY,DAY,SINGLE,HEAVY,FINE,1,CARS TRUCKS
RBT,NSF,SSW,DRY,DAY,SINGLE,MODERATE,FINE,1,CARS TRUCKS
RAD,NSR,BTMO,DRY,DAY,SINGLE,MODERATE,FINE,4,CARS TRUCKS
RAD,OSF,SSW,DRY,DAY,SINGLE,LIGHT,FINE,5,ROA
RBT,OSR,SSW,DRY,DAY,BUS,LIGHT,FINE,1,EMP
XRD,OSF,N2T,DRY,DAY,SINGLE,LIGHT,FINE,1,EMP
RBT,OSM,SSW,DRY,STREET,SINGLE,LIGHT,FINE,4,EMP
RAD,NSF,SSW,WET,DAY,MULTI,LIGHT,RAIN,0,OTH
RAD,MIR,SSW,WET,DAY,SINGLE,NO,FINE,4,CARS TRUCKS
RAD,MIR,SSW,DRY,DAY,SINGLE,NO,FINE,5,CARS TRUCKS
BSP,OSM,SSW,DRY,DAY,BUS,LIGHT,SUN,4,EMP
BSP,NSR,TAI,WET,NIGHT,BUS,LIGHT,RAIN,4,EMP
BSP,OSF,SSW,WET,DAY,MULTI,NO,FINE,4,EMP
RAD,NSM,N2T,DRY,DAY,SINGLE,LIGHT,FINE,1,CARS TRUCKS
RAD,NSR,SSW,DRY,DAY,BUS,NO,FINE,6,EMP
RAD,OSF,SSW,DRY,NIGHT,MULTI,LIGHT,FINE,5,GEN
DEPOT,NSR,SSW,WET,NIGHT,SINGLE,EXTREME,RAIN,4,EMP
DEPOT,MIR,SSW,WET,DAY,SINGLE,NO,RAIN,4,CARS TRUCKS
DEPOT,NSM,SSW,DRY,DAY,SINGLE,LIGHT,FINE,4,EMP
DEPOT,OSF,TAI,DRY,DAY,BUS,NO,FINE,2,EMP
DEPOT,NSR,REVERSING,DRY,DAWN,SINGLE,NO,FINE,4,EMP
DEPOT,MIR,TAI,DRY,DAWN,BUS,NO,FINE,2,EMP
DEPOT,MIR,SSW,WET,DAY,SINGLE,NO,FINE,0,CARS TRUCKS
DEPOT,FRNT,HON,DRY,NIGHT,SINGLE,LIGHT,FINE,1,CARS TRUCKS
DEPOT,OSF,SSW,DRY,DAWN,SINGLE,NO,FINE,1,EMP
DEPOT,MIR,REVERSING,WET,DUSK,SINGLE,NO,RAIN,4,EMP
DEPOT,FRNT,HON,DRY,DAY,SINGLE,NO,FINE,5,CARS TRUCKS
DEPOT,REAR,N2T,DRY,DAY,SINGLE,LIGHT,FINE,5,CARS TRUCKS
DEPOT,OSM,SSW,DRY,DAY,SINGLE,LIGHT,FINE,4,EMP
DEPOT,NSM,SSW,WET,DAY,SINGLE,NO,RAIN,4,EMP
DEPOT,NSR,N2T,DRY,DAY,SINGLE,LIGHT,FINE,4,EMP
DEPOT,WSRE,HON,DRY,DAY,SINGLE,LIGHT,FINE,0,CARS TRUCKS
DEPOT,NSR,SSW,DRY,DAY,SINGLE,LIGHT,FINE,6,OTH
DEPOT,OSR,BTMO,DRY,DAWN,SINGLE,NO,FINE,4,CARS TRUCKS
DEPOT,REAR,REVERSING,DRY,NIGHT,SINGLE,NO,FINE,4,EMP
DEPOT,REAR,SSW,DRY,DAY,SINGLE,LIGHT,FINE,6,OTH
DEPOT,FRNT,SSW,DRY,DAY,BUS,NO,FINE,4,EMP
DEPOT,NSR,REVERSING,DRY,DUSK,SINGLE,NO,FINE,4,EMP
DEPOT,NSM,SSW,DRY,DAY,SINGLE,NO,FINE,4,EMP
DEPOT,REAR,HON,DRY,DAY,SINGLE,NO,FINE,5,CARS TRUCKS
DEPOT,OSR,REVERSING,DRY,NIGHT,SINGLE,NO,FINE,4,EMP
DEPOT,WSRE,HON,DRY,NIGHT,MULTI,NO,FINE,4,EMP
DEPOT,FRNT,N2T,DRY,DAY,SINGLE,LIGHT,FINE,4,CARS TRUCKS
DEPOT,OSM,SSW,DRY,DAY,SINGLE,NO,FINE,4,EMP
DEPOT,OSF,TBO,DRY,DAY,SINGLE,LIGHT,FINE,1,CARS TRUCKS
DEPOT,NSR,SSW,DRY,DAY,SINGLE,LIGHT,FINE,4,CARS TRUCKS
DEPOT,REAR,REVERSING,DRY,DAY,SINGLE,NO,FINE,4,BUS - OTHER
DEPOT,NSR,REVERSING,DRY,DAY,SINGLE,NO,FINE,4,BUS - OTHER
DEPOT,NSR,REVERSING,DRY,DAY,SINGLE,LIGHT,FINE,4,EMP
DEPOT,FRNT,SSW,DRY,DAY,SINGLE,LIGHT,FINE,1,EMP
DEPOT,OSR,TAI,DRY,DAWN,BUS,NO,FINE,4,EMP
DEPOT,REAR,REVERSING,DRY,DAY,SINGLE,LIGHT,FINE,4,CARS TRUCKS
DEPOT,NSF,REVERSING,DRY,NIGHT,SINGLE,LIGHT,FINE,4,EMP
DEPOT,NSR,N2T,DRY,NIGHT,SINGLE,NO,FINE,4,EMP
DEPOT,OSR,REVERSING,DRY,NIGHT,BUS,NO,FINE,6,OTH
RBT,NSM,SSW,DRY,DAY,SINGLE,LIGHT,FINE,6,EMP
DEPOT,REAR,REVERSING,DRY,DAWN,SINGLE,LIGHT,FINE,4,EMP
DEPOT,NSR,SSW,DRY,NIGHT,SINGLE,NO,FINE,4,CARS TRUCKS
RAD,REAR,SSW,DRY,DAY,SINGLE,LIGHT,FINE,4,BUS - OTHER
RAD,OSR,SSW,DRY,DAY,SINGLE,LIGHT,FINE,6,OTH
DEPOT,NSR,SSW,DRY,DAY,SINGLE,NO,FINE,4,EMP
DEPOT,FRNT,REVERSING,DRY,DAY,SINGLE,LIGHT,FINE,1,BUS - OTHER
DEPOT,FRNT,HON,DRY,DAY,SINGLE,NO,FINE,4,EMP
DEPOT,REAR,SSW,DRY,DAY,SINGLE,LIGHT,FINE,6,EMP
DEPOT,NSR,SSW,DRY,DUSK,BUS,NO,FINE,4,EMP
DEPOT,MIR,SSW,DRY,DUSK,BUS,NO,FINE,1,CARS TRUCKS
DEPOT,WSRE,TAI,DRY,DAY,SINGLE,LIGHT,FINE,1,EMP
DEPOT,OSM,SSW,DRY,NIGHT,SINGLE,NO,FINE,4,EMP
DEPOT,FRNT,SSW,DRY,DAY,SINGLE,LIGHT,FINE,6,BUS - OTHER
DEPOT,OSM,SSW,DRY,DAWN,BUS,NO,FINE,4,CARS TRUCKS
DEPOT,FRNT,HON,DRY,NIGHT,SINGLE,NO,FINE,0,GEN
DEPOT,NSM,REVERSING,WET,NIGHT,MULTI,NO,RAIN,4,EMP
DEPOT,NSM,SSW,DRY,DAY,BUS,NO,FINE,4,EMP
DEPOT,NSR,REVERSING,WET,NIGHT,SINGLE,NO,RAIN,4,CARS TRUCKS
DEPOT,NSF,REVERSING,WET,DAY,SINGLE,NO,RAIN,4,CARS TRUCKS
DEPOT,WSRE,HON,DRY,DAY,SINGLE,LIGHT,FINE,4,CARS TRUCKS
DEPOT,OSR,SSW,DRY,DAY,BUS,NO,FINE,4,EMP
DEPOT,WSRE,HON,WET,DAY,SINGLE,NO,FINE,4,EMP
DEPOT,REAR,BTMO,DRY,DAY,SINGLE,NO,SUN,4,EMP
RBT,REAR,N2T,DRY,DAY,SINGLE,HEAVY,FINE,5,CARS TRUCKS
DEPOT,OSR,REVERSING,DRY,DUSK,SINGLE,LIGHT,FINE,4,EMP
DEPOT,NSM,SSW,DRY,DAY,SINGLE,NO,FINE,4,BUS - OTHER
DEPOT,FRNT,N2T,SLIP,NIGHT,SINGLE,LIGHT,RAIN,4,EMP
DEPOT,OSM,REVERSING,DRY,DAY,SINGLE,LIGHT,FINE,4,BUS - OTHER
DEPOT,OSM,TAI,WET,DAY,BUS,NO,FINE,4,EMP
DEPOT,NSR,REVERSING,DRY,DAY,SINGLE,NO,FINE,4,CARS TRUCKS
DEPOT,NSR,SSW,WET,NIGHT,SINGLE,NO,RAIN,4,CARS TRUCKS
DEPOT,OSR,TAI,DRY,DUSK,SINGLE,LIGHT,FINE,4,CARS TRUCKS
DEPOT,NSR,SSW,DRY,DAY,SINGLE,LIGHT,FINE,1,BUS - OTHER
DEPOT,NSM,SSW,WET,DAY,SINGLE,NO,RAIN,4,BUS - OTHER
DEPOT,NSR,TAI,DRY,DAY,BUS,NO,FINE,4,EMP
DEPOT,NSR,REVERSING,DRY,DAY,BUS,NO,FINE,4,EMP
DEPOT,OSR,BTMO,DRY,DAY,SINGLE,NO,FINE,4,CARS TRUCKS
DEPOT,OSM,SSW,WET,NIGHT,BUS,NO,RAIN,4,EMP
DEPOT,OSF,SSW,DRY,DAY,SINGLE,LIGHT,FINE,6,OTH
DEPOT,NSF,SSW,DRY,DAY,SINGLE,LIGHT,FINE,2,BUS - OTHER
DEPOT,FRNT,SSW,DRY,DAY,SINGLE,LIGHT,FINE,6,OTH
DEPOT,MIR,SSW,DRY,DAY,BUS,NO,FINE,4,EMP
DEPOT,NSR,TAI,DRY,DAY,MULTI,NO,FINE,4,EMP
DEPOT,OSM,SSW,DRY,DAY,BUS,NO,FINE,4,EMP
DEPOT,OSF,SSW,WET,DAY,SINGLE,NO,RAIN,1,EMP
DEPOT,OSF,SSW,DRY,DAY,SINGLE,LIGHT,FINE,4,EMP
DEPOT,NSR,REVERSING,WET,DAY,SINGLE,NO,RAIN,4,EMP
DEPOT,REAR,N2T,DRY,DAY,SINGLE,NO,FINE,4,EMP
DEPOT,OSF,REVERSING,WET,DAY,SINGLE,NO,RAIN,1,EMP
RAD,REAR,SSW,DRY,DAY,MULTI,NO,FINE,6,OTH
DEPOT,MIR,SSW,DRY,DAY,SINGLE,NO,FINE,1,EMP
DEPOT,OSM,SSW,DRY,DAY,SINGLE,LIGHT,FINE,6,EMP
DEPOT,MIR,SSW,DRY,DUSK,SINGLE,LIGHT,FINE,4,EMP
DEPOT,REAR,REVERSING,DRY,DAY,BUS,NO,FINE,6,OTH
DEPOT,OSR,REVERSING,DRY,DAY,SINGLE,LIGHT,FINE,4,EMP
DEPOT,NSR,BTMO,WET,DAY,SINGLE,NO,RAIN,4,EMP
DEPOT,OSR,REVERSING,WET,NIGHT,BUS,NO,RAIN,4,EMP
DEPOT,NSM,SSW,DRY,DAY,SINGLE,LIGHT,FINE,6,EMP
DEPOT,NSR,REVERSING,SLIP,DAY,SINGLE,NO,RAIN,4,EMP
DEPOT,FRNT,SSW,DRY,DAY,SINGLE,LIGHT,FINE,2,BUS - OTHER
DEPOT,REAR,TAI,DRY,DAY,BUS,NO,FINE,4,EMP
DEPOT,NSM,SSW,DRY,DAY,BUS,NO,FINE,6,OTH
DEPOT,NSF,SSW,DRY,DAY,BUS,NO,FINE,4,CARS TRUCKS
DEPOT,OSR,REVERSING,DRY,DAY,SINGLE,LIGHT,FINE,4,BUS - OTHER
DEPOT,FRNT,N2T,DRY,DAY,SINGLE,NO,FINE,1,EMP
DEPOT,WIN,SSW,DRY,DUSK,SINGLE,LIGHT,FINE,4,EMP
DEPOT,REAR,N2T,DRY,DAY,SINGLE,LIGHT,FINE,4,CARS TRUCKS
RAD,NSR,SSW,DRY,DAY,SINGLE,LIGHT,FINE,0,PL&EQ
DEPOT,NSR,REVERSING,DRY,DAY,BUS,NO,FINE,4,BUS - OTHER
RAD,REAR,SSW,DRY,DAY,SINGLE,NO,FINE,6,OTH
DEPOT,NSF,SSW,DRY,DAY,BUS,NO,FINE,4,EMP
RAD,OSF,SSW,DRY,DAY,SINGLE,LIGHT,FINE,6,EMP
DEPOT,NSR,REVERSING,WET,DAY,BUS,NO,FOG,4,EMP
DEPOT,FRNT,SSW,DRY,DAWN,SINGLE,NO,FINE,4,EMP
DEPOT,FRNT,TAI,DRY,DAY,BUS,NO,FINE,2,EMP
DEPOT,NSF,SSW,DRY,DAY,SINGLE,NO,FINE,4,EMP
DEPOT,OSR,SSW,WET,NIGHT,SINGLE,NO,FINE,4,CARS TRUCKS
DEPOT,NSR,SSW,DRY,NIGHT,SINGLE,LIGHT,FINE,4,EMP
DEPOT,NSR,SSW,DRY,DAY,SINGLE,NO,FINE,6,EMP
DEPOT,NSF,SSW,DRY,DAY,SINGLE,NO,FINE,6,EMP
RAD,NSR,SSW,WET,NIGHT,BUS,NO,RAIN,4,EMP
DEPOT,FRNT,SSW,DRY,DAY,SINGLE,LIGHT,FINE,4,BUS - OTHER
DEPOT,NSM,SSW,WET,NIGHT,SINGLE,NO,RAIN,4,EMP
DEPOT,REAR,REVERSING,DRY,DAY,BUS,NO,FINE,4,EMP
DEPOT,NSM,SSW,DRY,DAY,SINGLE,LIGHT,FINE,4,PL&EQ
DEPOT,FRNT,HON,WET,DAY,BUS,NO,FINE,0,PL&EQ
DEPOT,WSRE,SSW,DRY,DAY,SINGLE,NO,FINE,2,EMP
DEPOT,MIR,SSW,SLIP,NIGHT,SINGLE,NO,FINE,4,EMP
DEPOT,NSR,REVERSING,WET,NIGHT,SINGLE,NO,RAIN,4,EMP
DEPOT,OSR,SSW,DRY,DAY,BUS,NO,FINE,2,EMP
RAD,Scratches to dr,SSW,DRY,DAY,SINGLE,LIGHT,FINE,3,EMP
RAD,NSM,BTMO,DRY,DAY,SINGLE,LIGHT,FINE,0,EMP
DEPOT,OSF,REVERSING,DRY,NIGHT,SINGLE,LIGHT,FINE,4,EMP
DEPOT,NSM,SSW,SLIP,DAY,BUS,NO,FINE,6,OTH
DEPOT,REAR,REVERSING,WET,DUSK,SINGLE,NO,RAIN,4,EMP
DEPOT,NSF,REVERSING,DRY,NIGHT,SINGLE,NO,FINE,4,EMP
DEPOT,NSR,SSW,WET,DAY,SINGLE,NO,RAIN,4,BUS - OTHER
RAD,WSRE,SSW,DRY,DAY,SINGLE,NO,FINE,1,EMP
DEPOT,NSR,SSW,DRY,NIGHT,SINGLE,NO,FINE,4,EMP
DEPOT,REAR,TAI,DRY,DAY,SINGLE,LIGHT,FINE,4,EMP
DEPOT,REAR,SSW,DRY,DAY,BUS,NO,FINE,4,EMP
DEPOT,REAR,REVERSING,DRY,DUSK,BUS,NO,FINE,4,EMP
DEPOT,NSR,REVERSING,DRY,NIGHT,SINGLE,NO,FOG,4,EMP
DEPOT,NSF,REVERSING,WET,NIGHT,SINGLE,NO,RAIN,4,BUS - OTHER
DEPOT,REAR,REVERSING,WET,NIGHT,BUS,NO,RAIN,4,CARS TRUCKS
DEPOT,WIN,N2T,DRY,NIGHT,SINGLE,NO,FINE,4,EMP
DEPOT,FRNT,N2T,DRY,DAY,SINGLE,LIGHT,FINE,1,EMP
DEPOT,NSR,REVERSING,WET,NIGHT,BUS,NO,RAIN,4,EMP