location_code,damage_code,collision_code,road_code,light_code,road_type_code,traffic_code,weather_code,emp_liability_code,kpi_cause_code
DEPOT,OSR,HON,DRY,NIGHT,SINGLE,NO,FINE,4,EMP
DEPOT,FRNT,SSW,DRY,NIGHT,SINGLE,LIGHT,FINE,2,BUS - OTHER
DEPOT,OSR,REVERSING,WET,DAY,MULTI,NO,FINE,4,EMP
DEPOT,NSR,SSW,WET,DAY,SINGLE,NO,FINE,4,CARS TRUCKS
DEPOT,NSR,SSW,WET,DUSK,MULTI,NO,RAIN,4,EMP
DEPOT,NSR,REVERSING,WET,DUSK,SINGLE,NO,RAIN,4,EMP
DEPOT,OSR,REVERSING,DRY,DAY,MULTI,NO,FINE,4,EMP
DEPOT,OSF,REVERSING,DRY,DAY,MULTI,NO,FINE,1,EMP
DEPOT,NSF,REVERSING,DRY,DAY,SINGLE,NO,FINE,4,EMP
BSP,FRNT,REVERSING,DRY,DAY,BUS,NO,FINE,4,EMP
DEPOT,REAR,TAI,DRY,NIGHT,SINGLE,NO,FINE,4,EMP
DEPOT,OSR,SSW,DRY,DAY,SINGLE,NO,FINE,1,BUS - OTHER
DEPOT,FRNT,REVERSING,DRY,DAY,SINGLE,NO,FINE,4,EMP
DEPOT,NSR,TAI,DRY,DAWN,SINGLE,NO,FINE,4,EMP
DEPOT,REAR,REVERSING,WET,NIGHT,SINGLE,NO,RAIN,4,EMP
DEPOT,OSF,REVERSING,WET,NIGHT,SINGLE,NO,RAIN,1,EMP
DEPOT,NSR,REVERSING,DRY,NIGHT,SINGLE,NO,FINE,4,EMP
DEPOT,REAR,SSW,WET,NIGHT,BUS,NO,FINE,4,EMP
RAD,WSRE,SSW,WET,DAY,MULTI,MODERATE,RAIN,4,EMP
DEPOT,FRNT,REVERSING,DRY,NIGHT,SINGLE,LIGHT,FINE,4,BUS - OTHER
DEPOT,MIR,TAI,DRY,DAY,SINGLE,LIGHT,FINE,6,EMP
DEPOT,REAR,REVERSING,WET,DAWN,MULTI,MODERATE,RAIN,4,EMP
DEPOT,NSR,BTMO,DRY,DAY,SINGLE,NO,FINE,4,EMP
RAD,TOPF,SSW,DRY,DAY,SINGLE,LIGHT,FINE,6,OTH
DEPOT,NSR,SSW,DRY,DAY,SINGLE,LIGHT,FINE,2,OTH
DEPOT,OSR,SSW,DRY,DAWN,SINGLE,NO,FINE,6,OTH
DEPOT,NSM,SSW,WET,DAWN,SINGLE,NO,FINE,4,BUS - OTHER
RAD,FRNT,SSW,DRY,NIGHT,MULTI,HEAVY,FINE,5,ROA
DEPOT,MIR,SSW,WET,DAY,SINGLE,LIGHT,FINE,4,EMP
RAD,FRNT,BTMO,DRY,NIGHT,MULTI,LIGHT,FINE,4,EMP
DEPOT,NSF,SSW,DRY,DAY,SINGLE,NO,FINE,4,CARS TRUCKS
RAD,NSR,SSW,DRY,DAWN,SINGLE,NO,FOG,4,EMP
DEPOT,MIR,SSW,DRY,DAY,SINGLE,LIGHT,FINE,0,EMP
DEPOT,NSR,TAI,DRY,DAWN,BUS,NO,FINE,4,EMP
RAD,NSR,SSW,WET,NIGHT,SINGLE,LIGHT,FINE,4,EMP
TIN,TOPM,SSW,DRY,DAY,SINGLE,HEAVY,FINE,4,EMP
RAD,REAR,SSW,DRY,DAY,SINGLE,MODERATE,FINE,1,EMP
RAD,OSM,SSW,DRY,DAY,BUS,NO,FINE,4,EMP
RAD,REAR,SSW,DRY,DAY,SINGLE,NO,SUN,4,EMP
RAD,OSR,N2T,WET,NIGHT,MULTI,MODERATE,RAIN,4,EMP
XRD,FRNT,TBO,DRY,NIGHT,MULTI,MODERATE,FINE,4,EMP
RAD,OSR,N2T,DRY,NIGHT,SINGLE,NO,FINE,4,EMP
DEPOT,NSF,HON,DRY,DAY,SINGLE,LIGHT,FINE,6,EMP
DEPOT,OSM,SSW,WET,DAY,SINGLE,NO,RAIN,4,EMP
DEPOT,FRNT,HON,DRY,NIGHT,SINGLE,NO,FINE,4,EMP
DEPOT,REAR,N2T,WET,NIGHT,SINGLE,NO,RAIN,4,EMP
DEPOT,OSR,SSW,DRY,DAY,BUS,NO,FINE,4,CARS TRUCKS
RAD,MIR,HON,WET,NIGHT,SINGLE,LIGHT,RAIN,4,EMP
XRD,NSF,SSW,DRY,DUSK,SINGLE,LIGHT,FINE,4,EMP
RAD,NSR,N2T,DRY,DAY,SINGLE,LIGHT,FINE,6,OTH
RBT,NSF,SSW,WET,DAY,MULTI,MODERATE,RAIN,1,ROA
DEPOT,FRNT,REVERSING,WET,DAY,MULTI,NO,FINE,4,CARS TRUCKS
DEPOT,OSR,TAI,DRY,DAY,SINGLE,NO,FINE,4,CARS TRUCKS
DEPOT,NSR,SSW,DRY,DAY,SINGLE,NO,SUN,4,EMP
DEPOT,OSF,SSW,DRY,DAY,SINGLE,LIGHT,FINE,2,BUS - OTHER
DEPOT,NSR,SSW,DRY,DAY,SINGLE,NO,FINE,2,EMP
DEPOT,NSF,SSW,DRY,NIGHT,BUS,NO,FINE,4,EMP
DEPOT,NSF,HON,DRY,DAY,SINGLE,NO,FINE,4,BUS - OTHER
RAD,NSR,TAI,DRY,DAY,SINGLE,LIGHT,FINE,6,OTH
DEPOT,OSR,SSW,DRY,DAY,SINGLE,LIGHT,FINE,2,BUS - OTHER
DEPOT,NSR,REVERSING,WET,DAY,BUS,NO,RAIN,4,EMP
DEPOT,OSR,SSW,DRY,DAY,SINGLE,LIGHT,FINE,2,EMP
DEPOT,OSR,SSW,WET,DUSK,MULTI,NO,RAIN,2,OTH
DEPOT,MIR,HON,DRY,NIGHT,SINGLE,NO,FINE,4,BUS - OTHER
DEPOT,NSR,REVERSING,DRY,DAY,SINGLE,NO,FINE,2,EMP
DEPOT,FRNT,SSW,DRY,DAY,SINGLE,NO,FINE,4,EMP
DEPOT,MIR,TAI,DRY,DAWN,BUS,NO,FINE,2,BUS - OTHER
DEPOT,NSR,TAI,DRY,DAWN,SINGLE,NO,FINE,4,BUS - OTHER
DEPOT,NSM,TBO,DRY,DAY,SINGLE,LIGHT,FINE,4,EMP
DEPOT,NSF,SSW,DRY,DAY,BUS,NO,FINE,2,BUS - OTHER
DEPOT,NSF,REVERSING,DRY,DAY,SINGLE,LIGHT,FINE,2,BUS - OTHER
DEPOT,NSF,SSW,WET,DAY,SINGLE,NO,RAIN,2,OTH
DEPOT,OSR,REVERSING,DRY,DAWN,SINGLE,NO,FINE,4,EMP
DEPOT,OSR,SSW,WET,DAWN,BUS,NO,RAIN,2,EMP
DEPOT,OSR,SSW,DRY,DAWN,SINGLE,NO,FINE,2,OTH
DEPOT,MIR,HON,DRY,DAY,BUS,NO,FINE,4,EMP
DEPOT,NSF,SSW,DRY,NIGHT,SINGLE,NO,FOG,4,EMP
DEPOT,OSF,SSW,DRY,NIGHT,SINGLE,NO,FOG,2,BUS - OTHER
DEPOT,NSR,SSW,DRY,DAWN,SINGLE,NO,FINE,2,EMP
DEPOT,OSR,SSW,DRY,DAY,BUS,NO,FINE,2,CARS TRUCKS
DEPOT,NSR,SSW,WET,DAWN,SINGLE,LIGHT,FOG,4,BUS - OTHER
DEPOT,NSM,SSW,DRY,DAY,MULTI,NO,FINE,4,EMP
DEPOT,NSM,SSW,DRY,DUSK,SINGLE,NO,FINE,4,EMP
DEPOT,REAR,REVERSING,DRY,DAWN,BUS,NO,FOG,4,EMP
DEPOT,OSR,REVERSING,DRY,NIGHT,BUS,NO,FOG,4,BUS - OTHER
RAD,NSF,HON,DRY,DAY,MULTI,LIGHT,FINE,4,BUS - OTHER
DEPOT,NSR,SSW,WET,NIGHT,BUS,LIGHT,RAIN,2,BUS - OTHER
DEPOT,FRNT,SSW,DRY,DAY,SINGLE,NO,FINE,4,BUS - OTHER
DEPOT,OSM,SSW,DRY,DAY,SINGLE,LIGHT,FINE,4,BUS - OTHER
DEPOT,OSR,SSW,DRY,DAY,BUS,NO,FINE,2,OTH
DEPOT,OSF,SSW,WET,DAY,SINGLE,NO,FINE,4,EMP
DEPOT,MIR,TAI,DRY,NIGHT,SINGLE,NO,FINE,2,EMP
RAD,WSRE,BTMO,DRY,NIGHT,SINGLE,NO,FINE,0,EMP
DEPOT,OSM,TAI,DRY,DAY,BUS,NO,FINE,4,BUS - OTHER
DEPOT,FRNT,REVERSING,DRY,DAWN,SINGLE,NO,FINE,2,CARS TRUCKS
DEPOT,FRNT,SSW,DRY,NIGHT,SINGLE,NO,FINE,4,EMP
DEPOT,NSR,SSW,WET,DAWN,BUS,NO,RAIN,4,EMP
DEPOT,NSR,SSW,DRY,DAY,SINGLE,LIGHT,FINE,2,BUS - OTHER
DEPOT,OSR,SSW,DRY,DAY,MULTI,NO,FINE,4,EMP
DEPOT,NSR,SSW,WET,DAWN,SINGLE,NO,FINE,4,EMP
RBT,NSF,SSW,DRY,DAY,MULTI,NO,FINE,4,EMP
DEPOT,NSR,SSW,DRY,DAY,SINGLE,LIGHT,FINE,4,BUS - OTHER
DEPOT,OSM,SSW,DRY,DAWN,SINGLE,LIGHT,FINE,2,EMP
DEPOT,NSR,SSW,DRY,DAWN,SINGLE,LIGHT,SUN,2,EMP
DEPOT,FRNT,N2T,DRY,DAY,SINGLE,LIGHT,FINE,2,EMP
DEPOT,OSF,TAI,DRY,DAY,BUS,NO,FINE,2,CARS TRUCKS
DEPOT,NSR,SSW,DRY,DAWN,BUS,NO,FINE,4,BUS - OTHER
DEPOT,OSF,SSW,DRY,DAWN,SINGLE,NO,FINE,4,EMP
DEPOT,MIR,TAI,DRY,DAY,SINGLE,NO,FINE,2,EMP
DEPOT,NSM,SSW,WET,DAY,SINGLE,NO,FINE,4,EMP
DEPOT,OSR,TAI,DRY,DAY,SINGLE,NO,FINE,2,EMP
DEPOT,FRNT,SSW,DRY,DAY,SINGLE,NO,FINE,2,EMP
DEPOT,OSR,SSW,DRY,DAWN,SINGLE,NO,FINE,2,EMP
DEPOT,FRNT,SSW,DRY,DAY,BUS,NO,FINE,0,EMP
DEPOT,NSF,SSW,DRY,DAY,SINGLE,NO,FINE,2,EMP
DEPOT,MIR,SSW,DRY,DAWN,SINGLE,NO,FINE,2,EMP
DEPOT,OSR,HON,DRY,DAY,SINGLE,LIGHT,FINE,2,CARS TRUCKS
DEPOT,NSR,HON,DRY,DAY,SINGLE,NO,FINE,2,EMP
DEPOT,FRNT,TBO,DRY,DAY,SINGLE,LIGHT,FINE,2,EMP
DEPOT,NSF,TAI,DRY,DAY,SINGLE,NO,FINE,2,CARS TRUCKS
DEPOT,OSR,TAI,DRY,DAY,BUS,NO,FINE,4,BUS - OTHER
DEPOT,OSR,SSW,DRY,DAY,SINGLE,NO,FINE,2,BUS - OTHER
BSP,REAR,BTMO,DRY,DAY,BUS,NO,FINE,4,BUS - OTHER
DEPOT,OSR,REVERSING,DRY,DAY,SINGLE,NO,SUN,4,EMP
DEPOT,WSRE,REVERSING,DRY,DAY,SINGLE,LIGHT,FINE,2,EMP
DEPOT,NSF,SSW,DRY,NIGHT,SINGLE,NO,FINE,4,EMP
DEPOT,MIR,REVERSING,WET,DAY,SINGLE,NO,RAIN,4,CARS TRUCKS
DEPOT,REAR,REVERSING,DRY,DAY,SINGLE,LIGHT,FINE,2,EMP
DEPOT,REAR,REVERSING,DRY,NIGHT,BUS,NO,FINE,4,BUS - OTHER
DEPOT,MIR,SSW,WET,DAY,BUS,NO,FINE,4,EMP
DEPOT,TOPR,REVERSING,WET,NIGHT,SINGLE,NO,RAIN,4,EMP
DEPOT,NSF,SSW,DRY,DAY,SINGLE,LIGHT,FINE,4,CARS TRUCKS
RAD,FRNT,HON,DRY,DAY,SINGLE,NO,FINE,4,ENV
DEPOT,OSF,SSW,DRY,DAY,BUS,NO,FINE,4,EMP
XRD,NSR,SSW,DRY,DUSK,MULTI,HEAVY,FINE,4,CARS TRUCKS
DEPOT,OSR,SSW,DRY,DAY,SINGLE,LIGHT,FINE,4,CARS TRUCKS
DEPOT,FRNT,BTMO,DRY,DAY,SINGLE,NO,FINE,4,CARS TRUCKS
DEPOT,OSR,TAI,DRY,DAWN,SINGLE,NO,FINE,4,CARS TRUCKS
DEPOT,REAR,REVERSING,DRY,NIGHT,SINGLE,LIGHT,RAIN,4,EMP
RAD,NSM,HON,DRY,DUSK,MULTI,LIGHT,FINE,4,CARS TRUCKS
DEPOT,OSF,HON,DRY,DAY,BUS,LIGHT,FINE,4,EMP
DEPOT,OSR,SSW,DRY,DAWN,BUS,NO,FINE,4,EMP
RAD,NSR,SSW,SLIP,DAY,SINGLE,LIGHT,RAIN,0,EMP
DEPOT,REAR,N2T,DRY,DAWN,SINGLE,NO,FINE,4,EMP
XRD,NSF,TBO,DRY,DAY,SINGLE,HEAVY,FINE,4,EMP
DEPOT,NSR,SSW,DRY,DAY,BUS,NO,FINE,1,CARS TRUCKS
DEPOT,NSF,REVERSING,DRY,DAWN,BUS,LIGHT,FINE,2,EMP
DEPOT,REAR,SSW,DRY,DAY,SINGLE,NO,FINE,6,EMP
DEPOT,MIR,HON,WET,DAY,SINGLE,NO,RAIN,4,EMP
DEPOT,REAR,REVERSING,WET,DAWN,SINGLE,NO,RAIN,4,EMP
BSP,MIR,SSW,DRY,DAY,SINGLE,LIGHT,FINE,5,EMP
RAD,WSRE,SSW,DRY,DAY,SINGLE,LIGHT,FINE,5,ENV
RAD,OSR,SSW,WET,DAY,SINGLE,LIGHT,FINE,4,EMP
RAD,OSR,SSW,DRY,DAWN,SINGLE,LIGHT,FOG,4,EMP
RAD,WSRE,SSW,DRY,DAWN,SINGLE,NO,FINE,4,EMP
RBT,OSF,N2T,DRY,DAY,SINGLE,MODERATE,FINE,4,EMP
RAD,NSF,TBO,WET,DAY,MULTI,LIGHT,RAIN,4,EMP
RAD,REAR,N2T,SLIP,DAWN,SINGLE,NO,FINE,4,EMP
RAD,NSF,SSW,WET,DAY,SINGLE,LIGHT,FINE,4,EMP
DEPOT,NSR,SSW,WET,DAY,SINGLE,NO,SUN,4,EMP
DEPOT,FRNT,SSW,SLIP,DAY,SINGLE,NO,RAIN,4,EMP
DEPOT,NSM,SSW,DRY,DUSK,SINGLE,NO,FINE,1,EMP
DEPOT,OSR,REVERSING,DRY,DAY,SINGLE,LIGHT,FINE,4,CARS TRUCKS
XRD,FRNT,TBO,DRY,DAY,BUS,MODERATE,RAIN,4,EMP
DEPOT,OSM,SSW,DRY,DAWN,SINGLE,NO,FINE,4,EMP
DEPOT,NSR,TAI,DRY,DAY,MULTI,LIGHT,FINE,4,EMP
RAD,OSF,REVERSING,DRY,DAY,SINGLE,NO,SUN,4,BUS - OTHER
DEPOT,FRNT,HON,DRY,DAWN,SINGLE,NO,FINE,4,EMP
DEPOT,NSR,SSW,DRY,DAWN,SINGLE,NO,FINE,4,BUS - OTHER
RAD,MIR,SSW,DRY,DAY,SINGLE,NO,FINE,4,BUS - OTHER
RAD,NSM,SSW,DRY,DAY,SINGLE,NO,FINE,6,CARS TRUCKS
RAD,FRNT,SSW,DRY,DAY,MULTI,MODERATE,FINE,5,CARS TRUCKS
RAD,NSR,SSW,WET,NIGHT,SINGLE,LIGHT,FOG,4,EMP
DEPOT,OSM,SSW,DRY,DAWN,SINGLE,NO,FOG,4,EMP
DEPOT,MIR,SSW,DRY,DAY,BUS,LIGHT,FINE,4,BUS - OTHER
DEPOT,OSF,TAI,DRY,DAY,SINGLE,NO,FINE,4,EMP
RAD,NSR,SSW,DRY,DAY,SINGLE,NO,FINE,0,CARS TRUCKS
RAD,REAR,BTMO,DRY,DAY,BUS,NO,FINE,4,EMP
RAD,NSR,SSW,DRY,DAWN,SINGLE,LIGHT,FINE,1,CARS TRUCKS
DEPOT,NSR,TAI,DRY,DAY,MULTI,NO,FINE,2,EMP
DEPOT,WIN,SSW,DRY,DAY,BUS,NO,FINE,4,BUS - OTHER
DEPOT,NSR,SSW,DRY,DAWN,SINGLE,HEAVY,FINE,4,EMP
RAD,NSR,SSW,DRY,DAWN,MULTI,LIGHT,FOG,4,EMP
BSP,NSR,TAI,WET,DAY,SINGLE,LIGHT,FINE,4,CARS TRUCKS
RAD,OSR,TBO,DRY,DAY,SINGLE,EXTREME,FINE,4,BUS - OTHER
BSP,NSR,SSW,WET,DAY,MULTI,HEAVY,RAIN,5,ROA
BSP,NSR,BTMO,DRY,DAY,SINGLE,LIGHT,FINE,4,EMP
BSP,FRNT,N2T,DRY,DAY,MULTI,LIGHT,FINE,1,EMP
XRD,NSF,TBO,WET,NIGHT,MULTI,LIGHT,RAIN,1,CARS TRUCKS
XRD,FRNT,N2T,SLIP,NIGHT,SINGLE,MODERATE,RAIN,4,EMP
BSP,NSF,TBO,DRY,NIGHT,SINGLE,LIGHT,FINE,1,CARS TRUCKS
RAD,REAR,N2T,WET,STREET,SINGLE,NO,RAIN,1,EMP
RAD,NSR,REVERSING,DRY,DAY,SINGLE,LIGHT,FINE,4,CARS TRUCKS
TIN,NSM,SSW,DRY,DAY,SINGLE,MODERATE,FINE,4,CARS TRUCKS
RBT,NSM,TBO,SLIP,DAY,SINGLE,MODERATE,FINE,1,EMP
BSP,OSR,TBO,DRY,NIGHT,SINGLE,NO,FINE,1,CARS TRUCKS
BSP,FRNT,HON,WET,DAY,SINGLE,LIGHT,FINE,4,EMP
XRD,REAR,N2T,DRY,DAY,SINGLE,LIGHT,FINE,1,ROA
RAD,NSR,SSW,DRY,DAY,MULTI,NO,FINE,1,ROA
RAD,OSR,BTMO,DRY,DAY,SINGLE,LIGHT,FINE,4,BUS - OTHER
RAD,NSR,TAI,DRY,DAY,MULTI,NO,FINE,6,OTH
TIN,OSM,SSW,DRY,DAY,MULTI,NO,FINE,1,CARS TRUCKS
XRD,NSF,HON,WET,DAY,SINGLE,HEAVY,RAIN,4,CARS TRUCKS
RAD,NSR,TAI,WET,NIGHT,SINGLE,HEAVY,RAIN,4,CARS TRUCKS
BSP,REAR,TAI,DRY,DAY,SINGLE,LIGHT,FINE,4,BUS - OTHER
RAD,OSR,REVERSING,DRY,DAY,SINGLE,HEAVY,FINE,4,BUS - OTHER
XRD,FRNT,N2T,DRY,DUSK,MULTI,HEAVY,FINE,1,CARS TRUCKS
DEPOT,FRNT,REVERSING,DRY,DAY,SINGLE,LIGHT,FINE,4,CARS TRUCKS
BSP,NSM,SSW,DRY,DAY,MULTI,EXTREME,FINE,4,CARS TRUCKS
XRD,NSM,SSW,DRY,DAY,MULTI,EXTREME,FINE,4,EMP
RAD,NSF,SSW,WET,NIGHT,MULTI,LIGHT,FINE,0,ENV
BSP,REAR,N2T,DRY,DAY,SINGLE,LIGHT,FINE,5,ROA
DEPOT,WSRE,HON,DRY,NIGHT,SINGLE,LIGHT,FINE,4,ROA
XRD,NSR,SSW,DRY,DAY,SINGLE,LIGHT,FINE,4,OTH
RBT,OSF,SSW,SLIP,DAY,SINGLE,HEAVY,RAIN,4,EMP
RAD,NSF,SSW,WET,DAY,MULTI,LIGHT,RAIN,1,ROA
RAD,NSM,SSW,DRY,DUSK,SINGLE,LIGHT,FINE,4,CARS TRUCKS
RAD,OSF,BTMO,DRY,DAY,SINGLE,LIGHT,FINE,4,CARS TRUCKS
BSP,NSR,SSW,DRY,DUSK,SINGLE,NO,FINE,4,BUS - OTHER
TIN,FRNT,SSW,DRY,DAY,MULTI,HEAVY,FINE,4,EMP
TIN,NSR,SSW,WET,DUSK,MULTI,HEAVY,RAIN,4,EMP
DEPOT,MIR,SSW,WET,DAY,SINGLE,LIGHT,FINE,4,CARS TRUCKS
DEPOT,OSF,REVERSING,DRY,DAY,BUS,NO,FINE,4,EMP
BSP,OSR,N2T,DRY,DAY,SINGLE,LIGHT,SUN,1,BUS - OTHER
BSP,NSR,TAI,DRY,DAY,BUS,HEAVY,FINE,4,BUS - OTHER
RAD,OSF,HON,WET,DAY,FREE,LIGHT,RAIN,0,CARS TRUCKS
RAD,NSF,HON,WET,DAY,BUS,MODERATE,RAIN,1,ROA
RAD,NSR,SSW,DRY,DAY,BUS,LIGHT,FINE,4,CARS TRUCKS
RAD,OSM,SSW,DRY,DAY,SINGLE,HEAVY,FINE,5,ROA
RAD,NSM,SSW,DRY,DUSK,MULTI,LIGHT,FINE,4,EMP
RAD,NSM,SSW,WET,DAY,MULTI,LIGHT,FINE,4,EMP
RAD,OSM,SSW,DRY,DAY,SINGLE,LIGHT,FINE,4,ROA
RAD,SMASHED LEFT HA,SSW,DRY,DAY,SINGLE,LIGHT,FINE,3,EMP
RAD,MIR,SSW,DRY,DAY,BUS,MODERATE,FINE,1,EMP
RAD,OSM,N2T,DRY,DAY,SINGLE,LIGHT,FINE,1,EMP
RAD,OSM,SSW,DRY,DAWN,SINGLE,LIGHT,RAIN,4,CARS TRUCKS
RAD,REAR,SSW,SLIP,DAY,SINGLE,LIGHT,FINE,1,OTH
RAD,FRNT,REVERSING,DRY,DAY,SINGLE,LIGHT,FINE,4,CARS TRUCKS
DEPOT,FRNT,SSW,DRY,NIGHT,SINGLE,NO,FINE,4,CARS TRUCKS
RAD,OSR,SSW,DRY,NIGHT,SINGLE,LIGHT,FINE,4,CARS TRUCKS
RAD,WSRE,BTMO,DRY,DAY,SINGLE,LIGHT,FINE,4,EMP
RAD,NSF,SSW,DRY,STREET,MULTI,MODERATE,FOG,4,EMP
RAD,NSF,HON,DRY,NIGHT,SINGLE,LIGHT,FINE,5,EMP
RAD,NSF,HON,WET,DAY,BUS,MODERATE,RAIN,4,EMP
RAD,OSR,SSW,SLIP,DAY,SINGLE,HEAVY,FINE,1,EMP
BSP,OSR,SSW,DRY,DAY,SINGLE,NO,SUN,4,EMP
RAD,REAR,SSW,DRY,DAY,SINGLE,NO,FINE,4,CARS TRUCKS
RAD,OSM,SSW,WET,DAY,SINGLE,NO,RAIN,4,CARS TRUCKS
RAD,REAR,REVERSING,DRY,DAY,SINGLE,NO,FINE,4,ENV
DEPOT,NSM,SSW,DRY,NIGHT,SINGLE,NO,FINE,0,OTH
RAD,NSF,HON,DRY,DAY,MULTI,LIGHT,FINE,4,CARS TRUCKS
RAD,NSM,REVERSING,WET,DAY,SINGLE,NO,FINE,4,CARS TRUCKS
RAD,OSM,SSW,DRY,DAY,SINGLE,NO,FINE,1,EMP
RAD,WSRE,BTMO,WET,DAY,SINGLE,NO,RAIN,4,EMP
BSP,NSM,SSW,DRY,DAY,SINGLE,LIGHT,FINE,4,OTH
TIN,NSR,SSW,WET,NIGHT,SINGLE,NO,RAIN,4,EMP
RAD,WSRE,HON,DRY,DAY,SINGLE,LIGHT,SUN,4,EMP
RAD,MIR,SSW,WET,DUSK,MULTI,MODERATE,RAIN,4,ENV
RAD,WSRE,BTMO,WET,NIGHT,SINGLE,NO,FINE,4,EMP
BSP,NSF,SSW,DRY,DAY,SINGLE,LIGHT,FINE,1,CARS TRUCKS
RAD,OSM,TBO,DRY,DAY,SINGLE,HEAVY,FINE,1,EMP
RAD,MIR,SSW,WET,DAY,BUS,HEAVY,SUN,4,EMP
BSP,FRNT,N2T,SLIP,DAY,BUS,NO,FINE,4,EMP
RBT,FRNT,HON,WET,NIGHT,SINGLE,LIGHT,RAIN,4,EMP
RAD,NSM,N2T,WET,DAY,SINGLE,LIGHT,RAIN,1,ROA
RAD,NSR,SSW,WET,NIGHT,SINGLE,NO,RAIN,4,CARS TRUCKS
RAD,MIR,SSW,DRY,DAY,SINGLE,NO,FINE,1,ROA
XRD,REAR,SSW,WET,DAY,MULTI,MODERATE,RAIN,1,ROA
RAD,TOPM,ROO,DRY,DAY,SINGLE,LIGHT,FINE,6,OTH
XRD,OSF,TBO,DRY,DAY,MULTI,MODERATE,FINE,1,EMP
BSP,NSR,TAI,DRY,DAY,BUS,NO,FINE,4,BUS - OTHER
BSP,MIR,SSW,DRY,DUSK,SINGLE,LIGHT,FINE,4,BUS - OTHER
BSP,NSF,SSW,DRY,NIGHT,MULTI,MODERATE,FINE,5,GEN
RAD,FRNT,SSW,DRY,DAY,SINGLE,NO,FINE,4,CARS TRUCKS
RAD,MIR,ROO,DRY,DAY,SINGLE,LIGHT,FINE,4,EMP
BSP,NSF,SSW,DRY,DAY,SINGLE,HEAVY,FINE,4,EMP
RAD,NSF,SSW,WET,NIGHT,SINGLE,LIGHT,RAIN,4,EMP
XRD,OSF,HON,DRY,DAY,MULTI,LIGHT,FINE,1,BUS BRAKING
RBT,OSM,BTMO,DRY,DAY,SINGLE,LIGHT,FINE,4,CARS TRUCKS
BSP,REAR,SSW,DRY,DAY,MULTI,NO,FINE,0,GEN
TIN,NSR,SSW,DRY,DAY,MULTI,MODERATE,FINE,1,BUS - OTHER
XRD,OSR,TBO,DRY,DAY,SINGLE,LIGHT,FINE,4,EMP
RAD,FRNT,TAI,DRY,DAY,SINGLE,LIGHT,FINE,4,ROA
BSP,NSR,SSW,DRY,DAY,BUS,MODERATE,FINE,4,CARS TRUCKS
RAD,OSF,SSW,DRY,DAY,SINGLE,LIGHT,FINE,4,ROA
RAD,OSF,BTMO,DRY,DAY,SINGLE,MODERATE,FINE,4,EMP
BSP,REAR,HON,DRY,DAY,BUS,LIGHT,FINE,1,ROA
RBT,REAR,SSW,DRY,DAY,SINGLE,HEAVY,FINE,1,EMP
BSP,NSF,SSW,DRY,DUSK,SINGLE,NO,FINE,4,EMP
XRD,FRNT,SSW,WET,DAY,MULTI,HEAVY,RAIN,4,EMP
RAD,R/H/S panel and,SSW,DRY,DAY,SINGLE,LIGHT,FINE,1,EMP
RAD,NSR,REVERSING,DRY,NIGHT,SINGLE,NO,FINE,4,EMP
RAD,NSF,SSW,DRY,DUSK,MULTI,LIGHT,FINE,0,ENV
RAD,Rear bumper and,SSW,DRY,DAY,SINGLE,LIGHT,FINE,1,EMP
RAD,Rear L/H/S dama,SSW,DRY,DAY,SINGLE,LIGHT,FINE,1,EMP
RAD,OSR,TAI,DRY,DAWN,SINGLE,HEAVY,FOG,4,CARS TRUCKS
RAD,OSR,N2T,DRY,DAY,SINGLE,LIGHT,FINE,1,ROA
RAD,NSM,SSW,WET,DUSK,MULTI,LIGHT,RAIN,1,ROA
BSP,OSM,SSW,DRY,DAY,SINGLE,LIGHT,FINE,1,CARS TRUCKS
RAD,NSF,TBO,WET,NIGHT,SINGLE,MODERATE,RAIN,1,ROA
BSP,NSF,SSW,WET,DAWN,SINGLE,NO,RAIN,4,EMP
XRD,OSR,SSW,DRY,DAY,MULTI,MODERATE,FINE,1,CARS TRUCKS
BSP,REAR,SSW,DRY,DUSK,BUS,MODERATE,FINE,4,EMP
TIN,NSR,TAI,DRY,DAY,SINGLE,MODERATE,FINE,4,CARS TRUCKS
XRD,OSR,BTMO,DRY,DAY,SINGLE,LIGHT,FINE,4,CARS TRUCKS
XRD,NSM,SSW,DRY,DAY,SINGLE,LIGHT,FINE,1,ROA
RAD,FRNT,HON,WET,DAY,SINGLE,NO,FINE,4,BUS - OTHER
XRD,OSF,REVERSING,SLIP,DAY,MULTI,MODERATE,RAIN,5,CARS TRUCKS
RAD,NSM,TBO,WET,DAY,SINGLE,HEAVY,RAIN,1,ROA
XRD,NSF,BTMO,DRY,DAY,MULTI,NO,FINE,4,EMP