location_code,damage_code,collision_code,road_code,light_code,road_type_code,traffic_code,weather_code,emp_liability_code,kpi_cause_code
TIN,NSM,SSW,DRY,DAY,MULTI,HEAVY,FINE,4,BUS - OTHER
XRD,NSR,SSW,DRY,DAY,MULTI,LIGHT,FINE,0,EMP
BSP,NSF,HON,DRY,DAY,SINGLE,NO,SUN,4,EMP
RAD,FRNT,SSW,DRY,DAY,SINGLE,HEAVY,FINE,5,ROA
XRD,OSR,SSW,DRY,DAY,SINGLE,LIGHT,FINE,4,BUS - OTHER
BSP,OSR,SSW,DRY,DAY,MULTI,LIGHT,FINE,4,BUS BRAKING
TIN,NSM,TBO,WET,DAY,SINGLE,MODERATE,RAIN,1,EMP
DEPOT,FRNT,SSW,DRY,DAY,SINGLE,NO,FINE,6,OTH
RAD,OSM,SSW,DRY,DAY,SINGLE,LIGHT,FINE,5,GEN
BSP,FRNT,ROO,DRY,NIGHT,SINGLE,LIGHT,FINE,4,CARS TRUCKS
RBT,NSR,TAI,DRY,DAY,SINGLE,LIGHT,FINE,4,EMP
RAD,REAR,N2T,SLIP,DAY,MULTI,HEAVY,FINE,1,ROA
RAD,NSR,REVERSING,DRY,DAY,SINGLE,HEAVY,FINE,1,CARS TRUCKS
BSP,NSR,SSW,DRY,DUSK,SINGLE,NO,RAIN,4,EMP
RAD,NSR,SSW,WET,NIGHT,SINGLE,NO,RAIN,1,EMP
RAD,NSF,N2T,DRY,DAY,MULTI,LIGHT,FINE,1,ROA
RAD,WSRE,SSW,DRY,DAY,SINGLE,MODERATE,FINE,1,EMP
RAD,WSRE,BTMO,WET,NIGHT,MULTI,NO,RAIN,4,EMP
RAD,FRNT,HON,DRY,DAY,MULTI,LIGHT,FINE,1,ROA
RBT,FRNT,SSW,WET,DAY,MULTI,LIGHT,RAIN,4,EMP
RAD,NSR,SSW,DRY,DAY,SINGLE,HEAVY,FINE,0,EMP
RAD,OSF,SSW,WET,DAWN,SINGLE,HEAVY,RAIN,5,ROA
RAD,OSR,SSW,DRY,NIGHT,SINGLE,LIGHT,FINE,0,GEN
BSP,NSR,SSW,SLIP,DUSK,SINGLE,HEAVY,FINE,4,EMP
XRD,OSF,SSW,DRY,DAY,MULTI,LIGHT,FINE,4,EMP
BSP,NSR,BTMO,DRY,DAY,SINGLE,LIGHT,FINE,4,CARS TRUCKS
BSP,NSR,N2T,DRY,DAY,SINGLE,HEAVY,FINE,5,ROA
RAD,WSRE,SSW,DRY,NIGHT,SINGLE,NO,FINE,1,EMP
BSP,NSM,SSW,DRY,DAY,SINGLE,NO,FINE,4,CARS TRUCKS
BSP,OSF,SSW,DRY,DUSK,SINGLE,NO,FINE,4,EMP
DEPOT,OSF,SSW,DRY,DUSK,SINGLE,NO,FINE,4,EMP
RBT,FRNT,HON,DRY,DAWN,SINGLE,LIGHT,FINE,4,EMP
RAD,OSF,TBO,DRY,DAY,SINGLE,MODERATE,FINE,4,EMP
RBT,OSF,HON,DRY,STREET,SINGLE,NO,FINE,4,BUS - OTHER
BSP,TOPR,N2T,DRY,DAY,BUS,LIGHT,FINE,4,EMP
TIN,FRNT,REVERSING,DRY,DAY,SINGLE,HEAVY,FINE,1,CARS TRUCKS
XRD,OSR,BTMO,DRY,DAY,SINGLE,LIGHT,FINE,4,EMP
TIN,NSF,SSW,DRY,DAY,BUS,HEAVY,FINE,4,EMP
BSP,MIR,TAI,DRY,NIGHT,BUS,LIGHT,FINE,1,BUS - OTHER
RBT,OSM,SSW,WET,DAY,MULTI,MODERATE,RAIN,4,CARS TRUCKS
BSP,OSF,SSW,DRY,DAY,SINGLE,LIGHT,FINE,5,ROA
BSP,NSF,SSW,DRY,DAY,SINGLE,LIGHT,SUN,1,EMP
RAD,OSR,TAI,DRY,DAY,BUS,LIGHT,FINE,4,EMP
RBT,REAR,BTMO,DRY,DAY,SINGLE,NO,FINE,4,BUS - OTHER
RAD,OSR,SSW,DRY,DAY,SINGLE,LIGHT,FINE,5,GEN
RAD,NSM,SSW,DRY,DUSK,SINGLE,HEAVY,FINE,4,ROA
BSP,NSF,BTMO,DRY,DAY,MULTI,LIGHT,FINE,4,EMP
RAD,NSF,BTMO,DRY,DAWN,SINGLE,LIGHT,FINE,4,BUS - OTHER
XRD,OSF,TBO,DRY,DAY,MULTI,MODERATE,FINE,1,ROA
RAD,NSF,SSW,WET,DAY,SINGLE,LIGHT,RAIN,4,BUS - OTHER
RAD,NSF,HON,DRY,DAY,SINGLE,LIGHT,FINE,5,ROA
BSP,NSM,SSW,DRY,DAWN,SINGLE,HEAVY,RAIN,1,CARS TRUCKS
RAD,NSR,SSW,DRY,DAY,SINGLE,LIGHT,FINE,5,ROA
TIN,OSR,TAI,WET,STREET,SINGLE,NO,RAIN,4,EMP
RAD,OSM,SSW,DRY,DUSK,SINGLE,LIGHT,FINE,4,EMP
DEPOT,NSM,SSW,DRY,DAY,SINGLE,LIGHT,FINE,4,CARS TRUCKS
BSP,OSR,SSW,DRY,DAWN,SINGLE,MODERATE,FINE,1,CARS TRUCKS
RAD,OSR,REVERSING,DRY,DAY,SINGLE,NO,FINE,4,CARS TRUCKS
BSP,NSM,SSW,DRY,DUSK,SINGLE,LIGHT,FINE,4,EMP
RAD,NSR,BTMO,DRY,DAY,SINGLE,LIGHT,FINE,4,CARS TRUCKS
RAD,WIN,SSW,DRY,NIGHT,SINGLE,NO,FINE,0,GEN
RAD,OSF,N2T,DRY,DAY,SINGLE,HEAVY,FINE,4,EMP
XRD,OSR,N2T,DRY,DAY,SINGLE,MODERATE,FINE,1,BUS - OTHER
XRD,NSF,SSW,SLIP,DUSK,MULTI,HEAVY,RAIN,1,ROA
DEPOT,NSM,SSW,WET,DUSK,SINGLE,HEAVY,RAIN,4,CARS TRUCKS
RAD,OSM,TBO,DRY,DAY,SINGLE,LIGHT,FINE,4,EMP
RBT,NSM,SSW,DRY,DAY,SINGLE,LIGHT,FINE,1,ROA
XRD,REAR,N2T,DRY,DAY,SINGLE,MODERATE,FINE,1,BUS - OTHER
RBT,NSM,SSW,DRY,DAY,SINGLE,LIGHT,FINE,4,CARS TRUCKS
RAD,NSF,SSW,DRY,DUSK,SINGLE,LIGHT,FINE,5,ROA
RAD,OSR,HON,DRY,DAY,SINGLE,NO,FINE,1,ROA
TIN,OSM,SSW,DRY,DAY,SINGLE,HEAVY,FINE,4,CARS TRUCKS
XRD,FRNT,BTMO,DRY,DAY,SINGLE,LIGHT,FINE,4,EMP
BSP,OSR,SSW,DRY,DAY,MULTI,LIGHT,FINE,5,ROA
RAD,FRNT,HON,DRY,DAY,MULTI,MODERATE,FINE,0,CARS TRUCKS
RAD,FRNT,SSW,DRY,NIGHT,SINGLE,MODERATE,FINE,5,GEN
BSP,WIN,SSW,DRY,NIGHT,SINGLE,LIGHT,FINE,0,GEN
RAD,MIR,ROO,DRY,DAY,SINGLE,LIGHT,FINE,5,GEN
RAD,FRNT,HON,DRY,DAWN,MULTI,NO,FINE,0,OTH
RAD,NSF,TBO,WET,DAY,BUS,HEAVY,RAIN,1,ROA
RAD,NSM,SSW,DRY,DAY,SINGLE,LIGHT,FINE,1,OTH
RAD,OSR,SSW,DRY,DAY,BUS,EXTREME,FINE,1,CARS TRUCKS
RAD,NSR,SSW,DRY,DAY,SINGLE,MODERATE,FINE,1,ROA
RAD,NSR,HON,DRY,DUSK,SINGLE,NO,FINE,4,CARS TRUCKS
TIN,NSF,SSW,DRY,DAY,SINGLE,LIGHT,FINE,5,ROA
BSP,NSM,SSW,WET,DAY,MULTI,HEAVY,RAIN,1,EMP
XRD,NSR,N2T,DRY,NIGHT,MULTI,LIGHT,FINE,5,CARS TRUCKS
TIN,FRNT,HON,DRY,DAY,MULTI,MODERATE,FINE,1,POW
RAD,FRNT,BTMO,DRY,NIGHT,SINGLE,LIGHT,FINE,4,EMP
TIN,OSM,SSW,DRY,DAY,SINGLE,HEAVY,FINE,1,EMP
RBT,NSR,SSW,DRY,NIGHT,SINGLE,LIGHT,FINE,4,EMP
TIN,FRNT,TBO,DRY,DAY,MULTI,MODERATE,FINE,4,CARS TRUCKS
RAD,NSR,TAI,DRY,NIGHT,SINGLE,LIGHT,FINE,4,BUS - OTHER
RAD,NSR,TAI,DRY,DAY,MULTI,HEAVY,FINE,4,CARS TRUCKS
BSP,REAR,N2T,DRY,DAY,SINGLE,LIGHT,FINE,1,GEN
DEPOT,NSM,SSW,SLIP,DAY,SINGLE,LIGHT,FINE,4,EMP
TIN,NSM,SSW,DRY,NIGHT,MULTI,LIGHT,FINE,4,BUS - OTHER
RAD,OSR,SSW,DRY,NIGHT,MULTI,LIGHT,FINE,5,CARS TRUCKS
RAD,REAR,TAI,DRY,DAY,SINGLE,LIGHT,FINE,4,CARS TRUCKS
RAD,REAR,TAI,WET,DAY,BUS,HEAVY,RAIN,4,EMP
RAD,OSR,SSW,DRY,DAY,MULTI,LIGHT,FINE,4,BUS - OTHER
RAD,FRNT,N2T,WET,DAY,FREE,EXTREME,RAIN,4,EMP
RAD,NSM,BTMO,DRY,DAY,SINGLE,LIGHT,FINE,4,CARS TRUCKS
RAD,FRNT,BTMO,WET,DAY,SINGLE,LIGHT,RAIN,0,OTH
RAD,NSM,SSW,WET,DAY,MULTI,HEAVY,RAIN,4,BUS - OTHER
BSP,FRNT,BTMO,DRY,DUSK,SINGLE,MODERATE,FINE,0,OTH
RAD,REAR,N2T,DRY,DAY,MULTI,LIGHT,FINE,1,ROA
BSP,OSM,SSW,DRY,DAY,SINGLE,LIGHT,FINE,1,EMP
BSP,NSR,SSW,DRY,DAY,SINGLE,LIGHT,FINE,0,PAS
RAD,OSF,SSW,DRY,DAY,SINGLE,MODERATE,FINE,5,ROA
XRD,OSR,SSW,DRY,DAY,SINGLE,HEAVY,FINE,4,CARS TRUCKS
RAD,NSR,BTMO,DRY,DAY,SINGLE,NO,FINE,1,CARS TRUCKS
BSP,FRNT,SSW,DRY,DAY,MULTI,NO,FINE,4,CARS TRUCKS
RAD,FRNT,SSW,DRY,DAY,SINGLE,LIGHT,FINE,1,BUS - OTHER
BSP,NSF,SSW,DRY,DAY,SINGLE,LIGHT,FOG,4,CARS TRUCKS
XRD,OSM,SSW,DRY,DAY,SINGLE,HEAVY,FINE,4,CARS TRUCKS
BSP,NSR,BTMO,WET,DAY,BUS,MODERATE,FINE,4,BUS - OTHER
BSP,NSF,SSW,WET,NIGHT,SINGLE,LIGHT,RAIN,4,EMP
TIN,NSR,SSW,WET,NIGHT,MULTI,LIGHT,RAIN,4,EMP
TIN,FRNT,HON,DRY,DAY,SINGLE,LIGHT,FINE,4,BUS - OTHER
RAD,OSR,BTMO,DRY,DAY,SINGLE,HEAVY,FINE,4,BUS - OTHER
DEPOT,OSR,REVERSING,DRY,DAY,SINGLE,HEAVY,FINE,4,BUS - OTHER
RAD,OSM,SSW,DRY,DAY,SINGLE,LIGHT,FINE,5,ROA
BSP,NSR,SSW,WET,DAY,SINGLE,MODERATE,FINE,5,CARS TRUCKS
TIN,FRNT,HON,DRY,DAY,SINGLE,HEAVY,FINE,1,EMP
BSP,TOPR,BTMO,DRY,DAY,SINGLE,LIGHT,FINE,4,EMP
BSP,FRNT,SSW,DRY,DAY,SINGLE,MODERATE,SUN,4,EMP
RAD,NSM,REVERSING,DRY,DAY,SINGLE,LIGHT,FINE,4,EMP
RBT,NSM,SSW,DRY,DAY,MULTI,MODERATE,FINE,4,ROA
BSP,OSR,TAI,DRY,DAY,BUS,NO,FINE,2,EMP
BSP,NSM,SSW,WET,DAY,SINGLE,LIGHT,RAIN,4,CARS TRUCKS
RAD,WIN,SSW,DRY,DAY,SINGLE,MODERATE,FINE,0,GEN
XRD,OSR,SSW,DRY,DAY,MULTI,MODERATE,FINE,4,BUS - OTHER
RAD,WSRE,SSW,DRY,DAY,MULTI,MODERATE,FINE,0,CARS TRUCKS
BSP,FRNT,N2T,DRY,DUSK,MULTI,LIGHT,FINE,1,EMP
DEPOT,MIR,N2T,DRY,DAY,SINGLE,LIGHT,FINE,4,EMP
RAD,NSF,BTMO,WET,DAY,SINGLE,LIGHT,RAIN,4,EMP
RAD,NSM,SSW,SLIP,DUSK,MULTI,HEAVY,RAIN,1,EMP
RAD,REAR,REVERSING,WET,DAY,SINGLE,NO,SUN,4,CARS TRUCKS
BSP,WSRE,ROO,DRY,DAY,SINGLE,LIGHT,FINE,4,CARS TRUCKS
DEPOT,REAR,SSW,DRY,NIGHT,SINGLE,NO,FINE,4,CARS TRUCKS
RAD,NSR,BTMO,DRY,NIGHT,MULTI,HEAVY,FINE,4,CARS TRUCKS
BSP,OSM,SSW,DRY,DAY,SINGLE,NO,FINE,4,CARS TRUCKS
RAD,OSR,TAI,DRY,NIGHT,SINGLE,NO,FINE,4,CARS TRUCKS
BSP,MIR,HON,DRY,DAY,SINGLE,LIGHT,FINE,4,CARS TRUCKS
RAD,FRNT,HON,SLIP,DAY,SINGLE,HEAVY,RAIN,4,BUS - OTHER
RAD,MIR,ROO,DRY,DAY,MULTI,LIGHT,FINE,4,EMP
RBT,NSM,BTMO,WET,DUSK,SINGLE,LIGHT,RAIN,4,CARS TRUCKS
RAD,FRNT,BTMO,WET,DAY,SINGLE,LIGHT,RAIN,4,EMP
BSP,NSF,SSW,DRY,DAY,MULTI,LIGHT,FINE,1,ROA
BSP,REAR,SSW,DRY,NIGHT,SINGLE,NO,FINE,5,GEN
RAD,NSM,SSW,WET,DAY,SINGLE,NO,RAIN,5,OTH
XRD,FRNT,N2T,WET,DAY,MULTI,LIGHT,RAIN,1,ROA
RAD,NSF,TBO,SLIP,DUSK,MULTI,LIGHT,RAIN,1,CARS TRUCKS
BSP,NSR,SSW,WET,DAY,SINGLE,NO,RAIN,4,CARS TRUCKS
XRD,OSR,REVERSING,DRY,DAY,SINGLE,NO,FINE,4,CARS TRUCKS
RAD,NSF,SSW,WET,NIGHT,SINGLE,MODERATE,RAIN,0,CARS TRUCKS
TIN,NSM,SSW,DRY,DUSK,SINGLE,LIGHT,FINE,4,CARS TRUCKS
TIN,NSF,SSW,DRY,DAY,MULTI,LIGHT,FINE,4,CARS TRUCKS
RAD,OSR,SSW,WET,DAY,SINGLE,MODERATE,RAIN,4,EMP
RAD,NSM,SSW,WET,DAY,SINGLE,LIGHT,RAIN,4,CARS TRUCKS
BSP,OSR,TAI,WET,DAY,SINGLE,NO,RAIN,4,CARS TRUCKS
RAD,OSF,BTMO,DRY,DAY,SINGLE,NO,FINE,0,EMP
XRD,OSM,TBO,DRY,DAY,MULTI,LIGHT,FINE,1,ROA
RAD,FRNT,SSW,DRY,DAWN,SINGLE,NO,FINE,4,EMP
RAD,OSM,SSW,DRY,DAY,MULTI,LIGHT,FINE,1,GEN
XRD,NSM,BTMO,DRY,DAY,SINGLE,MODERATE,FINE,4,EMP
RBT,WSRE,SSW,DRY,DAY,SINGLE,NO,FINE,4,CARS TRUCKS
RAD,OSF,SSW,DRY,DAY,MULTI,LIGHT,FINE,0,BUS - OTHER
RAD,OSR,SSW,DRY,DAY,SINGLE,LIGHT,FINE,2,CARS TRUCKS
BSP,NSF,HON,DRY,DAY,SINGLE,NO,FINE,4,BUS - OTHER
RAD,NSM,SSW,WET,DAY,SINGLE,MODERATE,RAIN,4,EMP
RAD,NSR,SSW,DRY,DAY,BUS,NO,FINE,4,OTH
RAD,OSF,HON,DRY,DAY,SINGLE,NO,FINE,5,CARS TRUCKS
RAD,NSM,SSW,DRY,DAY,SINGLE,HEAVY,FINE,0,GEN
RAD,OSF,TBO,WET,NIGHT,SINGLE,LIGHT,RAIN,4,CARS TRUCKS
RAD,FRNT,SSW,WET,DAY,SINGLE,NO,FINE,0,OTH
XRD,NSR,SSW,DRY,DAY,MULTI,LIGHT,FINE,4,CARS TRUCKS
BSP,MIR,ROO,WET,DAY,SINGLE,NO,RAIN,4,EMP
DEPOT,OSR,TAI,DRY,DAY,MULTI,NO,FINE,4,EMP
RAD,NSR,TBO,DRY,DAY,SINGLE,LIGHT,FINE,1,GEN
DEPOT,FRNT,REVERSING,DRY,DAY,BUS,NO,FINE,1,BUS - OTHER
BSP,NSR,SSW,DRY,DUSK,SINGLE,NO,FINE,1,BUS - OTHER
RAD,FRNT,SSW,DRY,DAY,SINGLE,HEAVY,FINE,4,CARS TRUCKS
DEPOT,REAR,TAI,DRY,NIGHT,BUS,NO,FINE,4,BUS - OTHER
BSP,OSR,SSW,DRY,DAY,BUS,HEAVY,FINE,5,CARS TRUCKS
BSP,TOPF,HON,DRY,DAY,BUS,LIGHT,FINE,4,CARS TRUCKS
RAD,FRNT,BTMO,DRY,DAY,SINGLE,LIGHT,RAIN,0,OTH
XRD,NSM,SSW,WET,DAWN,MULTI,MODERATE,RAIN,1,CARS TRUCKS
BSP,NSR,SSW,WET,DAY,SINGLE,NO,RAIN,1,CARS TRUCKS
BSP,NSM,SSW,DRY,DUSK,SINGLE,LIGHT,FINE,5,CARS TRUCKS
RBT,TOPR,HON,DRY,DAY,SINGLE,LIGHT,FINE,4,BUS - OTHER
BSP,OSR,N2T,DRY,DAY,BUS,LIGHT,FINE,1,BUS - OTHER
RAD,FRNT,REVERSING,DRY,DUSK,SINGLE,LIGHT,FINE,1,CARS TRUCKS
RAD,NSR,SSW,DRY,DAY,SINGLE,LIGHT,FINE,5,GEN
RAD,NSM,SSW,WET,DAY,SINGLE,LIGHT,RAIN,1,ROA
RBT,NSR,TAI,DRY,DAY,MULTI,LIGHT,FINE,4,CARS TRUCKS
RAD,NSR,REVERSING,DRY,DAY,BUS,LIGHT,FINE,4,EMP
BSP,NSF,SSW,DRY,DAY,SINGLE,NO,FINE,0,GEN
BSP,OSF,TBO,DRY,DAY,SINGLE,MODERATE,FINE,5,GEN
RAD,WIN,SSW,DRY,DAY,SINGLE,LIGHT,FINE,4,BUS - OTHER
BSP,MIR,SSW,WET,DAWN,MULTI,LIGHT,RAIN,4,BUS - OTHER
RAD,TOPM,ROO,DRY,DAY,SINGLE,NO,FINE,4,CARS TRUCKS
BSP,MIR,SSW,WET,DUSK,BUS,LIGHT,RAIN,4,EMP
BSP,NSM,SSW,DRY,DAY,SINGLE,LIGHT,FINE,1,GEN
BSP,WIN,SSW,DRY,DAY,SINGLE,LIGHT,FINE,5,CARS TRUCKS
RAD,NSF,ROO,DRY,NIGHT,MULTI,MODERATE,FINE,4,BUS - OTHER
BSP,REAR,SSW,WET,DAY,SINGLE,LIGHT,FINE,4,BUS - OTHER
RAD,OSF,TBO,DRY,DAY,SINGLE,MODERATE,FINE,5,CARS TRUCKS
RAD,Small dent in f,SSW,DRY,DAY,SINGLE,LIGHT,FINE,1,EMP
RAD,FRNT,N2T,DRY,NIGHT,MULTI,MODERATE,FINE,4,EMP
XRD,OSF,TAI,DRY,DAY,MULTI,MODERATE,FINE,1,OTH
DEPOT,NSF,SSW,DRY,NIGHT,BUS,NO,FINE,4,BUS - OTHER
RAD,OSM,SSW,DRY,DAWN,MULTI,EXTREME,FINE,4,CARS TRUCKS
BSP,REAR,SSW,DRY,NIGHT,BUS,NO,FINE,1,CARS TRUCKS
RBT,NSF,BTMO,DRY,DAY,SINGLE,HEAVY,FINE,4,EMP
TIN,OSR,TAI,DRY,DAWN,BUS,HEAVY,FINE,4,EMP
XRD,WSRE,BTMO,WET,DAY,SINGLE,MODERATE,RAIN,4,EMP
BSP,OSR,SSW,DRY,DAY,MULTI,MODERATE,FINE,4,BUS - OTHER
BSP,NSR,TAI,WET,DAY,SINGLE,LIGHT,RAIN,4,EMP
BSP,NSM,SSW,DRY,DAY,BUS,LIGHT,FINE,4,BUS - OTHER
RAD,OSM,SSW,DRY,DAY,SINGLE,HEAVY,FINE,4,BUS - OTHER
RAD,NSR,SSW,DRY,DAY,SINGLE,LIGHT,FINE,1,OTH
TIN,OSR,REVERSING,DRY,DAY,SINGLE,NO,FINE,4,EMP
RAD,NSM,SSW,WET,NIGHT,SINGLE,NO,RAIN,4,EMP
RAD,NSM,SSW,DRY,DAY,BUS,LIGHT,FINE,0,OTH
RAD,OSF,SSW,DRY,DAY,BUS,NO,FINE,4,EMP
RAD,OSM,SSW,WET,DAY,MULTI,MODERATE,FINE,1,CARS TRUCKS
BSP,OSF,SSW,WET,DAY,SINGLE,HEAVY,RAIN,4,EMP
TIN,NSF,TBO,DRY,DAY,BUS,MODERATE,FINE,1,CARS TRUCKS
RAD,FRNT,N2T,WET,DUSK,SINGLE,MODERATE,RAIN,4,BUS - OTHER
BSP,FRNT,ROO,WET,NIGHT,BUS,NO,RAIN,4,ENV
BSP,NSR,SSW,DRY,DAWN,SINGLE,LIGHT,FINE,4,CARS TRUCKS
DEPOT,OSR,SSW,DRY,DAY,MULTI,NO,FINE,4,CARS TRUCKS
RAD,NSF,SSW,DRY,DAY,SINGLE,LIGHT,FINE,1,BUS - OTHER
RAD,REAR,N2T,DRY,DUSK,MULTI,LIGHT,FINE,1,CARS TRUCKS
RAD,FRNT,SSW,WET,DAY,MULTI,HEAVY,RAIN,0,CARS TRUCKS
RAD,NSM,SSW,DRY,DAY,MULTI,MODERATE,FINE,5,OTH
RAD,NSR,SSW,SLIP,DAY,MULTI,MODERATE,FINE,1,CARS TRUCKS
RAD,REAR,SSW,DRY,DAWN,SINGLE,MODERATE,FINE,4,EMP
XRD,FRNT,TBO,DRY,DAY,MULTI,MODERATE,FINE,4,CARS TRUCKS
BSP,OSR,SSW,DRY,DAWN,SINGLE,LIGHT,FINE,1,CARS TRUCKS
RAD,NSF,SSW,WET,DUSK,MULTI,HEAVY,RAIN,4,EMP
BSP,OSF,SSW,DRY,DAY,SINGLE,HEAVY,FINE,1,CARS TRUCKS
RAD,MIR,SSW,WET,DAY,SINGLE,HEAVY,RAIN,4,BUS - OTHER
XRD,FRNT,N2T,DRY,DAY,SINGLE,NO,FINE,1,GEN
BSP,NSR,SSW,DRY,DAY,BUS,NO,FINE,0,GEN
BSP,REAR,BTMO,WET,DAY,MULTI,MODERATE,RAIN,1,CARS TRUCKS
RAD,OSF,HON,DRY,DAY,MULTI,HEAVY,FINE,5,CARS TRUCKS
RAD,NSF,N2T,DRY,DAY,MULTI,MODERATE,FINE,1,CARS TRUCKS
XRD,FRNT,N2T,DRY,DAY,SINGLE,NO,FINE,1,CARS TRUCKS
RAD,NSF,HON,DRY,DAY,SINGLE,MODERATE,FINE,4,BUS - OTHER
RBT,NSM,SSW,WET,DUSK,MULTI,EXTREME,RAIN,4,EMP
BSP,MIR,HON,DRY,DAY,SINGLE,LIGHT,FINE,4,BUS - OTHER
RAD,FRNT,TBO,DRY,DAY,MULTI,LIGHT,FINE,4,BUS - OTHER
RAD,NSR,SSW,DRY,DAY,SINGLE,EXTREME,FINE,4,BUS - OTHER
RAD,MIR,SSW,DRY,DAY,MULTI,HEAVY,FINE,1,GEN
BSP,NSM,TBO,DRY,DAY,SINGLE,LIGHT,FINE,5,CARS TRUCKS
BSP,NSR,TAI,DRY,DAY,BUS,NO,SUN,4,EMP
RAD,NSR,TBO,DRY,DAWN,MULTI,LIGHT,FINE,4,BUS - OTHER
RAD,WIN,SSW,WET,DAY,SINGLE,NO,FINE,4,EMP
XRD,OSR,TAI,DRY,DAY,SINGLE,HEAVY,FINE,4,EMP
RAD,NSR,SSW,DRY,DAY,MULTI,LIGHT,FINE,0,GEN
BSP,NSR,SSW,DRY,DAWN,SINGLE,LIGHT,FINE,4,EMP
RBT,TOPR,SSW,DRY,DAY,SINGLE,NO,FINE,4,EMP
BSP,NSR,BTMO,DRY,DAY,SINGLE,MODERATE,FINE,4,BUS - OTHER
BSP,OSR,SSW,DRY,DAY,SINGLE,MODERATE,FINE,1,BUS - OTHER
RAD,OSF,SSW,DRY,DAY,SINGLE,LIGHT,FINE,0,EMP
RAD,OSR,BTMO,DRY,DAY,SINGLE,NO,FINE,4,OTH
BSP,MIR,HON,DRY,DAY,SINGLE,HEAVY,FINE,4,CARS TRUCKS
RAD,REAR,TAI,DRY,DAWN,SINGLE,LIGHT,FINE,4,EMP
TIN,NSM,SSW,WET,DAY,SINGLE,NO,SUN,4,EMP
BSP,NSF,SSW,DRY,DAY,MULTI,LIGHT,FINE,1,CARS TRUCKS
RAD,TOPR,SSW,DRY,DAY,SINGLE,LIGHT,FINE,1,EMP
RBT,WSRE,BTMO,WET,NIGHT,SINGLE,NO,RAIN,4,EMP
RAD,Pushed in rear ,SSW,DRY,DAY,SINGLE,LIGHT,FINE,3,EMP
RAD,FRNT,TBO,DRY,DAY,SINGLE,NO,FINE,4,CARS TRUCKS
BSP,FRNT,N2T,DRY,DAY,SINGLE,NO,FINE,1,EMP
RAD,NSR,BTMO,DRY,DAY,SINGLE,LIGHT,FINE,4,BUS - OTHER
DEPOT,MIR,SSW,DRY,DAY,BUS,NO,FINE,1,CARS TRUCKS
XRD,NSR,TAI,DRY,DAY,MULTI,HEAVY,FINE,4,CARS TRUCKS
RAD,REAR,REVERSING,DRY,DUSK,SINGLE,LIGHT,FINE,4,EMP
BSP,NSR,TBO,DRY,DAY,SINGLE,LIGHT,FINE,4,EMP
BSP,OSR,SSW,DRY,DAY,MULTI,HEAVY,FINE,1,OTH
RAD,OSR,SSW,DRY,DAY,SINGLE,LIGHT,FINE,1,BUS - OTHER
RAD,NSF,SSW,DRY,DAY,MULTI,MODERATE,FINE,1,BUS BRAKING
RAD,NSR,SSW,DRY,DUSK,MULTI,NO,FINE,4,EMP
RAD,OSM,SSW,WET,DUSK,SINGLE,EXTREME,RAIN,4,CARS TRUCKS
RAD,WSRE,SSW,DRY,DAY,MULTI,HEAVY,FINE,0,GEN
RBT,WSRE,BTMO,DRY,DAY,SINGLE,LIGHT,FINE,4,CARS TRUCKS
RAD,REAR,N2T,DRY,DAY,SINGLE,NO,FINE,4,CARS TRUCKS
RBT,NSR,SSW,DRY,NIGHT,SINGLE,MODERATE,FINE,4,BUS - OTHER
XRD,NSF,REVERSING,DRY,DAY,SINGLE,NO,FINE,4,EMP
RAD,MIR,HON,DRY,DAY,SINGLE,HEAVY,FINE,4,EMP
XRD,FRNT,SSW,DRY,DAY,MULTI,LIGHT,FINE,5,EMP
XRD,NSF,SSW,DRY,DAY,FREE,LIGHT,FINE,4,CARS TRUCKS
RAD,REAR BUMPER,SSW,DRY,DAY,SINGLE,LIGHT,FINE,1,EMP
BSP,NSR,TAI,DRY,DAY,SINGLE,HEAVY,FOG,4,EMP
RAD,OSF,HON,DRY,DAY,MULTI,MODERATE,FINE,1,ROA
TIN,NSM,SSW,DRY,DAY,SINGLE,MODERATE,FINE,1,CARS TRUCKS
XRD,FRNT,TBO,WET,DUSK,SINGLE,HEAVY,RAIN,1,CARS TRUCKS
BSP,MIR,HON,DRY,DAY,BUS,HEAVY,SUN,4,EMP
RAD,NSR,TAI,DRY,NIGHT,SINGLE,MODERATE,FINE,4,BUS - OTHER
BSP,FRNT,N2T,WET,DAY,MULTI,EXTREME,RAIN,1,CARS TRUCKS
RAD,OSM,SSW,DRY,DAWN,SINGLE,NO,FOG,4,EMP
RBT,MIR,SSW,DRY,DAY,SINGLE,LIGHT,FINE,4,CARS TRUCKS