location_code,damage_code,collision_code,road_code,light_code,road_type_code,traffic_code,weather_code,emp_liability_code,kpi_cause_code
RBT,MIR,SSW,DRY,DAY,MULTI,MODERATE,FINE,4,CARS TRUCKS
RAD,FRNT,SSW,WET,NIGHT,SINGLE,LIGHT,RAIN,5,EMP
RAD,OSR,SSW,DRY,DAY,MULTI,NO,FINE,4,EMP
RAD,Damage to Rear ,SSW,DRY,DAY,SINGLE,LIGHT,FINE,4,EMP
BSP,OSF,SSW,DRY,DAY,MULTI,HEAVY,SUN,4,EMP
RBT,OSR,TBO,DRY,DAY,SINGLE,MODERATE,FINE,1,ROA
BSP,NSR,SSW,DRY,DUSK,MULTI,LIGHT,FINE,4,EMP
BSP,MIR,SSW,DRY,DAY,MULTI,MODERATE,FINE,1,ROA
RAD,OSM,SSW,DRY,DAY,FREE,LIGHT,FINE,0,OTH
BSP,NSM,SSW,DRY,DAY,SINGLE,NO,SUN,4,EMP
TIN,WSRE,BTMO,DRY,NIGHT,SINGLE,NO,FINE,4,CARS TRUCKS
RAD,Broken N/S mirr,SSW,DRY,DAY,SINGLE,LIGHT,FINE,4,EMP
RAD,NSM,N2T,DRY,DAY,SINGLE,HEAVY,FINE,4,EMP
RAD,OSF,HON,DRY,DAY,SINGLE,NO,FINE,4,EMP
RAD,NSR,TAI,WET,DAY,SINGLE,HEAVY,RAIN,4,CARS TRUCKS
RAD,OSM,BTMO,WET,DAY,MULTI,LIGHT,RAIN,4,EMP
RAD,NSF,SSW,SLIP,DAY,SINGLE,NO,RAIN,4,EMP
RAD,OSR,SSW,DRY,DAWN,SINGLE,HEAVY,FINE,4,CARS TRUCKS
RAD,OSF,SSW,DRY,DAY,SINGLE,HEAVY,FINE,1,GEN
BSP,NSR,BTMO,WET,NIGHT,SINGLE,LIGHT,RAIN,4,CARS TRUCKS
RAD,NSF,SSW,WET,NIGHT,SINGLE,LIGHT,RAIN,4,CARS TRUCKS
RAD,NSR,SSW,DRY,NIGHT,MULTI,NO,FINE,0,GEN
RAD,FRNT,HON,WET,DUSK,SINGLE,MODERATE,RAIN,1,GEN
BSP,OSM,SSW,DRY,DAY,MULTI,NO,FINE,1,EMP
RAD,FRNT,HON,DRY,DAWN,SINGLE,NO,FOG,4,EMP
RAD,OSF,SSW,DRY,DUSK,MULTI,NO,FINE,4,EMP
BSP,OSR,N2T,DRY,DAWN,MULTI,HEAVY,FINE,1,EMP
BSP,OSR,BTMO,DRY,NIGHT,SINGLE,NO,FOG,4,EMP
RAD,REAR,SSW,DRY,DAY,SINGLE,NO,FINE,0,OTH
RAD,NSM,SSW,DRY,DUSK,MULTI,HEAVY,FINE,1,CARS TRUCKS
RAD,NSM,SSW,WET,NIGHT,SINGLE,LIGHT,RAIN,4,EMP
XRD,OSR,TAI,DRY,DAY,SINGLE,LIGHT,FINE,1,EMP
BSP,NSM,SSW,WET,NIGHT,MULTI,LIGHT,RAIN,1,EMP
RAD,Broken rear win,SSW,DRY,DAY,SINGLE,LIGHT,FINE,3,EMP
RAD,NSF,BTMO,DRY,DAY,SINGLE,NO,FINE,4,EMP
RAD,MIR,SSW,DRY,DAY,MULTI,LIGHT,FINE,2,BUS - OTHER
RAD,OSM,TBO,WET,DAY,SINGLE,HEAVY,FINE,4,EMP
RAD,OSR,BTMO,DRY,NIGHT,MULTI,NO,FINE,4,BUS - OTHER
RAD,WSRE,HON,DRY,DAY,FREE,HEAVY,FINE,0,OTH
RAD,NSR,SSW,DRY,DUSK,SINGLE,LIGHT,FINE,1,CARS TRUCKS
RAD,NSR,SSW,DRY,NIGHT,SINGLE,MODERATE,FINE,4,BUS - OTHER
BSP,NSF,SSW,DRY,DAY,SINGLE,LIGHT,FINE,0,BUS - OTHER
BSP,NSR,SSW,DRY,DAY,SINGLE,HEAVY,SUN,4,EMP
RAD,NSR,REVERSING,DRY,DAY,SINGLE,LIGHT,FINE,1,EMP
BSP,NSR,TBO,DRY,DAY,SINGLE,LIGHT,SUN,4,EMP
XRD,OSR,TAI,WET,DAY,SINGLE,MODERATE,RAIN,4,CARS TRUCKS
RAD,NSR,REVERSING,DRY,DAWN,BUS,NO,FINE,4,EMP
RAD,FRNT,SSW,DRY,DAWN,MULTI,LIGHT,FOG,4,EMP
RBT,OSR,SSW,DRY,DAWN,MULTI,MODERATE,FINE,5,CARS TRUCKS
XRD,OSF,SSW,DRY,DAY,MULTI,MODERATE,FINE,1,ROA
RAD,MIR,SSW,DRY,DUSK,MULTI,HEAVY,FINE,4,CARS TRUCKS
RAD,FRNT,SSW,WET,DAY,SINGLE,HEAVY,RAIN,1,EMP
RAD,OSR,SSW,DRY,DUSK,SINGLE,LIGHT,FINE,0,EMP
RAD,OSF,BTMO,WET,NIGHT,SINGLE,NO,RAIN,4,EMP
XRD,OSR,SSW,DRY,DAY,SINGLE,HEAVY,FINE,4,BUS - OTHER
BSP,NSR,SSW,WET,NIGHT,SINGLE,LIGHT,RAIN,4,EMP
RAD,REAR,N2T,DRY,NIGHT,SINGLE,LIGHT,FINE,1,ROA
RAD,OSR,REVERSING,DRY,DAY,MULTI,NO,FINE,4,BUS - OTHER
TIN,NSR,TBO,DRY,DAWN,MULTI,LIGHT,FINE,1,CARS TRUCKS
TIN,FRNT,N2T,DRY,DAY,SINGLE,HEAVY,FOG,4,BUS BRAKING
BSP,MIR,SSW,DRY,DAWN,SINGLE,NO,FINE,4,BUS - OTHER
BSP,OSM,SSW,DRY,DAY,SINGLE,MODERATE,FINE,4,EMP
RAD,hole in sump & ,SSW,DRY,DAY,SINGLE,LIGHT,FINE,3,EMP
RBT,OSF,SSW,WET,NIGHT,SINGLE,LIGHT,RAIN,4,EMP
RAD,NSR,SSW,DRY,NIGHT,MULTI,LIGHT,FINE,4,BUS - OTHER
RBT,WSRE,BTMO,WET,DAY,SINGLE,LIGHT,FINE,4,EMP
XRD,NSR,TAI,WET,DAY,SINGLE,HEAVY,RAIN,4,CARS TRUCKS
RAD,NSR,BTMO,DRY,DAY,MULTI,HEAVY,FINE,4,EMP
DEPOT,OSR,TAI,DRY,NIGHT,MULTI,NO,FINE,4,EMP
RAD,NSF,SSW,WET,DUSK,SINGLE,LIGHT,FINE,0,GEN
XRD,NSM,SSW,DRY,DAY,MULTI,NO,FINE,1,CARS TRUCKS
BSP,NSF,SSW,DRY,DAY,MULTI,HEAVY,SUN,4,EMP
TIN,OSR,SSW,WET,DAY,MULTI,LIGHT,RAIN,1,ROA
RAD,FRNT,N2T,DRY,DAY,SINGLE,LIGHT,FINE,4,OTH
DEPOT,FRNT,HON,DRY,DAY,SINGLE,LIGHT,FINE,0,EMP
RAD,OSF,HON,DRY,NIGHT,SINGLE,LIGHT,FINE,1,CARS TRUCKS
XRD,NSR,SSW,WET,DAY,SINGLE,NO,FINE,4,EMP
RAD,OSR,HON,DRY,DAY,SINGLE,MODERATE,FINE,1,CARS TRUCKS
RAD,None to bus,SSW,DRY,DAY,SINGLE,LIGHT,FINE,3,EMP
RAD,OSM,SSW,DRY,DAY,MULTI,NO,FINE,0,OTH
RAD,NSR,SSW,WET,DAY,MULTI,LIGHT,RAIN,1,ROA
XRD,NSM,BTMO,DRY,NIGHT,MULTI,LIGHT,FINE,4,OTH
RAD,OSR,REVERSING,DRY,DAY,SINGLE,NO,FINE,1,OTH
RAD,NSF,N2T,DRY,NIGHT,MULTI,LIGHT,FINE,4,EMP
XRD,OSF,SSW,WET,DAY,SINGLE,HEAVY,RAIN,4,CARS TRUCKS
RBT,NSF,HON,DRY,NIGHT,SINGLE,NO,FINE,4,EMP
RAD,REAR,BTMO,SLIP,DAY,SINGLE,MODERATE,FINE,0,EMP
RAD,FRNT,TBO,DRY,STREET,SINGLE,LIGHT,FINE,4,EMP
RBT,OSR,SSW,DRY,DAY,SINGLE,LIGHT,SUN,4,EMP
RAD,NSR,SSW,DRY,NIGHT,SINGLE,LIGHT,FINE,6,OTH
RBT,FRNT,SSW,SLIP,DAY,SINGLE,LIGHT,FINE,4,CARS TRUCKS
RBT,FRNT,SSW,DRY,DAY,SINGLE,NO,FINE,1,EMP
XRD,OSR,SSW,DRY,NIGHT,SINGLE,LIGHT,FINE,4,EMP
RAD,NSF,SSW,DRY,DUSK,BUS,LIGHT,FINE,4,EMP
BSP,NSF,BTMO,DRY,NIGHT,MULTI,LIGHT,FINE,0,EMP
RAD,NSR,BTMO,DRY,DAY,MULTI,NO,FINE,4,EMP
RAD,OSM,SSW,WET,DAY,MULTI,LIGHT,FOG,4,EMP
BSP,NSR,SSW,WET,DAY,SINGLE,MODERATE,RAIN,4,BUS - OTHER
RAD,NSM,BTMO,WET,DAY,SINGLE,NO,RAIN,0,CARS TRUCKS
BSP,OSR,SSW,DRY,DAY,SINGLE,MODERATE,SUN,4,EMP
RAD,NSM,SSW,DRY,DAWN,SINGLE,HEAVY,FINE,1,CARS TRUCKS
RAD,NSF,HON,DRY,NIGHT,MULTI,MODERATE,FINE,4,EMP
RAD,OSF,N2T,DRY,NIGHT,SINGLE,LIGHT,RAIN,4,EMP
RBT,NSR,SSW,DRY,NIGHT,MULTI,LIGHT,FINE,1,EMP
DEPOT,NSR,BTMO,DRY,DAY,SINGLE,NO,FINE,4,CARS TRUCKS
XRD,OSR,SSW,SLIP,DAY,MULTI,NO,FINE,1,EMP
BSP,NSF,HON,WET,DAY,SINGLE,MODERATE,RAIN,4,EMP
TIN,NSR,TAI,DRY,DUSK,SINGLE,LIGHT,SUN,4,EMP
XRD,WIN,SSW,DRY,DAY,SINGLE,NO,FINE,0,EMP
RAD,NSR,REVERSING,DRY,DAY,MULTI,MODERATE,FINE,1,ROA
RAD,FRNT,BTMO,WET,DAY,SINGLE,NO,RAIN,4,EMP
RAD,NSR,SSW,WET,DAY,SINGLE,HEAVY,RAIN,4,BUS - OTHER
XRD,NSF,HON,DRY,DAY,SINGLE,LIGHT,FINE,4,EMP
TIN,NSM,SSW,WET,DAY,SINGLE,MODERATE,RAIN,4,EMP
TIN,REAR,N2T,DRY,DAY,SINGLE,LIGHT,FINE,4,CARS TRUCKS
RAD,NSF,SSW,WET,DAWN,SINGLE,LIGHT,FINE,0,CARS TRUCKS
RAD,NSF,SSW,DRY,NIGHT,MULTI,LIGHT,FINE,0,OTH
RAD,NSF,SSW,DRY,NIGHT,SINGLE,LIGHT,FINE,1,ROA
RAD,FRNT,BTMO,DRY,DUSK,SINGLE,LIGHT,FINE,0,OTH
BSP,OSF,SSW,WET,DAY,BUS,LIGHT,FINE,4,EMP
RAD,NSF,SSW,DRY,DAY,SINGLE,EXTREME,FINE,5,CARS TRUCKS
RAD,FRNT,SSW,DRY,NIGHT,MULTI,LIGHT,FINE,0,GEN
RAD,OSM,SSW,WET,DAWN,SINGLE,NO,FINE,4,EMP
RAD,WSRE,HON,SLIP,DAY,SINGLE,LIGHT,RAIN,0,ENV
BSP,NSM,SSW,DRY,NIGHT,MULTI,LIGHT,FINE,4,EMP
RAD,FRNT,SSW,WET,DUSK,SINGLE,LIGHT,RAIN,1,EMP
RAD,REAR,N2T,DRY,NIGHT,FREE,LIGHT,FINE,1,CARS TRUCKS
RAD,WSRE,BTMO,DRY,DAY,SINGLE,NO,FINE,4,BUS BRAKING
BSP,REAR,TAI,DRY,DAY,BUS,LIGHT,FINE,4,EMP
TIN,FRNT,HON,WET,DAY,SINGLE,LIGHT,RAIN,4,EMP
RAD,OSF,SSW,DRY,DAY,MULTI,NO,FINE,4,EMP
RAD,NSR,N2T,DRY,DAY,MULTI,MODERATE,FINE,4,EMP
RAD,NSF,SSW,WET,DAWN,SINGLE,LIGHT,RAIN,5,CARS TRUCKS
RAD,NSM,SSW,DRY,DAY,SINGLE,HEAVY,RAIN,4,EMP
RAD,NSR,SSW,DRY,DAY,MULTI,MODERATE,FINE,0,OTH
XRD,NSR,TBO,DRY,DAY,MULTI,HEAVY,FINE,4,CARS TRUCKS
RAD,OSR,TAI,DRY,DAY,MULTI,MODERATE,FINE,1,CARS TRUCKS
BSP,REAR,SSW,DRY,DAY,BUS,LIGHT,FINE,1,CARS TRUCKS
BSP,MIR,SSW,DRY,DAY,BUS,HEAVY,FINE,1,GEN
BSP,NSF,SSW,DRY,DAWN,SINGLE,NO,FOG,4,EMP
RAD,OSR,TAI,DRY,DAY,BUS,HEAVY,FINE,4,EMP
TIN,NSR,TAI,DRY,DAY,SINGLE,HEAVY,FINE,4,EMP
RAD,NSR,HON,DRY,DAY,MULTI,HEAVY,FINE,1,EMP
RAD,OSM,SSW,DRY,DAY,BUS,HEAVY,FINE,4,EMP
RAD,OSM,HON,WET,DAY,SINGLE,LIGHT,RAIN,1,CARS TRUCKS
XRD,REAR,SSW,DRY,NIGHT,MULTI,HEAVY,FINE,4,BUS - OTHER
RAD,FRNT,REVERSING,DRY,DAY,MULTI,EXTREME,FINE,5,CARS TRUCKS
RAD,OSF,SSW,DRY,DAY,MULTI,NO,FINE,5,CARS TRUCKS
RAD,NSR,SSW,DRY,DAWN,SINGLE,MODERATE,FINE,1,EMP
BSP,MIR,SSW,DRY,DAY,SINGLE,NO,FINE,4,BUS - OTHER
RAD,NSR,SSW,DRY,DAY,SINGLE,LIGHT,FINE,2,BUS BRAKING
BSP,NSR,TAI,WET,DAY,SINGLE,NO,FINE,4,EMP
TIN,OSM,SSW,DRY,DAY,MULTI,MODERATE,FINE,5,CARS TRUCKS
RAD,NSM,SSW,DRY,DAY,SINGLE,NO,FINE,1,EMP
RAD,NSR,TAI,SLIP,DAY,SINGLE,NO,FOG,4,EMP
BSP,NSF,SSW,DRY,DAY,BUS,NO,FOG,4,EMP
RAD,OSR,TAI,DRY,DAY,SINGLE,NO,FINE,4,BUS - OTHER
RBT,NSF,TBO,DRY,DAY,MULTI,LIGHT,FINE,1,ROA
TIN,WIN,SSW,DRY,DAY,MULTI,HEAVY,FINE,1,EMP
RAD,FRNT,REVERSING,DRY,DAY,SINGLE,LIGHT,FINE,4,EMP
XRD,OSF,SSW,SLIP,DAY,SINGLE,LIGHT,RAIN,4,EMP
XRD,WSRE,SSW,DRY,DAY,SINGLE,LIGHT,FINE,3,EMP
RBT,OSR,BTMO,DRY,DAY,SINGLE,NO,FINE,4,CARS TRUCKS
RAD,R/H/S park ligh,SSW,DRY,DAY,SINGLE,LIGHT,FINE,4,EMP
BSP,NSF,HON,DRY,DAY,SINGLE,MODERATE,FINE,3,EMP
TIN,NSM,SSW,DRY,DAY,SINGLE,MODERATE,FINE,1,ROA
RAD,MIR,SSW,WET,NIGHT,MULTI,LIGHT,RAIN,1,EMP
BSP,REAR,N2T,SLIP,DAY,SINGLE,HEAVY,RAIN,4,EMP
RAD,NSR,SSW,DRY,DAY,SINGLE,MODERATE,FINE,3,EMP
BSP,OSF,N2T,DRY,DUSK,SINGLE,NO,FINE,4,EMP
TIN,OSM,SSW,DRY,DUSK,MULTI,HEAVY,FINE,4,EMP
BSP,OSM,SSW,DRY,DAY,SINGLE,HEAVY,FINE,4,CARS TRUCKS
BSP,OSR,N2T,DRY,DAY,SINGLE,LIGHT,FINE,3,EMP
RAD,NSR,N2T,WET,DAY,SINGLE,MODERATE,RAIN,1,EMP
BSP,NSR,TAI,DRY,DAY,SINGLE,NO,FINE,4,CARS TRUCKS
RAD,OSF,SSW,WET,NIGHT,SINGLE,LIGHT,RAIN,4,EMP
RAD,NSF,TBO,DRY,DAY,SINGLE,LIGHT,FINE,4,EMP
RAD,WSRE,SSW,WET,DAY,SINGLE,NO,RAIN,0,ENV
RAD,FRNT,ROO,DRY,DAY,SINGLE,LIGHT,FINE,0,CARS TRUCKS
RAD,FRNT,TBO,DRY,DAWN,SINGLE,NO,FINE,0,EMP
RBT,NSM,SSW,DRY,DAY,MULTI,HEAVY,FINE,1,ROA
BSP,WIN,SSW,DRY,NIGHT,SINGLE,NO,FINE,5,EMP
BSP,TOPM,HON,DRY,DAY,SINGLE,MODERATE,FINE,4,EMP
RAD,OSM,SSW,DRY,NIGHT,SINGLE,LIGHT,FINE,4,EMP
RAD,NSF,HON,DRY,DAWN,SINGLE,LIGHT,FINE,4,EMP
DEPOT,NSR,SSW,DRY,DAY,MULTI,MODERATE,FINE,5,ROA
BSP,NSR,SSW,DRY,DUSK,BUS,HEAVY,FINE,5,EMP
RAD,REAR,HON,DRY,DAY,SINGLE,LIGHT,FINE,4,EMP
RAD,OSR,HON,DRY,DAY,MULTI,HEAVY,FINE,4,EMP
RAD,NSM,SSW,WET,DAY,MULTI,LIGHT,RAIN,5,EMP
RAD,OSF,N2T,DRY,DAY,SINGLE,NO,FINE,4,CARS TRUCKS
RBT,WSRE,SSW,SLIP,DAY,SINGLE,MODERATE,RAIN,1,EMP
TIN,REAR,TAI,DRY,DAY,MULTI,HEAVY,FINE,5,EMP
BSP,REAR,BTMO,DRY,DAY,MULTI,MODERATE,FINE,1,EMP
RAD,NSR,HON,DRY,DAY,SINGLE,NO,FINE,1,EMP
RAD,NSF,SSW,DRY,DAY,MULTI,HEAVY,FINE,5,EMP
RAD,OSM,HON,DRY,DAY,SINGLE,LIGHT,FINE,4,EMP
RAD,NSF,REVERSING,DRY,DAY,SINGLE,LIGHT,FINE,4,EMP
XRD,NSR,BTMO,DRY,DAY,SINGLE,LIGHT,FINE,4,EMP
RBT,NSM,BTMO,DRY,NIGHT,SINGLE,LIGHT,FINE,4,EMP
XRD,FRNT,N2T,DRY,DAY,MULTI,MODERATE,FINE,1,CARS TRUCKS
BSP,OSF,HON,WET,DAWN,MULTI,LIGHT,RAIN,3,EMP
TIN,NSR,TAI,WET,DAY,SINGLE,MODERATE,RAIN,4,EMP
RAD,OSF,HON,WET,DAY,SINGLE,LIGHT,RAIN,4,BUS - OTHER
RBT,OSR,SSW,DRY,DAY,SINGLE,NO,FINE,4,BUS - OTHER
BSP,REAR,REVERSING,DRY,DAY,MULTI,NO,FINE,4,EMP
RAD,FRNT,HON,DRY,DAY,SINGLE,LIGHT,FINE,5,CYC
TIN,OSF,SSW,DRY,DAY,MULTI,MODERATE,FINE,1,CARS TRUCKS
RAD,OSF,HON,DRY,DAY,SINGLE,LIGHT,FINE,1,ROA
XRD,NSF,HON,DRY,DAY,SINGLE,NO,FINE,4,EMP
BSP,WSRE,SSW,DRY,NIGHT,MULTI,LIGHT,FINE,1,EMP
RAD,TOPF,SSW,DRY,STREET,SINGLE,NO,FINE,4,EMP
RAD,OSM,SSW,SLIP,DAY,SINGLE,LIGHT,RAIN,4,EMP
RAD,NSR,SSW,DRY,DAY,SINGLE,EXTREME,SUN,3,EMP
RAD,OSF,SSW,WET,STREET,MULTI,LIGHT,RAIN,1,EMP
RAD,WIN,SSW,DRY,DAY,SINGLE,MODERATE,FINE,1,EMP
RAD,WSRE,SSW,DRY,DAY,MULTI,MODERATE,FINE,1,EMP
RAD,OSF,SSW,WET,DAY,SINGLE,LIGHT,RAIN,1,EMP
BSP,MIR,SSW,DRY,DAY,MULTI,EXTREME,SUN,4,EMP
RAD,OSF,SSW,DRY,DUSK,BUS,MODERATE,FINE,1,EMP
TIN,OSR,SSW,WET,DAY,MULTI,HEAVY,RAIN,1,EMP
RAD,OSR,SSW,WET,DUSK,SINGLE,NO,RAIN,4,EMP
RAD,NSM,SSW,WET,DAY,SINGLE,EXTREME,RAIN,4,EMP
RAD,WSRE,SSW,DRY,DAY,BUS,NO,FINE,1,EMP
RAD,OSR,SSW,DRY,DAWN,SINGLE,LIGHT,FINE,1,EMP
TIN,FRNT,N2T,DRY,DAY,SINGLE,HEAVY,SUN,4,EMP
RAD,NSR,SSW,WET,DAY,SINGLE,LIGHT,FINE,4,EMP
RAD,FRNT,HON,SLIP,NIGHT,SINGLE,NO,FOG,1,EMP
BSP,NSR,SSW,WET,DAY,MULTI,MODERATE,RAIN,4,EMP
RAD,NSF,SSW,WET,DAY,SINGLE,LIGHT,FINE,1,EMP
BSP,NSF,N2T,WET,DAY,BUS,MODERATE,RAIN,1,EMP
RAD,NSF,HON,DRY,DAY,SINGLE,HEAVY,FINE,4,EMP
RBT,NSF,SSW,DRY,DAY,MULTI,MODERATE,FINE,4,EMP
RAD,OSR,SSW,WET,DAY,SINGLE,HEAVY,RAIN,4,EMP
RAD,NSR,SSW,DRY,DAY,SINGLE,EXTREME,SUN,4,EMP
TIN,OSR,SSW,WET,DAY,SINGLE,HEAVY,FINE,4,EMP
XRD,OSR,SSW,WET,STREET,MULTI,MODERATE,RAIN,4,EMP
XRD,FRNT,N2T,SLIP,NIGHT,SINGLE,LIGHT,RAIN,4,EMP
RAD,OSF,SSW,DRY,DAY,SINGLE,NO,FINE,3,EMP
BSP,REAR,N2T,DRY,DAY,BUS,NO,FINE,1,EMP
RAD,NSR,SSW,WET,DUSK,SINGLE,NO,RAIN,4,EMP
RAD,MIR,SSW,WET,DAY,SINGLE,NO,ICE,4,EMP
RBT,OSF,SSW,DRY,DAY,SINGLE,LIGHT,FINE,3,EMP
BSP,OSR,SSW,WET,DAY,BUS,LIGHT,RAIN,1,EMP
RBT,WIN,SSW,WET,NIGHT,SINGLE,NO,RAIN,3,EMP
RBT,NSR,SSW,DRY,DAY,SINGLE,MODERATE,FINE,1,EMP
RBT,WIN,SSW,DRY,DAY,SINGLE,LIGHT,FINE,1,EMP
BSP,OSR,N2T,WET,DAY,SINGLE,LIGHT,FINE,1,EMP
TIN,NSF,SSW,SLIP,DAY,MULTI,LIGHT,RAIN,1,EMP
RAD,NSR,SSW,WET,DAY,SINGLE,HEAVY,RAIN,3,EMP
RAD,WIN,SSW,DRY,DAY,MULTI,LIGHT,FINE,3,EMP
BSP,FRNT,SSW,DRY,DAY,BUS,NO,FINE,3,EMP
RAD,NSF,SSW,DRY,DAWN,SINGLE,LIGHT,FINE,3,EMP
RAD,WSRE,SSW,WET,DAY,MULTI,LIGHT,RAIN,0,EMP
RBT,MIR,SSW,DRY,DAY,MULTI,LIGHT,FINE,4,EMP
RAD,WIN,SSW,DRY,NIGHT,SINGLE,LIGHT,FINE,1,EMP
RAD,NSM,SSW,DRY,DAY,SINGLE,EXTREME,FINE,3,EMP
RAD,OSM,TBO,WET,DAY,SINGLE,HEAVY,RAIN,3,EMP
XRD,MIR,SSW,WET,NIGHT,MULTI,MODERATE,RAIN,3,EMP
BSP,OSR,SSW,WET,DAY,BUS,LIGHT,RAIN,4,EMP
BSP,TOPF,SSW,DRY,NIGHT,SINGLE,LIGHT,FINE,4,EMP
RAD,OSF,N2T,DRY,DAY,SINGLE,NO,FINE,4,EMP
RAD,NSM,SSW,SLIP,STREET,SINGLE,NO,RAIN,3,EMP
XRD,NSM,SSW,DRY,NIGHT,SINGLE,LIGHT,FINE,3,EMP
BSP,REAR,SSW,WET,DAY,SINGLE,LIGHT,RAIN,4,EMP
RAD,OSF,SSW,SLIP,DAY,MULTI,MODERATE,RAIN,1,EMP
XRD,OSR,SSW,DRY,DUSK,SINGLE,HEAVY,FINE,4,EMP
RAD,OSR,SSW,DRY,STREET,SINGLE,LIGHT,FINE,4,EMP
BSP,WIN,SSW,DRY,NIGHT,MULTI,NO,FINE,4,EMP
XRD,NSF,N2T,DRY,DAY,SINGLE,LIGHT,FINE,4,EMP
TIN,OSF,SSW,DRY,DAY,MULTI,HEAVY,FINE,1,EMP
TIN,OSM,SSW,SLIP,DAY,SINGLE,MODERATE,RAIN,4,EMP
BSP,REAR,N2T,WET,DAY,SINGLE,MODERATE,RAIN,1,EMP
BSP,OSR,SSW,DRY,DAY,MULTI,MODERATE,FINE,3,EMP
TIN,OSM,SSW,DRY,NIGHT,MULTI,LIGHT,FINE,4,EMP
RAD,OSR,N2T,DRY,DAY,SINGLE,HEAVY,FINE,1,EMP
RBT,WSRE,SSW,WET,NIGHT,SINGLE,LIGHT,RAIN,4,EMP
BSP,REAR,SSW,DRY,DAY,MULTI,NO,FINE,1,EMP
XRD,REAR,SSW,DRY,DAY,SINGLE,LIGHT,FINE,1,EMP
BSP,OSR,SSW,WET,NIGHT,MULTI,LIGHT,RAIN,4,EMP
RAD,NSF,SSW,SLIP,DAY,BUS,MODERATE,RAIN,4,EMP
TIN,OSR,SSW,WET,DUSK,SINGLE,MODERATE,FINE,4,EMP
BSP,REAR,N2T,WET,DAY,MULTI,LIGHT,RAIN,1,EMP
TIN,NSM,SSW,DRY,STREET,SINGLE,LIGHT,FINE,4,EMP
BSP,REAR,SSW,DRY,DAY,SINGLE,MODERATE,FINE,4,EMP
RAD,NSR,SSW,DRY,DAY,SINGLE,LIGHT,FOG,4,EMP
RAD,OSR,SSW,DRY,DAY,BUS,LIGHT,SUN,1,EMP
RBT,REAR,SSW,DRY,NIGHT,MULTI,MODERATE,FINE,4,EMP
TIN,NSF,HON,DRY,DAY,SINGLE,NO,FINE,4,EMP
XRD,REAR,HON,WET,DAY,SINGLE,LIGHT,FOG,1,EMP
TIN,NSF,HON,DRY,DAY,MULTI,HEAVY,FINE,1,EMP
RAD,NSM,SSW,WET,DAY,SINGLE,LIGHT,FINE,3,EMP
BSP,OSR,SSW,DRY,NIGHT,MULTI,HEAVY,FINE,4,EMP
BSP,OSR,SSW,DRY,NIGHT,BUS,NO,FINE,1,EMP
XRD,OSF,TBO,DRY,DUSK,SINGLE,MODERATE,FINE,4,EMP
TIN,REAR,SSW,DRY,DAY,SINGLE,LIGHT,FINE,1,EMP
RBT,MIR,SSW,DRY,DUSK,SINGLE,LIGHT,FINE,3,EMP
TIN,REAR,N2T,DRY,DAY,SINGLE,LIGHT,FINE,4,EMP
RAD,OSR,SSW,WET,DUSK,MULTI,HEAVY,RAIN,1,EMP
BSP,NSR,SSW,WET,NIGHT,SINGLE,LIGHT,RAIN,1,EMP
RAD,WIN,SSW,DRY,NIGHT,SINGLE,NO,FINE,4,EMP
BSP,NSM,SSW,DRY,DAY,BUS,HEAVY,SUN,4,EMP
TIN,NSF,SSW,WET,NIGHT,SINGLE,NO,RAIN,4,EMP
XRD,OSR,SSW,DRY,DAY,SINGLE,LIGHT,FINE,3,EMP
RAD,NSF,SSW,DRY,DAY,FREE,HEAVY,FINE,4,EMP
TIN,NSF,SSW,SLIP,DUSK,SINGLE,NO,FINE,4,EMP
RAD,OSF,N2T,DRY,DAY,MULTI,LIGHT,FINE,1,EMP
RAD,NSF,N2T,SLIP,DAY,BUS,LIGHT,RAIN,4,EMP
RAD,OSF,SSW,WET,DAY,BUS,HEAVY,RAIN,1,EMP
RAD,OSF,SSW,WET,NIGHT,SINGLE,NO,RAIN,4,EMP
BSP,REAR,SSW,DRY,NIGHT,MULTI,MODERATE,FINE,1,EMP
RAD,TOPR,HON,DRY,DAY,SINGLE,LIGHT,FINE,4,EMP
TIN,OSF,SSW,DRY,DAY,BUS,LIGHT,FINE,1,EMP
RAD,NSR,SSW,WET,NIGHT,SINGLE,HEAVY,RAIN,4,EMP
RAD,OSR,SSW,DRY,DAY,MULTI,LIGHT,FINE,3,EMP
RAD,OSR,SSW,DRY,DAY,BUS,LIGHT,FINE,1,EMP
TIN,OSM,SSW,DRY,NIGHT,SINGLE,NO,FINE,1,EMP
XRD,OSR,SSW,WET,DUSK,SINGLE,HEAVY,RAIN,4,EMP
XRD,NSR,SSW,DRY,DAWN,SINGLE,HEAVY,FINE,4,EMP
BSP,NSF,HON,WET,DUSK,SINGLE,NO,RAIN,4,EMP
RBT,NSR,SSW,DRY,DUSK,SINGLE,LIGHT,FINE,4,EMP