location_code,damage_code,collision_code,road_code,light_code,road_type_code,traffic_code,weather_code,emp_liability_code,kpi_cause_code
XRD,WIN,SSW,DRY,DAY,SINGLE,LIGHT,FINE,4,EMP
RAD,OSM,SSW,DRY,DUSK,SINGLE,NO,FINE,1,EMP
BSP,NSR,SSW,WET,DUSK,SINGLE,LIGHT,RAIN,4,EMP
RBT,NSM,SSW,WET,DAY,SINGLE,LIGHT,RAIN,3,EMP
BSP,NSF,HON,DRY,DUSK,SINGLE,NO,FINE,4,EMP
BSP,REAR,SSW,WET,NIGHT,SINGLE,LIGHT,RAIN,1,EMP
RAD,WSRE,SSW,WET,NIGHT,MULTI,LIGHT,RAIN,1,EMP
RAD,NSF,SSW,DRY,NIGHT,MULTI,MODERATE,FINE,1,EMP
TIN,FRNT,SSW,DRY,DAY,BUS,LIGHT,FINE,1,EMP
TIN,OSM,SSW,WET,DAY,MULTI,LIGHT,RAIN,4,EMP
BSP,FRNT,SSW,DRY,DAY,BUS,MODERATE,FINE,1,EMP
RAD,NSF,SSW,DRY,DAWN,BUS,LIGHT,FINE,1,EMP
RAD,NSF,SSW,DRY,DAWN,SINGLE,MODERATE,FINE,4,EMP
RAD,NSM,TBO,SLIP,DUSK,SINGLE,MODERATE,FINE,1,EMP
RAD,MIR,SSW,DRY,DAY,BUS,MODERATE,FINE,4,EMP
RBT,WIN,SSW,DRY,DAY,SINGLE,LIGHT,FINE,3,EMP
BSP,FRNT,SSW,WET,NIGHT,SINGLE,LIGHT,RAIN,4,EMP
RBT,OSR,SSW,DRY,DAY,MULTI,MODERATE,FINE,1,EMP
TIN,NSM,SSW,DRY,DAY,SINGLE,NO,FINE,1,EMP
RAD,REAR,N2T,DRY,NIGHT,SINGLE,LIGHT,FINE,4,EMP
RAD,OSR,SSW,WET,DUSK,SINGLE,MODERATE,RAIN,4,EMP
RAD,FRNT,SSW,DRY,NIGHT,SINGLE,NO,FINE,4,EMP
RAD,REAR,SSW,SLIP,DAY,SINGLE,NO,SUN,4,EMP
TIN,REAR,N2T,DRY,DAWN,BUS,LIGHT,FINE,1,EMP
TIN,FRNT,SSW,WET,DAWN,SINGLE,NO,RAIN,4,EMP
RAD,WSRE,SSW,WET,NIGHT,SINGLE,MODERATE,RAIN,1,EMP
XRD,NSR,SSW,WET,NIGHT,SINGLE,NO,RAIN,1,EMP
RAD,FRNT,N2T,SLIP,DAY,SINGLE,LIGHT,RAIN,4,EMP
RAD,TOPR,N2T,DRY,DAY,SINGLE,LIGHT,FINE,4,EMP
BSP,NSM,N2T,DRY,DAY,SINGLE,LIGHT,FINE,1,EMP
RAD,REAR,N2T,DRY,DAY,SINGLE,MODERATE,FINE,1,EMP
RBT,NSM,SSW,DRY,DAY,MULTI,MODERATE,FINE,4,EMP
BSP,MIR,SSW,DRY,DUSK,SINGLE,LIGHT,FINE,1,EMP
XRD,NSR,SSW,SLIP,DAY,SINGLE,MODERATE,FINE,4,EMP
BSP,OSF,N2T,WET,NIGHT,BUS,LIGHT,RAIN,1,EMP
RAD,OSF,SSW,DRY,DAWN,MULTI,MODERATE,FINE,4,EMP
TIN,OSM,SSW,WET,DAY,MULTI,MODERATE,FINE,4,EMP
XRD,NSF,SSW,DRY,DAY,MULTI,LIGHT,FINE,3,EMP
BSP,TOPM,SSW,WET,DUSK,SINGLE,NO,RAIN,4,EMP
RAD,NSM,SSW,WET,DAWN,SINGLE,NO,FOG,4,EMP
TIN,FRNT,N2T,WET,DAY,SINGLE,NO,RAIN,4,EMP
RAD,NSR,SSW,WET,NIGHT,MULTI,LIGHT,RAIN,1,EMP
XRD,OSR,N2T,DRY,DAY,MULTI,MODERATE,RAIN,1,EMP
XRD,FRNT,SSW,WET,DUSK,MULTI,LIGHT,RAIN,1,EMP
BSP,NSF,SSW,WET,DAY,SINGLE,NO,RAIN,4,EMP
TIN,OSM,SSW,WET,DAY,MULTI,LIGHT,RAIN,1,EMP
RAD,NSF,HON,DRY,DAY,SINGLE,LIGHT,RAIN,4,EMP
RBT,OSR,SSW,SLIP,DAY,MULTI,LIGHT,RAIN,1,EMP
TIN,NSR,SSW,DRY,DAY,SINGLE,HEAVY,FINE,1,EMP
RAD,R/H/S rear bump,SSW,DRY,DAY,SINGLE,LIGHT,FINE,4,EMP
TIN,FRNT,TBO,WET,DAY,SINGLE,LIGHT,FINE,1,EMP
RAD,NSR,SSW,DRY,DUSK,SINGLE,LIGHT,FINE,1,EMP
RAD,FRNT,SSW,DRY,DAY,MULTI,NO,FINE,1,EMP
BSP,MIR,SSW,WET,DAWN,MULTI,LIGHT,FOG,4,EMP
BSP,OSM,SSW,WET,DUSK,SINGLE,LIGHT,FINE,4,EMP
RAD,FRNT,HON,WET,DAY,SINGLE,LIGHT,RAIN,4,EMP
TIN,NSR,N2T,DRY,DAY,SINGLE,NO,FINE,1,EMP
BSP,REAR,N2T,DRY,DAY,SINGLE,HEAVY,FINE,1,EMP
RAD,NSR,TBO,DRY,NIGHT,MULTI,LIGHT,FINE,1,EMP
XRD,OSF,TBO,DRY,DAY,SINGLE,LIGHT,FINE,1,EMP
RAD,NSR,SSW,WET,DAY,MULTI,MODERATE,RAIN,3,EMP
RAD,NSF,SSW,DRY,DUSK,SINGLE,LIGHT,FINE,4,EMP
XRD,REAR,SSW,DRY,DAY,SINGLE,LIGHT,FINE,3,EMP
RAD,NSF,TBO,DRY,DAWN,MULTI,LIGHT,FINE,1,EMP
TIN,FRNT,SSW,DRY,DAWN,MULTI,MODERATE,FINE,4,EMP
TIN,NSR,N2T,DRY,DAY,SINGLE,MODERATE,FINE,1,EMP
RAD,OSF,SSW,DRY,DAY,FREE,HEAVY,FINE,1,EMP
BSP,OSR,SSW,WET,DAWN,SINGLE,LIGHT,RAIN,1,EMP
BSP,TOPF,SSW,WET,DAY,BUS,MODERATE,RAIN,4,EMP
TIN,NSF,SSW,DRY,DAY,BUS,HEAVY,FINE,1,EMP
XRD,FRNT,N2T,DRY,DAY,SINGLE,EXTREME,FINE,4,EMP
RAD,NSM,TBO,DRY,NIGHT,BUS,NO,RAIN,1,EMP
BSP,FRNT,SSW,DRY,DAY,MULTI,NO,FINE,1,EMP
RAD,WIN,SSW,DRY,NIGHT,SINGLE,MODERATE,FINE,1,EMP
RAD,OSF,SSW,DRY,DAWN,SINGLE,LIGHT,FINE,4,EMP
TIN,REAR,SSW,DRY,DAY,SINGLE,MODERATE,FINE,4,EMP
RAD,NSR,SSW,WET,DUSK,MULTI,LIGHT,RAIN,1,EMP
RAD,FRNT,SSW,DRY,STREET,SINGLE,LIGHT,FINE,1,EMP
XRD,NSF,SSW,DRY,DAY,BUS,LIGHT,FINE,1,EMP
XRD,NSR,SSW,DRY,NIGHT,SINGLE,LIGHT,FINE,1,EMP
BSP,NSF,SSW,DRY,DAY,SINGLE,NO,FINE,1,EMP
BSP,REAR,SSW,SLIP,DAWN,SINGLE,HEAVY,RAIN,4,EMP
BSP,REAR,SSW,DRY,DAY,MULTI,EXTREME,FINE,4,EMP
RAD,OSF,SSW,SLIP,DAY,SINGLE,NO,FINE,1,EMP
TIN,OSM,SSW,DRY,NIGHT,MULTI,MODERATE,FINE,4,EMP
RAD,NSF,SSW,WET,DAY,BUS,HEAVY,RAIN,1,EMP
XRD,OSF,SSW,WET,DAY,SINGLE,NO,RAIN,4,EMP
TIN,OSF,SSW,DRY,DAY,BUS,HEAVY,FINE,1,EMP
RBT,MIR,N2T,DRY,DAY,SINGLE,LIGHT,FINE,4,EMP
XRD,NSF,N2T,DRY,DAY,SINGLE,LIGHT,FINE,1,EMP
RAD,OSM,SSW,DRY,DAY,SINGLE,LIGHT,RAIN,4,EMP
RAD,OSM,SSW,DRY,DUSK,MULTI,HEAVY,FINE,1,EMP
TIN,NSF,N2T,DRY,DAY,SINGLE,LIGHT,FINE,1,EMP
BSP,REAR,SSW,DRY,STREET,MULTI,LIGHT,FINE,1,EMP
BSP,OSR,HON,DRY,DAY,MULTI,MODERATE,FINE,4,EMP
BSP,NSR,SSW,DRY,NIGHT,BUS,NO,FINE,4,EMP
BSP,MIR,SSW,DRY,DAWN,SINGLE,LIGHT,FINE,1,EMP
RAD,FRNT,N2T,WET,DAY,BUS,MODERATE,RAIN,4,EMP
TIN,NSF,SSW,DRY,NIGHT,MULTI,NO,FINE,4,EMP
RAD,NSM,SSW,DRY,STREET,SINGLE,NO,FINE,1,EMP
RAD,NSR,TBO,DRY,DAY,SINGLE,NO,FINE,1,EMP
BSP,OSM,SSW,DRY,DAY,SINGLE,NO,FINE,1,EMP
XRD,NSM,SSW,DRY,NIGHT,SINGLE,NO,FINE,1,EMP
RBT,OSF,SSW,DRY,DAY,MULTI,LIGHT,FINE,4,EMP
TIN,OSR,SSW,DRY,DAY,MULTI,MODERATE,FINE,1,EMP
RAD,OSR,N2T,DRY,DAY,MULTI,MODERATE,FINE,4,EMP
BSP,REAR,SSW,WET,DUSK,BUS,LIGHT,RAIN,1,EMP
RBT,NSF,SSW,DRY,DAWN,SINGLE,NO,FINE,1,EMP
RBT,FRNT,N2T,SLIP,DAWN,SINGLE,LIGHT,FINE,1,EMP
TIN,FRNT,SSW,WET,DAY,MULTI,LIGHT,FINE,1,EMP
TIN,OSF,SSW,DRY,DUSK,MULTI,LIGHT,FINE,1,EMP
BSP,FRNT,HON,DRY,DAY,SINGLE,HEAVY,FINE,4,EMP
XRD,OSM,SSW,SLIP,NIGHT,SINGLE,LIGHT,FINE,4,EMP
BSP,MIR,SSW,WET,NIGHT,SINGLE,NO,RAIN,4,EMP
BSP,TOPR,SSW,DRY,DAY,SINGLE,LIGHT,FINE,4,EMP
RAD,MIR,HON,DRY,NIGHT,SINGLE,NO,FINE,4,EMP
RAD,NSR,N2T,DRY,DAY,SINGLE,HEAVY,FINE,4,EMP
RAD,OSR,TBO,DRY,DAY,SINGLE,LIGHT,FINE,4,EMP
XRD,REAR,SSW,DRY,DAY,SINGLE,NO,FINE,4,EMP
BSP,NSR,SSW,WET,NIGHT,SINGLE,NO,RAIN,1,EMP
RAD,NSF,SSW,WET,DUSK,SINGLE,MODERATE,RAIN,1,EMP
RAD,MIR,SSW,WET,NIGHT,SINGLE,LIGHT,FOG,4,EMP
RBT,WSRE,SSW,DRY,DUSK,SINGLE,NO,SUN,4,EMP
BSP,REAR,SSW,WET,NIGHT,SINGLE,NO,FINE,1,EMP
RAD,REAR,N2T,DRY,DAY,SINGLE,LIGHT,FINE,3,EMP
RAD,OSM,SSW,SLIP,DUSK,SINGLE,MODERATE,FINE,4,EMP
BSP,OSM,SSW,DRY,DAWN,SINGLE,NO,FINE,4,EMP
TIN,MIR,SSW,DRY,DAY,SINGLE,LIGHT,SUN,4,EMP
BSP,NSF,SSW,DRY,DAWN,MULTI,EXTREME,FINE,4,EMP
BSP,NSF,SSW,WET,STREET,MULTI,HEAVY,RAIN,4,EMP
BSP,MIR,SSW,WET,DAY,MULTI,HEAVY,RAIN,1,EMP
RAD,MIR,SSW,WET,NIGHT,SINGLE,MODERATE,RAIN,4,EMP
RAD,OSF,SSW,WET,DUSK,MULTI,HEAVY,RAIN,1,EMP
RAD,FRNT,N2T,DRY,DAY,SINGLE,NO,FINE,1,EMP
TIN,OSR,SSW,DRY,DAY,SINGLE,HEAVY,FINE,4,EMP
XRD,NSR,SSW,DRY,STREET,MULTI,HEAVY,FINE,4,EMP
BSP,OSM,SSW,DRY,DAY,SINGLE,HEAVY,FINE,1,EMP
RAD,NSR,TBO,SLIP,DAY,SINGLE,NO,FINE,1,EMP
BSP,NSM,SSW,DRY,NIGHT,BUS,NO,FINE,1,EMP
RBT,OSF,HON,DRY,DAY,SINGLE,NO,FINE,4,EMP
TIN,NSF,SSW,DRY,DAY,MULTI,NO,FINE,1,EMP
RAD,REAR,SSW,WET,NIGHT,SINGLE,LIGHT,FINE,4,EMP
XRD,OSM,TBO,DRY,DAY,SINGLE,LIGHT,FINE,1,EMP
RAD,NSR,SSW,WET,NIGHT,MULTI,EXTREME,RAIN,4,EMP
RBT,FRNT,SSW,DRY,DUSK,SINGLE,MODERATE,FINE,1,EMP
BSP,NSF,SSW,DRY,DAY,BUS,NO,FINE,1,EMP
RAD,FRNT,TBO,SLIP,STREET,SINGLE,NO,RAIN,1,EMP
RBT,OSF,SSW,WET,NIGHT,SINGLE,HEAVY,FINE,4,EMP
RBT,WSRE,SSW,DRY,DAWN,SINGLE,NO,FINE,4,EMP
RAD,FRNT,HON,DRY,NIGHT,SINGLE,LIGHT,FINE,1,EMP
RBT,FRNT,SSW,DRY,DAY,SINGLE,EXTREME,FINE,1,EMP
BSP,REAR,N2T,DRY,DAY,SINGLE,NO,FINE,4,EMP
RAD,NSF,TBO,DRY,DAY,BUS,NO,FINE,1,EMP
RAD,NSF,SSW,DRY,STREET,MULTI,LIGHT,FINE,1,EMP
RBT,NSF,SSW,SLIP,NIGHT,SINGLE,NO,RAIN,4,EMP
BSP,OSM,SSW,WET,DAY,MULTI,MODERATE,RAIN,1,EMP
TIN,OSR,SSW,DRY,DAY,MULTI,HEAVY,SUN,4,EMP
BSP,REAR,SSW,DRY,DAY,BUS,LIGHT,FINE,4,EMP
BSP,WIN,SSW,DRY,DAY,MULTI,HEAVY,FINE,1,EMP
TIN,OSM,SSW,DRY,DAWN,MULTI,HEAVY,FINE,4,EMP
BSP,OSR,SSW,WET,DUSK,SINGLE,MODERATE,RAIN,1,EMP
RAD,REAR,SSW,WET,DAY,MULTI,LIGHT,RAIN,1,EMP
TIN,FRNT,SSW,DRY,DAY,MULTI,MODERATE,FINE,1,EMP
BSP,TOPR,SSW,DRY,DAY,SINGLE,MODERATE,FINE,4,EMP
RBT,FRNT,SSW,DRY,DAWN,SINGLE,LIGHT,SUN,4,EMP
TIN,NSM,SSW,DRY,NIGHT,BUS,MODERATE,FINE,1,EMP
TIN,OSF,HON,DRY,DAY,MULTI,LIGHT,FINE,1,EMP
RBT,REAR,SSW,DRY,DAY,SINGLE,LIGHT,FINE,1,EMP
RAD,OSF,TBO,DRY,DAY,SINGLE,NO,FINE,1,EMP
BSP,TOPF,SSW,WET,DAY,SINGLE,HEAVY,FINE,4,EMP
RAD,NSF,SSW,WET,DUSK,MULTI,HEAVY,RAIN,1,EMP
RAD,REAR,SSW,DRY,DAY,FREE,LIGHT,FINE,4,EMP
RAD,NSR,SSW,WET,DAWN,SINGLE,LIGHT,RAIN,4,EMP
RBT,NSF,SSW,DRY,DAY,SINGLE,HEAVY,FINE,4,EMP
RBT,WSRE,SSW,WET,DAY,SINGLE,NO,RAIN,4,EMP
XRD,NSM,SSW,SLIP,DAY,MULTI,MODERATE,FINE,1,EMP
RAD,WSRE,HON,DRY,DAY,SINGLE,HEAVY,FINE,4,EMP
RAD,OSF,SSW,WET,DAY,SINGLE,LIGHT,FINE,1,EMP
RAD,FRNT,TBO,WET,DAY,MULTI,LIGHT,FINE,1,EMP
XRD,NSM,SSW,DRY,NIGHT,MULTI,LIGHT,FINE,1,EMP
BSP,FRNT,SSW,DRY,NIGHT,SINGLE,LIGHT,FINE,5,EMP
RBT,NSR,SSW,DRY,DAY,MULTI,LIGHT,FINE,1,EMP
TIN,OSR,SSW,DRY,DAY,SINGLE,HEAVY,SUN,4,EMP
RAD,OSM,SSW,DRY,DAY,MULTI,EXTREME,FINE,1,EMP
RAD,R/H/S Mirror da,SSW,DRY,DAY,SINGLE,LIGHT,FINE,4,EMP
XRD,FRNT,HON,DRY,DAY,MULTI,MODERATE,FINE,4,EMP
RAD,NSF,SSW,WET,NIGHT,SINGLE,NO,RAIN,5,EMP
RAD,FRNT,HON,DRY,DAY,SINGLE,LIGHT,RAIN,4,EMP
RAD,Panel damage to,SSW,DRY,DAY,SINGLE,LIGHT,FINE,1,EMP
RBT,NSR,SSW,DRY,NIGHT,SINGLE,HEAVY,RAIN,4,EMP
TIN,NSM,SSW,DRY,DAY,SINGLE,NO,FINE,4,EMP
RAD,NSF,TBO,WET,DAY,SINGLE,MODERATE,RAIN,1,EMP
RAD,OSM,SSW,DRY,DAY,BUS,MODERATE,FINE,4,EMP
BSP,OSM,SSW,DRY,DAY,BUS,LIGHT,FINE,1,EMP
RBT,REAR,N2T,DRY,DAY,MULTI,HEAVY,FINE,1,EMP
RBT,FRNT,SSW,WET,DAY,SINGLE,HEAVY,RAIN,4,EMP
RAD,Front L/H/S bum,SSW,DRY,DAY,SINGLE,LIGHT,FINE,4,EMP
RBT,NSM,SSW,DRY,DAY,MULTI,NO,FINE,4,EMP
TIN,OSF,SSW,WET,DAY,MULTI,HEAVY,RAIN,1,EMP
RAD,NSF,SSW,WET,DAY,SINGLE,MODERATE,RAIN,5,EMP
RBT,NSF,TBO,DRY,DAY,SINGLE,MODERATE,FINE,1,EMP
BSP,FRNT,N2T,DRY,DAY,SINGLE,LIGHT,FINE,1,EMP
RAD,REAR,SSW,WET,DUSK,SINGLE,LIGHT,RAIN,4,EMP
TIN,NSM,TBO,DRY,DAY,SINGLE,LIGHT,FINE,1,EMP
RAD,Dented rear bum,SSW,DRY,DAY,SINGLE,LIGHT,FINE,3,EMP
RAD,NSR,SSW,WET,DUSK,MULTI,HEAVY,RAIN,4,EMP
RAD,NSR,HON,DRY,DAY,SINGLE,MODERATE,FINE,4,EMP
RAD,NSF,HON,SLIP,NIGHT,MULTI,LIGHT,FINE,4,EMP
RAD,TOPF,SSW,DRY,NIGHT,SINGLE,NO,FINE,5,EMP
RBT,OSR,SSW,DRY,DUSK,SINGLE,HEAVY,SUN,4,EMP
RAD,Panel Damage to,SSW,DRY,DAY,SINGLE,LIGHT,FINE,3,EMP
RAD,Rear bumper rig,SSW,DRY,DAY,SINGLE,LIGHT,FINE,1,EMP
XRD,OSF,HON,DRY,DAY,SINGLE,LIGHT,FINE,4,EMP
RAD,OSM,BTMO,DRY,DAY,SINGLE,LIGHT,FINE,4,EMP
BSP,NSF,SSW,DRY,DAY,SINGLE,MODERATE,FINE,5,ROA
XRD,REAR,SSW,WET,DAY,SINGLE,LIGHT,RAIN,4,EMP
TIN,NSF,BTMO,DRY,DAY,SINGLE,HEAVY,FINE,4,EMP
BSP,REAR,HON,DRY,DAY,MULTI,LIGHT,FINE,1,EMP
RAD,Front of bus,SSW,DRY,DAY,SINGLE,LIGHT,FINE,4,EMP
RAD,NSF,N2T,WET,DAY,SINGLE,MODERATE,RAIN,4,EMP
RAD,Front end of bu,SSW,DRY,DAY,SINGLE,LIGHT,FINE,4,EMP
XRD,MIR,SSW,DRY,DAY,MULTI,MODERATE,FINE,5,ROA
RAD,NSR,TBO,WET,DAY,MULTI,LIGHT,RAIN,1,EMP
RAD,N/S/R Bumper ba,SSW,DRY,DAY,SINGLE,LIGHT,FINE,4,EMP
RAD,NSR,N2T,DRY,DAWN,SINGLE,LIGHT,FINE,1,EMP
RAD,NSM,SSW,DRY,DUSK,SINGLE,NO,FOG,1,EMP
RBT,OSF,TAI,DRY,DAY,SINGLE,LIGHT,FINE,4,EMP
TIN,NSM,TAI,DRY,DAY,SINGLE,LIGHT,FINE,4,EMP
BSP,NSR,TAI,DRY,NIGHT,MULTI,HEAVY,FINE,4,EMP
TIN,FRNT,N2T,DRY,DUSK,MULTI,HEAVY,FINE,4,EMP
BSP,NSF,SSW,DRY,DAY,SINGLE,LIGHT,FINE,5,EMP
RAD,Broken clearanc,SSW,DRY,DAY,SINGLE,LIGHT,FINE,4,EMP
RAD,Scratches to re,SSW,DRY,DAY,SINGLE,LIGHT,FINE,4,EMP
RAD,OSR,SSW,DRY,STREET,MULTI,HEAVY,FINE,4,EMP
RAD,NSM,SSW,DRY,DAY,FREE,LIGHT,FINE,4,EMP
XRD,FRNT,SSW,DRY,DAY,SINGLE,MODERATE,FINE,1,EMP
TIN,NSR,N2T,DRY,DUSK,FREE,MODERATE,FINE,1,EMP
DEPOT,OSR,SSW,DRY,DAWN,SINGLE,NO,FINE,4,EMP
XRD,NSR,SSW,DRY,DAY,MULTI,HEAVY,FINE,5,ROA
RBT,REAR,BTMO,WET,DAY,SINGLE,NO,RAIN,1,EMP
RAD,OSF,SSW,DRY,DAWN,SINGLE,NO,FINE,4,EMP
XRD,OSM,SSW,WET,NIGHT,SINGLE,NO,RAIN,4,EMP
RAD,Nil,SSW,DRY,DAY,SINGLE,LIGHT,FINE,4,EMP
XRD,NSR,SSW,DRY,DAY,MULTI,LIGHT,FINE,1,ROA
XRD,OSF,HON,SLIP,DAY,MULTI,HEAVY,RAIN,4,EMP
BSP,REAR,REVERSING,DRY,DAY,SINGLE,LIGHT,FINE,3,EMP
RAD,Marks to paintw,SSW,DRY,DAY,SINGLE,LIGHT,FINE,4,EMP
RAD,NSM,SSW,DRY,DAY,MULTI,MODERATE,FINE,5,EMP
RAD,FRNT,N2T,DRY,NIGHT,MULTI,MODERATE,FINE,0,OTH
DEPOT,FRNT,SSW,DRY,DAY,SINGLE,LIGHT,FINE,4,EMP
RBT,FRNT,TAI,DRY,DAY,SINGLE,LIGHT,FINE,4,EMP
RAD,MIR,SSW,WET,DAY,MULTI,LIGHT,FINE,4,EMP
DEPOT,NSF,REVERSING,DRY,DAY,SINGLE,LIGHT,FINE,4,EMP
RAD,MIR,HON,WET,DAY,MULTI,MODERATE,RAIN,4,EMP
TIN,OSF,TBO,DRY,DAWN,SINGLE,LIGHT,SUN,4,EMP
RAD,,SSW,DRY,DAY,SINGLE,LIGHT,FINE,4,EMP
BSP,OSR,SSW,DRY,NIGHT,MULTI,HEAVY,FINE,1,ROA
BSP,NSM,SSW,WET,DAY,BUS,LIGHT,RAIN,4,CARS TRUCKS
RAD,NSR,REVERSING,WET,DAY,SINGLE,NO,FINE,1,ROA
RAD,OSR,REVERSING,DRY,NIGHT,SINGLE,LIGHT,FINE,4,EMP
RAD,OSM,SSW,DRY,NIGHT,SINGLE,LIGHT,FINE,5,GEN
BSP,MIR,HON,DRY,DAY,MULTI,LIGHT,RAIN,4,EMP
RAD,NSM,SSW,WET,DUSK,SINGLE,HEAVY,RAIN,1,ROA
RAD,NSF,SSW,DRY,NIGHT,SINGLE,LIGHT,FINE,5,GEN
RAD,NSM,REVERSING,DRY,DAY,SINGLE,LIGHT,FINE,1,ROA
RAD,NSM,SSW,DRY,DAY,SINGLE,LIGHT,FINE,5,OTH
XRD,MIR,SSW,WET,DAY,SINGLE,LIGHT,RAIN,4,EMP
DEPOT,FRNT,REVERSING,DRY,NIGHT,SINGLE,LIGHT,FINE,4,CARS TRUCKS
RAD,NSF,SSW,DRY,STREET,SINGLE,LIGHT,FINE,4,EMP
RAD,OSR,N2T,DRY,NIGHT,SINGLE,LIGHT,FINE,1,EMP
RAD,FRNT,HON,SLIP,DAY,MULTI,NO,RAIN,4,EMP
BSP,WSRE,SSW,DRY,DAY,SINGLE,LIGHT,FINE,0,EMP
RBT,MIR,HON,WET,DAY,SINGLE,NO,SUN,4,CARS TRUCKS
XRD,OSF,SSW,WET,DAY,MULTI,EXTREME,RAIN,1,EMP
RAD,NSR,SSW,WET,DAY,MULTI,NO,RAIN,4,EMP
XRD,NSR,SSW,DRY,DAY,BUS,LIGHT,FINE,4,EMP
RAD,NSF,HON,WET,NIGHT,SINGLE,LIGHT,RAIN,4,CARS TRUCKS
RAD,L/H/S minor fib,SSW,DRY,DAY,SINGLE,LIGHT,FINE,4,EMP
RAD,R/H/S rear,SSW,DRY,DAY,SINGLE,LIGHT,FINE,1,EMP
RAD,Slight scratche,SSW,DRY,DAY,SINGLE,LIGHT,FINE,1,EMP
RAD,Broken driver's,SSW,DRY,DAY,SINGLE,LIGHT,FINE,1,EMP
RAD,L/H/S rear door,SSW,DRY,DAY,SINGLE,LIGHT,FINE,4,EMP
RAD,Paint scratches,SSW,DRY,DAY,SINGLE,LIGHT,FINE,1,EMP
RAD,R/H/S mirror sm,SSW,DRY,DAY,SINGLE,LIGHT,FINE,1,EMP
RAD,Driver side mir,SSW,DRY,DAY,SINGLE,LIGHT,FINE,1,EMP
RAD,L/H/S small mir,SSW,DRY,DAY,SINGLE,LIGHT,FINE,4,EMP
RAD,Front R/H/S ind,SSW,DRY,DAY,SINGLE,LIGHT,FINE,4,EMP
RAD,Bent front bump,SSW,DRY,DAY,SINGLE,LIGHT,FINE,4,EMP
RAD,Cracked window ,SSW,DRY,DAY,SINGLE,LIGHT,FINE,4,EMP
RAD,T.B.A.,SSW,DRY,DAY,SINGLE,LIGHT,FINE,4,EMP
RAD,Rear passenger ,SSW,DRY,DAY,SINGLE,LIGHT,FINE,1,EMP
RAD,Indentation N/S,SSW,DRY,DAY,SINGLE,LIGHT,FINE,1,EMP
RAD,Missing indicat,SSW,DRY,DAY,SINGLE,LIGHT,FINE,1,EMP
RAD,Scratch and sli,SSW,DRY,DAY,SINGLE,LIGHT,FINE,4,EMP
RAD,L/H/S rear pane,SSW,DRY,DAY,SINGLE,LIGHT,FINE,1,EMP
RAD,BROKEN CLEARANC,SSW,DRY,DAY,SINGLE,LIGHT,FINE,4,EMP
RAD,Paint on front ,SSW,DRY,DAY,SINGLE,LIGHT,FINE,4,EMP
RAD,Rear damage beh,SSW,DRY,DAY,SINGLE,LIGHT,FINE,4,EMP
RAD,L/H/S bumper fr,SSW,DRY,DAY,SINGLE,LIGHT,FINE,1,EMP
RAD,Front R/H/S bum,SSW,DRY,DAY,SINGLE,LIGHT,FINE,1,EMP
RAD,R/H/S middle of,SSW,DRY,DAY,SINGLE,LIGHT,FINE,4,EMP
RAD,L/H/S rear scra,SSW,DRY,DAY,SINGLE,LIGHT,FINE,4,EMP
RAD,R/H/S wing mirr,SSW,DRY,DAY,SINGLE,LIGHT,FINE,1,EMP
RAD,Rear R/H/S end ,SSW,DRY,DAY,SINGLE,LIGHT,FINE,4,EMP
RAD,Glass in window,SSW,DRY,DAY,SINGLE,LIGHT,FINE,1,EMP
RAD,Lower L/H/S of ,SSW,DRY,DAY,SINGLE,LIGHT,FINE,4,EMP
RAD,Rear L/H/S,SSW,DRY,DAY,SINGLE,LIGHT,FINE,4,EMP
RAD,2 panels damage,SSW,DRY,DAY,SINGLE,LIGHT,FINE,4,EMP
RAD,Rear bumper pai,SSW,DRY,DAY,SINGLE,LIGHT,FINE,1,EMP
RAD,N/S Mirror scra,SSW,DRY,DAY,SINGLE,LIGHT,FINE,1,EMP
RAD,NIL,SSW,DRY,DAY,SINGLE,LIGHT,FINE,1,EMP
RAD,Broken R/H/S mi,SSW,DRY,DAY,SINGLE,LIGHT,FINE,1,EMP
RAD,R/H/S front ext,SSW,DRY,DAY,SINGLE,LIGHT,FINE,4,EMP
RAD,O/S indicator a,SSW,DRY,DAY,SINGLE,LIGHT,FINE,1,EMP
RAD,Rear bumper dam,SSW,DRY,DAY,SINGLE,LIGHT,FINE,1,EMP
RAD,L/H/S FRONT,SSW,DRY,DAY,SINGLE,LIGHT,FINE,4,EMP
RAD,L/H/S front mir,SSW,DRY,DAY,SINGLE,LIGHT,FINE,4,EMP
RAD,Front N//S bump,SSW,DRY,DAY,SINGLE,LIGHT,FINE,4,EMP