location_code,damage_code,collision_code,road_code,light_code,road_type_code,traffic_code,weather_code,emp_liability_code,kpi_cause_code
RAD,Rear R/H/S corn,SSW,DRY,DAY,SINGLE,LIGHT,FINE,1,EMP
RAD,Side panels scr,SSW,DRY,DAY,SINGLE,LIGHT,FINE,4,EMP
RAD,Broken rear roo,SSW,DRY,DAY,SINGLE,LIGHT,FINE,4,EMP
RAD,Slight scratch ,SSW,DRY,DAY,SINGLE,LIGHT,FINE,4,EMP
RAD,Front l/h/s,SSW,DRY,DAY,SINGLE,LIGHT,FINE,4,EMP
RAD,N/S/R corner pa,SSW,DRY,DAY,SINGLE,LIGHT,FINE,4,EMP
RAD,Paint mark N/S/,SSW,DRY,DAY,SINGLE,LIGHT,FINE,4,EMP
RAD,Under L/H front,SSW,DRY,DAY,SINGLE,LIGHT,FINE,4,EMP
RAD,Panel from behi,SSW,DRY,DAY,SINGLE,LIGHT,FINE,1,EMP
RAD,Rear R/H/S corn,SSW,DRY,DAY,SINGLE,LIGHT,FINE,4,EMP
RAD,Small crack and,SSW,DRY,DAY,SINGLE,LIGHT,FINE,4,EMP
RAD,Scrape down L/H,SSW,DRY,DAY,SINGLE,LIGHT,FINE,1,EMP
RAD,Driver's side w,SSW,DRY,DAY,SINGLE,LIGHT,FINE,4,EMP
RAD,L/H/S mirror,SSW,DRY,DAY,SINGLE,LIGHT,FINE,4,EMP
RAD,Small dent on R,SSW,DRY,DAY,SINGLE,LIGHT,FINE,4,EMP
RAD,L/H/S bumper ba,SSW,DRY,DAY,SINGLE,LIGHT,FINE,4,EMP
RAD,L/H/S Mirror br,SSW,DRY,DAY,SINGLE,LIGHT,FINE,4,EMP
RAD,R/H/S near petr,SSW,DRY,DAY,SINGLE,LIGHT,FINE,1,EMP
RAD,L/H/S of bus ne,SSW,DRY,DAY,SINGLE,LIGHT,FINE,1,EMP
RAD,L/H/S damage,SSW,DRY,DAY,SINGLE,LIGHT,FINE,1,EMP
RAD,O/S taillight a,SSW,DRY,DAY,SINGLE,LIGHT,FINE,4,EMP
RAD,Dent in L/H/S c,SSW,DRY,DAY,SINGLE,LIGHT,FINE,4,EMP
RAD,N/S tail light ,SSW,DRY,DAY,SINGLE,LIGHT,FINE,4,EMP
RAD,Front right top,SSW,DRY,DAY,SINGLE,LIGHT,FINE,4,EMP
RAD,Top of bus badl,SSW,DRY,DAY,SINGLE,LIGHT,FINE,4,EMP
RAD,O/S panel damag,SSW,DRY,DAY,SINGLE,LIGHT,FINE,4,EMP
RAD,Scrape to bin d,SSW,DRY,DAY,SINGLE,LIGHT,FINE,1,EMP
RAD,L/H/S corner of,SSW,DRY,DAY,SINGLE,LIGHT,FINE,4,EMP
RAD,Dent in rear of,SSW,DRY,DAY,SINGLE,LIGHT,FINE,4,EMP
RAD,L/H/S rear whee,SSW,DRY,DAY,SINGLE,LIGHT,FINE,1,EMP
RAD,Rear Bumper & m,SSW,DRY,DAY,SINGLE,LIGHT,FINE,1,EMP
RAD,Scratches on R/,SSW,DRY,DAY,SINGLE,LIGHT,FINE,4,EMP
RAD,Scrape along L/,SSW,DRY,DAY,SINGLE,LIGHT,FINE,4,EMP
RAD,Scrape marks at,SSW,DRY,DAY,SINGLE,LIGHT,FINE,4,EMP
RAD,L/H/S indicator,SSW,DRY,DAY,SINGLE,LIGHT,FINE,4,EMP
RAD,Rear R/H/S bump,SSW,DRY,DAY,SINGLE,LIGHT,FINE,1,EMP
RAD,N/S/R lower pan,SSW,DRY,DAY,SINGLE,LIGHT,FINE,4,EMP
RAD,Scrape along re,SSW,DRY,DAY,SINGLE,LIGHT,FINE,4,EMP
RAD,Rubber mark on ,SSW,DRY,DAY,SINGLE,LIGHT,FINE,4,EMP
RAD,Shattered windo,SSW,DRY,DAY,SINGLE,LIGHT,FINE,4,EMP
RAD,Broken L/H fron,SSW,DRY,DAY,SINGLE,LIGHT,FINE,1,EMP
RAD,R/H/S panels,SSW,DRY,DAY,SINGLE,LIGHT,FINE,4,EMP
RAD,O/S mirror arm ,SSW,DRY,DAY,SINGLE,LIGHT,FINE,4,EMP
RAD,Front L/H/S dam,SSW,DRY,DAY,SINGLE,LIGHT,FINE,1,EMP
RAD,Slight bend in ,SSW,DRY,DAY,SINGLE,LIGHT,FINE,1,EMP
RAD,Slight damage t,SSW,DRY,DAY,SINGLE,LIGHT,FINE,4,EMP
RAD,Scratches on re,SSW,DRY,DAY,SINGLE,LIGHT,FINE,4,EMP
RAD,Front bumper da,SSW,DRY,DAY,SINGLE,LIGHT,FINE,4,EMP
RAD,O/S mirror head,SSW,DRY,DAY,SINGLE,LIGHT,FINE,1,EMP
BSP,FRNT,SSW,DRY,DAY,SINGLE,HEAVY,FINE,4,CARS TRUCKS
RAD,NSM,SSW,WET,DAY,MULTI,HEAVY,RAIN,4,CARS TRUCKS
RAD,WIN,SSW,DRY,DAY,SINGLE,LIGHT,FINE,5,ROA
XRD,NSF,TBO,DRY,DAY,BUS,MODERATE,FINE,5,ROA
BSP,REAR,SSW,DRY,DAY,BUS,NO,FINE,1,EMP
RBT,NSR,SSW,DRY,NIGHT,SINGLE,LIGHT,FINE,5,ROA
BSP,OSR,N2T,DRY,DAY,MULTI,HEAVY,FINE,5,ROA
TIN,OSR,TAI,DRY,DAY,MULTI,LIGHT,FINE,4,EMP
BSP,REAR,SSW,DRY,DAY,MULTI,MODERATE,FINE,1,EMP
RBT,MIR,SSW,WET,DAWN,SINGLE,NO,RAIN,4,EMP
RAD,NSR,SSW,DRY,DAY,BUS,MODERATE,FINE,0,BUS - OTHER
RAD,NSR,SSW,DRY,DAY,SINGLE,HEAVY,FINE,5,CARS TRUCKS
RAD,NSM,SSW,SLIP,DAY,SINGLE,MODERATE,RAIN,4,BUS - OTHER
BSP,NSR,TAI,DRY,DAWN,SINGLE,EXTREME,FINE,4,EMP
RAD,NSF,N2T,DRY,DAWN,SINGLE,LIGHT,FINE,4,EMP
RAD,OSR,N2T,DRY,DAY,FREE,HEAVY,FINE,1,GEN
RAD,NSF,HON,DRY,DUSK,SINGLE,NO,FINE,4,EMP
DEPOT,NSR,TAI,WET,NIGHT,SINGLE,NO,FINE,4,EMP
RAD,NSR,SSW,DRY,NIGHT,MULTI,NO,FINE,1,CARS TRUCKS
BSP,OSF,SSW,DRY,DAY,BUS,LIGHT,FINE,0,BUS - OTHER
RAD,WSRE,HON,DRY,DUSK,SINGLE,LIGHT,FINE,0,OTH
RAD,FRNT,HON,DRY,DAY,FREE,LIGHT,FINE,0,OTH
BSP,NSF,SSW,WET,NIGHT,SINGLE,LIGHT,RAIN,4,BUS - OTHER
RAD,OSF,SSW,DRY,DAY,SINGLE,LIGHT,FINE,0,BUS - OTHER
RAD,MIR,HON,DRY,DAY,SINGLE,LIGHT,FINE,5,CARS TRUCKS
RAD,REAR,SSW,DRY,DAY,BUS,NO,FINE,1,CARS TRUCKS
DEPOT,WSRE,HON,WET,DAY,SINGLE,NO,FINE,4,OTH
RBT,NSF,HON,DRY,DAY,SINGLE,MODERATE,FINE,1,CARS TRUCKS
BSP,NSR,TAI,DRY,DAY,SINGLE,EXTREME,FINE,4,EMP
RAD,NSF,SSW,WET,DAY,FREE,MODERATE,RAIN,4,EMP
RAD,FRNT,HON,WET,NIGHT,SINGLE,NO,RAIN,4,BUS - OTHER
RAD,NSR,SSW,DRY,DAY,SINGLE,NO,FINE,4,POW
RAD,NSR,HON,DRY,DUSK,SINGLE,NO,FINE,4,EMP
DEPOT,WSRE,SSW,DRY,DAY,SINGLE,LIGHT,FINE,4,OTH
RAD,OSR,BTMO,WET,DAWN,SINGLE,LIGHT,FOG,4,EMP
RAD,NSR,SSW,WET,DAY,MULTI,LIGHT,RAIN,4,CARS TRUCKS
RAD,FRNT,SSW,DRY,DAY,SINGLE,EXTREME,FINE,1,GEN
RAD,NSM,TAI,DRY,DAY,SINGLE,EXTREME,FINE,4,EMP
BSP,OSR,SSW,WET,DAWN,SINGLE,NO,RAIN,4,BUS - OTHER
RAD,NSF,SSW,DRY,DAY,SINGLE,LIGHT,FINE,4,OTH
BSP,FRNT,HON,DRY,DAY,SINGLE,NO,FINE,4,BUS - OTHER
BSP,MIR,SSW,DRY,DAY,SINGLE,MODERATE,FINE,1,CARS TRUCKS
RAD,NSM,SSW,DRY,DAY,SINGLE,LIGHT,FOG,4,EMP
RAD,NSM,SSW,WET,DAY,SINGLE,LIGHT,FINE,4,CARS TRUCKS
BSP,NSF,SSW,DRY,NIGHT,SINGLE,NO,FINE,4,CARS TRUCKS
BSP,OSR,SSW,DRY,DAY,SINGLE,LIGHT,RAIN,1,ROA
RAD,NSF,ROO,DRY,DUSK,SINGLE,NO,FINE,4,BUS - OTHER
BSP,NSF,HON,DRY,DAY,BUS,MODERATE,FINE,4,BUS - OTHER
RAD,OSF,SSW,DRY,DAY,SINGLE,NO,FINE,0,BUS - OTHER
RBT,FRNT,TBO,DRY,DAY,SINGLE,MODERATE,FINE,4,OTH
XRD,NSR,SSW,WET,DAY,SINGLE,MODERATE,RAIN,4,EMP
RAD,REAR,HON,DRY,NIGHT,SINGLE,LIGHT,FINE,1,EMP
RAD,TOPM,SSW,DRY,NIGHT,SINGLE,LIGHT,FINE,4,EMP
RAD,OSR,SSW,WET,NIGHT,SINGLE,LIGHT,RAIN,1,CARS TRUCKS
RBT,OSM,TAI,DRY,NIGHT,SINGLE,NO,FINE,4,BUS - OTHER
RBT,REAR,SSW,DRY,DAY,MULTI,MODERATE,SUN,4,BUS - OTHER
RAD,NSM,SSW,DRY,DAY,SINGLE,MODERATE,FINE,0,GEN
RAD,NSR,REVERSING,DRY,DAY,SINGLE,MODERATE,FINE,4,EMP
TIN,NSR,SSW,DRY,NIGHT,MULTI,LIGHT,FINE,1,CARS TRUCKS
RAD,OSR,SSW,DRY,NIGHT,MULTI,LIGHT,FINE,5,EMP
RAD,MIR,SSW,DRY,NIGHT,SINGLE,LIGHT,RAIN,5,CARS TRUCKS
RAD,OSM,HON,DRY,DAY,MULTI,LIGHT,FINE,5,CARS TRUCKS
RAD,NSR,SSW,DRY,NIGHT,FREE,NO,FINE,0,OTH
BSP,WIN,SSW,DRY,DAY,SINGLE,MODERATE,FINE,4,EMP
RAD,NSF,TBO,WET,DAY,SINGLE,LIGHT,RAIN,4,EMP
RAD,OSF,BTMO,DRY,DAY,SINGLE,LIGHT,FOG,4,OTH
TIN,FRNT,TBO,DRY,DUSK,MULTI,MODERATE,FINE,1,CARS TRUCKS
RAD,OSF,SSW,DRY,DAY,FREE,LIGHT,FINE,1,CARS TRUCKS
RAD,NSM,REVERSING,DRY,DAY,MULTI,HEAVY,FINE,1,CARS TRUCKS
RAD,NSF,BTMO,DRY,DAY,SINGLE,MODERATE,FINE,6,BUS - OTHER
XRD,NSR,SSW,WET,NIGHT,SINGLE,NO,FINE,4,BUS - OTHER
RAD,OSF,SSW,DRY,DAWN,SINGLE,LIGHT,FINE,0,EMP
TIN,MIR,SSW,DRY,DAY,MULTI,HEAVY,FINE,4,ROAD RAGE
RBT,NSF,SSW,DRY,DUSK,SINGLE,HEAVY,FINE,4,EMP
RAD,MIR,SSW,DRY,NIGHT,SINGLE,LIGHT,FINE,2,BUS - OTHER
RAD,NSF,SSW,DRY,DAY,SINGLE,NO,FINE,5,CARS TRUCKS
RAD,OSR,SSW,DRY,DAY,SINGLE,MODERATE,SUN,4,EMP
BSP,MIR,ROO,DRY,DAY,SINGLE,LIGHT,FINE,4,EMP
RAD,MIR,HON,DRY,DAY,SINGLE,LIGHT,FINE,0,OTH
RAD,NSR,SSW,DRY,NIGHT,MULTI,NO,FINE,4,EMP
RAD,NSF,HON,DRY,DAY,SINGLE,NO,FINE,4,BUS - OTHER
RAD,NSM,SSW,DRY,DAY,SINGLE,LIGHT,FINE,1,POW
RAD,MIR,HON,WET,DAY,SINGLE,LIGHT,RAIN,4,EMP
RBT,NSM,SSW,SLIP,DAY,SINGLE,LIGHT,RAIN,4,EMP
RAD,OSM,SSW,DRY,DAY,SINGLE,LIGHT,FINE,0,OTH
BSP,MIR,SSW,WET,DAY,SINGLE,MODERATE,FINE,4,EMP
RAD,TOPR,ROO,DRY,DAY,SINGLE,MODERATE,FINE,4,EMP
RAD,OSR,REVERSING,DRY,NIGHT,SINGLE,NO,FINE,4,EMP
RAD,WSRE,SSW,DRY,NIGHT,SINGLE,LIGHT,FINE,4,EMP
RAD,NSM,SSW,DRY,DAY,SINGLE,LIGHT,FINE,4,ENV
RAD,OSR,SSW,DRY,DAY,MULTI,LIGHT,SUN,4,EMP
RBT,NSF,TBO,DRY,DAY,SINGLE,LIGHT,FINE,4,EMP
BSP,MIR,SSW,DRY,STREET,MULTI,NO,FINE,0,EMP
RAD,NSR,REVERSING,DRY,DAY,SINGLE,MODERATE,FINE,1,CARS TRUCKS
RAD,FRNT,HON,DRY,DUSK,SINGLE,LIGHT,FINE,0,OTH
RAD,NSR,TBO,DRY,DUSK,MULTI,HEAVY,FINE,1,CARS TRUCKS
TIN,NSM,ROO,WET,DAY,SINGLE,MODERATE,FINE,4,EMP
RBT,NSM,REVERSING,DRY,DAY,SINGLE,LIGHT,FINE,4,EMP
BSP,OSF,SSW,DRY,DAWN,BUS,MODERATE,FINE,4,CARS TRUCKS
RAD,REAR,HON,DRY,DAY,SINGLE,LIGHT,FINE,1,CARS TRUCKS
RAD,OSM,SSW,SLIP,DAY,SINGLE,NO,FINE,4,EMP
BSP,MIR,REVERSING,DRY,DAY,SINGLE,LIGHT,FINE,4,BUS - OTHER
BSP,NSR,SSW,DRY,DUSK,SINGLE,LIGHT,FINE,4,CARS TRUCKS
RAD,OSR,TAI,DRY,NIGHT,SINGLE,NO,FINE,4,BUS - OTHER
BSP,NSR,HON,DRY,DAY,SINGLE,LIGHT,FINE,1,EMP
BSP,OSR,N2T,DRY,DAY,BUS,LIGHT,FINE,1,CARS TRUCKS
RAD,NSR,TAI,SLIP,DAWN,SINGLE,NO,RAIN,4,SURFING
BSP,WSRE,SSW,DRY,DAY,SINGLE,LIGHT,FINE,1,BUS - OTHER
RAD,TOPF,SSW,WET,NIGHT,FREE,LIGHT,RAIN,0,OTH
RAD,FRNT,HON,WET,DAY,SINGLE,LIGHT,RAIN,0,ENV
RAD,OSR,SSW,DRY,DAY,SINGLE,HEAVY,FINE,0,CARS TRUCKS
RBT,NSM,TAI,DRY,DAY,SINGLE,LIGHT,FINE,4,EMP
DEPOT,OSR,N2T,DRY,DAY,SINGLE,LIGHT,FINE,4,EMP
RBT,MIR,HON,DRY,NIGHT,SINGLE,EXTREME,FINE,4,EMP
DEPOT,FRNT,HON,DRY,DAY,BUS,NO,FINE,4,EMP
BSP,OSR,SSW,DRY,DAY,BUS,LIGHT,FINE,4,CARS TRUCKS
RBT,MIR,HON,DRY,NIGHT,SINGLE,NO,FINE,4,EMP
RBT,REAR,SSW,DRY,DUSK,MULTI,MODERATE,FINE,5,CARS TRUCKS
RAD,OSM,SSW,DRY,DAWN,SINGLE,NO,RAIN,4,EMP
RAD,REAR,SSW,DRY,DAY,MULTI,HEAVY,FINE,4,CARS TRUCKS
RBT,MIR,SSW,DRY,DAY,MULTI,LIGHT,FINE,1,CARS TRUCKS
RBT,REAR,HON,DRY,DAY,SINGLE,MODERATE,FINE,4,EMP
RAD,OSM,SSW,DRY,NIGHT,SINGLE,NO,FINE,4,OTH
RAD,OSM,HON,DRY,DAY,SINGLE,NO,FINE,4,EMP
RAD,REAR,REVERSING,WET,DAY,SINGLE,MODERATE,RAIN,4,EMP
BSP,MIR,SSW,DRY,DUSK,SINGLE,MODERATE,SUN,4,BUS - OTHER
XRD,NSR,SSW,DRY,DAY,MULTI,LIGHT,FINE,1,BUS - OTHER
RBT,NSR,REVERSING,DRY,NIGHT,SINGLE,NO,FINE,4,EMP
BSP,OSR,SSW,DRY,DAY,SINGLE,LIGHT,FINE,2,EMP
TIN,REAR,REVERSING,DRY,DAY,SINGLE,LIGHT,FINE,4,BUS - OTHER
RAD,NSF,SSW,WET,DAY,BUS,NO,RAIN,4,EMP
RAD,REAR,SSW,DRY,DAY,SINGLE,LIGHT,FINE,4,CARS TRUCKS
BSP,MIR,SSW,WET,DAY,SINGLE,LIGHT,RAIN,4,BUS - OTHER
RAD,NSM,SSW,DRY,DUSK,SINGLE,LIGHT,FINE,1,ROA
RAD,FRNT,HON,DRY,DAY,SINGLE,NO,FINE,0,ENV
BSP,OSR,SSW,DRY,DAY,SINGLE,NO,FINE,4,CARS TRUCKS
RAD,OSR,TBO,DRY,DAY,MULTI,NO,FINE,1,CARS TRUCKS
RAD,REAR,BTMO,WET,DAY,SINGLE,NO,RAIN,4,OTH
RAD,NSM,SSW,SLIP,DAY,MULTI,LIGHT,RAIN,5,CARS TRUCKS
XRD,OSM,TBO,DRY,DAY,SINGLE,MODERATE,FINE,4,CARS TRUCKS
RAD,REAR,HON,DRY,DAY,MULTI,LIGHT,FINE,1,EMP
RBT,REAR,TAI,DRY,DAY,SINGLE,LIGHT,FINE,4,EMP
RAD,OSF,SSW,WET,DAY,MULTI,LIGHT,FINE,4,CARS TRUCKS
RAD,OSR,BTMO,DRY,DAY,MULTI,NO,FINE,4,BUS - OTHER
RAD,OSR,TAI,DRY,DAY,SINGLE,LIGHT,FINE,4,BUS - OTHER
TIN,NSM,SSW,WET,DAY,SINGLE,NO,RAIN,4,BUS - OTHER
RAD,WSRE,SSW,WET,DAY,SINGLE,NO,RAIN,4,ENV
BSP,MIR,SSW,DRY,NIGHT,MULTI,NO,FINE,4,EMP
RAD,NSM,HON,WET,DAY,MULTI,NO,RAIN,4,EMP
RBT,NSM,HON,DRY,DAY,SINGLE,MODERATE,FINE,1,EMP
RBT,OSR,HON,DRY,NIGHT,SINGLE,LIGHT,FINE,4,EMP
RAD,NSR,SSW,WET,NIGHT,SINGLE,NO,RAIN,0,EMP
RAD,MIR,HON,DRY,DAY,BUS,NO,FINE,4,EMP
BSP,TOPR,TAI,DRY,DAY,SINGLE,LIGHT,FINE,4,BUS - OTHER
BSP,NSR,SSW,DRY,DAY,MULTI,LIGHT,FINE,5,GEN
RAD,NSF,SSW,WET,NIGHT,SINGLE,NO,FINE,4,EMP
TIN,NSM,SSW,DRY,DAWN,SINGLE,LIGHT,FINE,4,EMP
BSP,OSR,SSW,DRY,DAY,MULTI,LIGHT,FINE,5,GEN
BSP,MIR,HON,DRY,DAY,MULTI,NO,FINE,4,EMP
BSP,MIR,SSW,SLIP,NIGHT,SINGLE,LIGHT,FINE,4,EMP
XRD,FRNT,SSW,WET,DAWN,MULTI,LIGHT,RAIN,5,CARS TRUCKS
TIN,NSM,SSW,WET,NIGHT,MULTI,LIGHT,RAIN,1,EMP
DEPOT,OSR,SSW,DRY,DAY,SINGLE,LIGHT,FINE,0,BUS - OTHER
BSP,OSM,SSW,DRY,NIGHT,SINGLE,LIGHT,FINE,0,PAS
DEPOT,FRNT,HON,DRY,DAY,SINGLE,LIGHT,FINE,6,EMP
RAD,NSF,SSW,WET,DAY,SINGLE,NO,RAIN,4,OTH
RAD,OSR,SSW,DRY,DAY,MULTI,NO,FINE,4,BUS - OTHER
RAD,WIN,SSW,DRY,NIGHT,SINGLE,MODERATE,FINE,0,GEN
BSP,MIR,ROO,DRY,DAY,SINGLE,HEAVY,FINE,4,EMP
RAD,FRNT,HON,WET,DAY,MULTI,LIGHT,RAIN,4,BUS - OTHER
RAD,NSM,TAI,DRY,DAY,MULTI,LIGHT,FINE,4,CARS TRUCKS
XRD,NSR,HON,DRY,DAY,SINGLE,NO,FINE,4,EMP
TIN,FRNT,TAI,DRY,DAY,SINGLE,MODERATE,SUN,1,CARS TRUCKS
RAD,NSM,TBO,DRY,DAY,BUS,HEAVY,FINE,4,EMP
RAD,OSF,SSW,WET,NIGHT,SINGLE,NO,RAIN,4,BUS - OTHER
DEPOT,NSR,SSW,DRY,DAY,SINGLE,NO,FINE,0,BUS - OTHER
BSP,MIR,HON,SLIP,DAY,SINGLE,MODERATE,SUN,4,EMP
RAD,MIR,SSW,DRY,NIGHT,MULTI,HEAVY,FINE,4,CARS TRUCKS
TIN,OSM,SSW,WET,DAY,BUS,MODERATE,RAIN,4,EMP
XRD,FRNT,HON,WET,NIGHT,SINGLE,MODERATE,RAIN,1,CARS TRUCKS
RAD,FRNT,SSW,DRY,DAWN,SINGLE,NO,FINE,4,BUS - OTHER
RAD,FRNT,HON,DRY,DUSK,SINGLE,LIGHT,FINE,4,EMP
BSP,TOPF,ROO,DRY,DAY,SINGLE,MODERATE,FINE,4,EMP
BSP,REAR,N2T,DRY,DAY,SINGLE,MODERATE,FINE,1,CARS TRUCKS
RAD,FRNT,HON,DRY,DAWN,SINGLE,NO,FINE,4,BUS - OTHER
RBT,NSM,SSW,WET,DAY,MULTI,MODERATE,FINE,4,CARS TRUCKS
RAD,MIR,SSW,DRY,DAY,SINGLE,HEAVY,SUN,4,EMP
DEPOT,NSR,SSW,DRY,DAY,MULTI,NO,FINE,6,OTH
RAD,NSR,SSW,DRY,DAY,MULTI,LIGHT,FINE,6,EMP
BSP,WIN,SSW,DRY,DAY,SINGLE,NO,FINE,0,PAS
BSP,REAR,REVERSING,WET,DUSK,MULTI,NO,RAIN,4,EMP
BSP,REAR,N2T,WET,DAY,SINGLE,LIGHT,RAIN,1,EMP
RAD,WIN,SSW,DRY,DAY,SINGLE,LIGHT,FINE,0,EMP
RAD,NSR,SSW,WET,DAY,SINGLE,LIGHT,FINE,0,OTH
RBT,NSF,HON,SLIP,DAY,SINGLE,NO,RAIN,4,EMP
BSP,OSM,SSW,SLIP,DUSK,BUS,NO,RAIN,5,OTH
TIN,REAR,TBO,DRY,DAY,SINGLE,LIGHT,FINE,1,CARS TRUCKS
RAD,OSM,TBO,DRY,DAY,SINGLE,NO,FINE,1,GEN
BSP,OSR,REVERSING,DRY,DAY,SINGLE,LIGHT,FINE,4,EMP
RBT,REAR,REVERSING,WET,DUSK,SINGLE,LIGHT,FINE,4,EMP
RAD,NSF,SSW,WET,DAY,MULTI,MODERATE,FINE,1,CARS TRUCKS
RAD,FRNT,HON,WET,NIGHT,MULTI,MODERATE,RAIN,1,CARS TRUCKS
BSP,FRNT,TAI,DRY,DAY,SINGLE,EXTREME,FINE,4,EMP
XRD,REAR,SSW,WET,DAY,MULTI,MODERATE,FINE,4,CARS TRUCKS
RAD,NSF,N2T,DRY,DAY,SINGLE,LIGHT,FINE,1,CARS TRUCKS
BSP,REAR,N2T,DRY,DAY,MULTI,EXTREME,FINE,1,CARS TRUCKS
RAD,REAR,HON,SLIP,NIGHT,SINGLE,LIGHT,RAIN,1,CARS TRUCKS
BSP,FRNT,N2T,DRY,DAY,MULTI,MODERATE,FINE,1,BUS - OTHER
BSP,MIR,SSW,DRY,DAY,BUS,NO,FINE,2,EMP
RBT,WSRE,SSW,DRY,DAY,SINGLE,LIGHT,FINE,0,EMP
RAD,NSM,SSW,WET,NIGHT,SINGLE,NO,RAIN,0,OTH
BSP,NSF,SSW,DRY,DAY,SINGLE,EXTREME,FINE,5,CARS TRUCKS
XRD,REAR,REVERSING,DRY,DAY,SINGLE,LIGHT,FINE,4,EMP
BSP,MIR,TAI,DRY,DAY,BUS,LIGHT,FINE,4,EMP
BSP,NSR,TAI,WET,DAY,MULTI,MODERATE,FINE,4,EMP
RAD,FRNT,HON,WET,NIGHT,SINGLE,NO,RAIN,0,OTH
XRD,NSR,SSW,DRY,DAY,SINGLE,EXTREME,FINE,1,BUS - OTHER
RAD,WSRE,HON,WET,DAY,SINGLE,LIGHT,FINE,0,ROAD RAGE
XRD,NSF,SSW,DRY,DAY,MULTI,MODERATE,FINE,0,PAS
RBT,REAR,SSW,DRY,DAY,SINGLE,MODERATE,FINE,1,EMP
RAD,NSF,SSW,DRY,DUSK,MULTI,HEAVY,FOG,1,EMP
BSP,MIR,HON,DRY,DAY,SINGLE,NO,FINE,4,CARS TRUCKS
BSP,NSM,SSW,DRY,DAY,BUS,LIGHT,FINE,0,PAS
RAD,OSF,SSW,WET,DAY,BUS,LIGHT,RAIN,1,CARS TRUCKS
BSP,NSR,SSW,DRY,NIGHT,SINGLE,HEAVY,FINE,4,BUS - OTHER
RAD,MIR,SSW,WET,DAY,SINGLE,LIGHT,FINE,0,BUS - OTHER
TIN,OSM,SSW,WET,DAY,SINGLE,HEAVY,FINE,4,BUS - OTHER
BSP,REAR,HON,DRY,DAY,SINGLE,NO,FINE,1,GEN
RAD,WSRE,SSW,WET,DAWN,SINGLE,LIGHT,FINE,0,EMP
RAD,FRNT,HON,DRY,DAWN,SINGLE,LIGHT,FINE,0,EMP
RAD,FRNT,HON,DRY,DAY,SINGLE,MODERATE,FINE,4,BUS - OTHER
RAD,OSR,SSW,WET,NIGHT,SINGLE,LIGHT,RAIN,4,CARS TRUCKS
TIN,NSM,SSW,WET,DUSK,MULTI,LIGHT,RAIN,4,EMP
RAD,REAR,SSW,DRY,DAY,SINGLE,LIGHT,FINE,2,BUS - OTHER
XRD,OSR,TAI,WET,DUSK,SINGLE,NO,RAIN,4,BUS - OTHER
RAD,REAR,REVERSING,SLIP,DAY,SINGLE,NO,RAIN,4,EMP
RAD,NSF,SSW,DRY,DAY,SINGLE,LIGHT,FINE,4,CYC
RBT,OSM,BTMO,DRY,DAY,SINGLE,MODERATE,FINE,4,EMP
RAD,OSF,HON,WET,DAY,SINGLE,MODERATE,RAIN,0,ENV
RBT,FRNT,SSW,DRY,DAY,MULTI,LIGHT,FINE,4,CARS TRUCKS
RAD,NSR,TAI,WET,DUSK,SINGLE,NO,RAIN,4,EMP
RAD,NSM,SSW,DRY,DUSK,SINGLE,EXTREME,FINE,4,EMP
XRD,NSF,HON,DRY,DAY,MULTI,LIGHT,FINE,1,CARS TRUCKS
RAD,NSR,SSW,DRY,DAY,SINGLE,MODERATE,FINE,5,EMP
RAD,FRNT,HON,DRY,DUSK,MULTI,MODERATE,FINE,0,ENV
BSP,NSR,BTMO,DRY,DAWN,MULTI,MODERATE,FINE,4,EMP
TIN,NSR,SSW,WET,DAY,MULTI,EXTREME,SUN,4,EMP
DEPOT,FRNT,REVERSING,DRY,DAY,SINGLE,LIGHT,FINE,2,BUS - OTHER
RAD,REAR,BTMO,DRY,DAY,SINGLE,MODERATE,FINE,4,BUS - OTHER
BSP,MIR,SSW,DRY,DAY,SINGLE,MODERATE,FINE,6,EMP
RBT,OSM,SSW,DRY,DAY,BUS,LIGHT,FINE,4,EMP