location_code,damage_code,collision_code,road_code,light_code,road_type_code,traffic_code,weather_code,emp_liability_code,kpi_cause_code
TIN,NSM,SSW,DRY,DAY,SINGLE,HEAVY,FINE,5,CARS TRUCKS
TIN,REAR,REVERSING,DRY,DAY,SINGLE,LIGHT,FINE,4,EMP
RAD,OSM,SSW,DRY,DAY,SINGLE,LIGHT,FINE,5,CARS TRUCKS
RAD,MIR,HON,SLIP,NIGHT,SINGLE,LIGHT,RAIN,0,ENV
XRD,OSR,SSW,DRY,DAY,BUS,MODERATE,SUN,4,EMP
RAD,NSM,SSW,DRY,DAY,SINGLE,HEAVY,FINE,4,OTH
BSP,TOPM,ROO,DRY,DAY,BUS,LIGHT,FINE,0,BUS - OTHER
BSP,NSR,SSW,DRY,NIGHT,SINGLE,HEAVY,FINE,4,EMP
BSP,NSM,TAI,DRY,NIGHT,SINGLE,NO,SUN,4,EMP
RAD,FRNT,HON,DRY,DAY,SINGLE,NO,FINE,1,CARS TRUCKS
RBT,FRNT,TBO,DRY,DAY,SINGLE,MODERATE,FINE,4,CARS TRUCKS
DEPOT,WIN,SSW,WET,DAY,MULTI,LIGHT,FINE,4,EMP
TIN,WSRE,SSW,DRY,DAY,SINGLE,NO,FINE,4,BUS - OTHER
RAD,REAR,ROO,DRY,DAY,SINGLE,NO,FINE,4,EMP
TIN,NSR,SSW,WET,DAY,SINGLE,LIGHT,FOG,4,EMP
RAD,OSR,SSW,DRY,DAY,SINGLE,LIGHT,FOG,4,EMP
BSP,REAR,SSW,DRY,NIGHT,SINGLE,LIGHT,FINE,2,BUS - OTHER
RAD,OSM,SSW,DRY,DAY,SINGLE,NO,FINE,4,OTH
RAD,REAR,REVERSING,DRY,DAY,SINGLE,LIGHT,FINE,1,CARS TRUCKS
RBT,OSF,SSW,DRY,DAY,MULTI,MODERATE,FINE,1,CARS TRUCKS
RAD,WIN,SSW,WET,DAY,SINGLE,NO,FINE,0,GEN
BSP,NSR,TAI,DRY,STREET,BUS,LIGHT,FINE,4,EMP
XRD,FRNT,REVERSING,DRY,DAY,SINGLE,MODERATE,FINE,4,EMP
BSP,NSR,SSW,WET,DUSK,MULTI,HEAVY,RAIN,4,CARS TRUCKS
RAD,NSR,N2T,DRY,DAY,SINGLE,LIGHT,FINE,5,CARS TRUCKS
BSP,NSR,SSW,DRY,DAY,SINGLE,MODERATE,FINE,4,BUS - OTHER
XRD,NSF,SSW,DRY,DAY,SINGLE,NO,FINE,1,GEN
RAD,OSR,SSW,DRY,DAY,MULTI,NO,SUN,1,EMP
RBT,NSR,SSW,DRY,NIGHT,SINGLE,LIGHT,FINE,4,PL&EQ
TIN,NSF,TBO,DRY,DAY,SINGLE,NO,FINE,4,EMP
TIN,NSR,SSW,WET,DAY,SINGLE,HEAVY,RAIN,4,BUS - OTHER
RAD,FRNT,SSW,WET,NIGHT,MULTI,HEAVY,RAIN,4,CARS TRUCKS
BSP,OSR,SSW,DRY,DAY,BUS,MODERATE,FINE,4,BUS - OTHER
DEPOT,NSM,SSW,WET,DAWN,BUS,LIGHT,FINE,4,BUS - OTHER
BSP,OSR,SSW,SLIP,DUSK,MULTI,LIGHT,FINE,1,EMP
BSP,FRNT,SSW,WET,DAY,SINGLE,NO,FINE,4,EMP
TIN,NSF,N2T,DRY,DAWN,SINGLE,MODERATE,FINE,4,CARS TRUCKS
BSP,NSR,TAI,WET,DAY,SINGLE,MODERATE,FOG,4,EMP
TIN,FRNT,N2T,WET,DUSK,SINGLE,LIGHT,RAIN,4,EMP
RAD,REAR,REVERSING,DRY,DAY,SINGLE,NO,FINE,4,BUS - OTHER
BSP,OSR,REVERSING,WET,DAY,BUS,NO,FINE,4,EMP
RAD,MIR,N2T,DRY,DAY,MULTI,MODERATE,FINE,1,CARS TRUCKS
TIN,MIR,SSW,DRY,DAY,SINGLE,LIGHT,FINE,5,CARS TRUCKS
RAD,NSM,SSW,WET,DAY,FREE,HEAVY,RAIN,1,CARS TRUCKS
RBT,OSM,SSW,WET,DAY,SINGLE,MODERATE,RAIN,4,EMP
BSP,FRNT,BTMO,DRY,DAY,SINGLE,NO,FINE,4,BUS - OTHER
XRD,MIR,SSW,WET,NIGHT,MULTI,MODERATE,RAIN,5,OTH
RAD,MIR,HON,DRY,DAY,FREE,EXTREME,FINE,4,CARS TRUCKS
BSP,MIR,SSW,WET,NIGHT,SINGLE,NO,RAIN,4,BUS - OTHER
XRD,FRNT,SSW,DRY,DAY,SINGLE,NO,FINE,4,EMP
RAD,NSR,SSW,DRY,DAY,SINGLE,MODERATE,SUN,4,EMP
RAD,NSF,SSW,DRY,DAWN,SINGLE,MODERATE,FINE,0,EMP
XRD,OSR,SSW,WET,DAWN,SINGLE,LIGHT,RAIN,4,EMP
RAD,OSM,SSW,WET,DAY,MULTI,LIGHT,RAIN,1,CARS TRUCKS
BSP,WSRE,SSW,DRY,DAY,BUS,LIGHT,FINE,4,EMP
BSP,MIR,SSW,DRY,NIGHT,SINGLE,MODERATE,FINE,4,EMP
RAD,OSM,SSW,WET,DAY,SINGLE,NO,FINE,4,BUS - OTHER
TIN,FRNT,N2T,DRY,DAY,MULTI,NO,FINE,4,EMP
BSP,FRNT,SSW,DRY,DAY,MULTI,MODERATE,FINE,1,CARS TRUCKS
TIN,NSM,SSW,DRY,STREET,MULTI,LIGHT,FINE,4,BUS - OTHER
RBT,MIR,SSW,DRY,DAY,MULTI,MODERATE,FINE,1,CARS TRUCKS
RAD,OSF,SSW,DRY,DAY,MULTI,NO,RAIN,1,CARS TRUCKS
RBT,WIN,TAI,WET,DAY,SINGLE,NO,RAIN,4,EMP
BSP,FRNT,SSW,DRY,DAY,SINGLE,NO,FINE,4,BUS - OTHER
TIN,FRNT,N2T,DRY,DAY,MULTI,HEAVY,FINE,4,BUS - OTHER
XRD,NSM,SSW,SLIP,DAY,MULTI,HEAVY,FINE,4,BUS - OTHER
RBT,OSR,SSW,DRY,DUSK,SINGLE,NO,FINE,4,EMP
BSP,MIR,SSW,DRY,NIGHT,SINGLE,HEAVY,FINE,5,CARS TRUCKS
RAD,MIR,SSW,DRY,DAWN,SINGLE,LIGHT,FINE,4,EMP
RAD,FRNT,HON,SLIP,DUSK,MULTI,LIGHT,RAIN,4,EMP
XRD,NSF,TBO,WET,DUSK,MULTI,LIGHT,RAIN,1,CARS TRUCKS
BSP,MIR,SSW,DRY,DUSK,SINGLE,MODERATE,FINE,4,EMP
BSP,MIR,SSW,DRY,DAY,BUS,NO,FINE,0,GEN
BSP,MIR,SSW,WET,DAY,MULTI,HEAVY,RAIN,4,EMP
RAD,NSF,HON,WET,DAY,MULTI,LIGHT,RAIN,0,EMP
XRD,NSR,SSW,WET,DAY,SINGLE,LIGHT,FINE,4,EMP
RAD,FRNT,SSW,DRY,DAY,BUS,LIGHT,FINE,4,EMP
RAD,FRNT,SSW,SLIP,DAY,MULTI,LIGHT,RAIN,1,CARS TRUCKS
RBT,FRNT,HON,WET,DAY,SINGLE,MODERATE,RAIN,4,EMP
BSP,OSR,N2T,DRY,DAY,BUS,LIGHT,FINE,5,EMP
TIN,NSR,SSW,DRY,DAY,SINGLE,MODERATE,FINE,1,CARS TRUCKS
XRD,FRNT,BTMO,DRY,NIGHT,SINGLE,LIGHT,FINE,4,EMP
RAD,OSF,SSW,DRY,DUSK,SINGLE,LIGHT,FINE,4,BUS - OTHER
XRD,MIR,SSW,WET,NIGHT,SINGLE,NO,RAIN,4,EMP
BSP,NSF,SSW,WET,NIGHT,SINGLE,NO,RAIN,4,EMP
BSP,OSF,REVERSING,WET,DAY,SINGLE,NO,FINE,4,EMP
RAD,OSM,TAI,DRY,DAY,SINGLE,MODERATE,FINE,4,EMP
RAD,OSR,SSW,WET,NIGHT,SINGLE,NO,RAIN,0,ENV
RAD,NSF,HON,DRY,NIGHT,BUS,MODERATE,FINE,1,EMP
RAD,FRNT,HON,DRY,DAY,BUS,HEAVY,FINE,1,EMP
BSP,OSR,SSW,DRY,DAY,SINGLE,LIGHT,FINE,0,EMP
BSP,NSR,SSW,DRY,NIGHT,SINGLE,LIGHT,FINE,1,CARS TRUCKS
RAD,OSR,TAI,DRY,DAY,SINGLE,HEAVY,FINE,4,EMP
XRD,NSM,SSW,DRY,STREET,SINGLE,MODERATE,FINE,4,EMP
BSP,REAR,REVERSING,WET,DAY,BUS,NO,RAIN,4,EMP
TIN,NSM,SSW,DRY,NIGHT,SINGLE,LIGHT,RAIN,4,EMP
RAD,NSR,HON,DRY,DAY,MULTI,HEAVY,FINE,0,EMP
TIN,NSR,TAI,WET,DAY,SINGLE,LIGHT,FINE,4,EMP
RAD,OSR,SSW,DRY,NIGHT,SINGLE,LIGHT,FINE,4,BUS - OTHER
RAD,NSM,REVERSING,DRY,DAY,SINGLE,LIGHT,FINE,1,EMP
RBT,WSRE,SSW,DRY,DUSK,SINGLE,NO,FINE,4,EMP
RAD,NSR,SSW,DRY,DUSK,BUS,MODERATE,FINE,4,BUS - OTHER
DEPOT,REAR,N2T,DRY,DAY,BUS,NO,FINE,1,CARS TRUCKS
BSP,NSR,TAI,DRY,NIGHT,SINGLE,HEAVY,FINE,4,EMP
XRD,NSR,TAI,DRY,DAY,SINGLE,MODERATE,FINE,4,EMP
BSP,OSF,SSW,DRY,DUSK,SINGLE,LIGHT,FINE,1,EMP
DEPOT,WSRE,HON,WET,DAY,SINGLE,NO,FINE,3,EMP
TIN,NSM,SSW,DRY,DAY,SINGLE,EXTREME,FINE,4,EMP
RAD,NSR,SSW,DRY,DUSK,SINGLE,MODERATE,SUN,4,BUS - OTHER
RAD,NSR,SSW,DRY,DAY,SINGLE,LIGHT,FINE,5,BUS - OTHER
RAD,NSF,REVERSING,DRY,DAY,MULTI,NO,FINE,1,CARS TRUCKS
RAD,OSR,N2T,DRY,DAY,SINGLE,EXTREME,FINE,1,CARS TRUCKS
RAD,FRNT,SSW,DRY,DAY,SINGLE,HEAVY,FINE,1,EMP
RAD,NSM,SSW,DRY,DAY,MULTI,LIGHT,FINE,6,BUS - OTHER
DEPOT,OSF,TAI,DRY,DAY,SINGLE,NO,FINE,2,BUS - OTHER
DEPOT,NSR,TAI,SLIP,DAY,BUS,NO,RAIN,4,EMP
RBT,OSR,SSW,DRY,DAY,SINGLE,LIGHT,FINE,1,ROA
DEPOT,NSM,SSW,WET,DAY,SINGLE,HEAVY,RAIN,4,CARS TRUCKS
RAD,REAR,N2T,DRY,DAY,SINGLE,LIGHT,FINE,6,OTH
DEPOT,NSR,SSW,DRY,DAWN,SINGLE,NO,FINE,6,EMP
DEPOT,OSM,SSW,DRY,DUSK,SINGLE,NO,FINE,0,CARS TRUCKS
RAD,REAR,SSW,WET,NIGHT,SINGLE,LIGHT,RAIN,4,EMP
DEPOT,WSRE,SSW,DRY,DAY,SINGLE,LIGHT,FINE,0,OTH
DEPOT,FRNT,SSW,DRY,DUSK,SINGLE,LIGHT,FINE,4,EMP
RAD,TOPR,SSW,DRY,DAY,MULTI,MODERATE,FINE,4,EMP
RBT,NSR,REVERSING,DRY,DAY,SINGLE,LIGHT,FINE,4,EMP
DEPOT,NSM,SSW,DRY,DAWN,SINGLE,NO,FINE,1,CARS TRUCKS
RAD,NSF,BTMO,DRY,DAY,SINGLE,LIGHT,FINE,6,EMP
DEPOT,NSF,SSW,DRY,NIGHT,SINGLE,NO,FINE,0,ENV
RAD,OSF,BTMO,DRY,DAY,SINGLE,LIGHT,FINE,6,OTH
DEPOT,NSF,REVERSING,DRY,DAY,MULTI,NO,FINE,1,CARS TRUCKS
RAD,TOPF,SSW,DRY,DAY,SINGLE,LIGHT,FINE,6,EMP
RAD,REAR,N2T,WET,DAY,MULTI,HEAVY,FINE,6,EMP
DEPOT,NSM,SSW,DRY,NIGHT,SINGLE,NO,FINE,4,BUS - OTHER
RBT,MIR,SSW,DRY,DAY,MULTI,HEAVY,FINE,5,CARS TRUCKS
BSP,NSR,SSW,DRY,DAY,BUS,LIGHT,FINE,0,BUS - OTHER
BSP,NSR,N2T,DRY,DAY,SINGLE,LIGHT,FINE,4,CARS TRUCKS
DEPOT,NSM,SSW,DRY,NIGHT,BUS,NO,FINE,4,OTH
DEPOT,OSF,SSW,DRY,DAY,SINGLE,LIGHT,FINE,6,BUS - OTHER
DEPOT,NSM,SSW,DRY,NIGHT,SINGLE,LIGHT,FINE,4,EMP
DEPOT,REAR,SSW,WET,DAY,SINGLE,NO,RAIN,4,EMP
DEPOT,FRNT,SSW,DRY,DAY,SINGLE,NO,FINE,1,BUS - OTHER
RAD,OSF,SSW,DRY,DAY,SINGLE,LIGHT,FINE,6,BUS - OTHER
RAD,WIN,SSW,WET,DAWN,SINGLE,NO,RAIN,4,EMP
DEPOT,MIR,SSW,DRY,DAY,SINGLE,LIGHT,FINE,6,OTH
RAD,NSR,SSW,DRY,DAWN,SINGLE,LIGHT,FINE,6,OTH
DEPOT,NSR,SSW,DRY,DAY,MULTI,LIGHT,FINE,6,CARS TRUCKS
XRD,OSR,REVERSING,DRY,NIGHT,SINGLE,NO,FOG,4,EMP
DEPOT,FRNT,HON,DRY,DUSK,SINGLE,NO,FINE,4,EMP
RAD,TOPR,SSW,DRY,DAY,SINGLE,LIGHT,FINE,6,OTH
RAD,NSF,SSW,DRY,NIGHT,SINGLE,NO,FINE,4,CARS TRUCKS
RAD,OSF,SSW,DRY,DAY,SINGLE,LIGHT,FINE,5,OTH
BSP,REAR,N2T,DRY,DAY,SINGLE,LIGHT,FINE,6,OTH
DEPOT,NSR,REVERSING,WET,DAY,MULTI,NO,RAIN,4,EMP
RAD,WSRE,HON,DRY,DAY,SINGLE,HEAVY,FINE,0,OTH
BSP,NSF,SSW,DRY,DAY,SINGLE,LIGHT,FINE,6,OTH
RAD,TOPF,HON,DRY,DAY,SINGLE,LIGHT,FINE,4,ENV
RAD,WIN,SSW,DRY,DAY,SINGLE,LIGHT,FINE,6,OTH
RAD,OSM,BTMO,DRY,DAY,SINGLE,LIGHT,FINE,6,BUS - OTHER
DEPOT,REAR,ROO,DRY,DAY,SINGLE,LIGHT,FINE,2,EMP
RAD,OSR,SSW,DRY,DAY,SINGLE,NO,FINE,6,OTH
DEPOT,NSM,SSW,DRY,DAY,SINGLE,LIGHT,FINE,4,OTH
RAD,NSF,BTMO,DRY,DAY,SINGLE,LIGHT,FINE,6,OTH
RAD,FRNT,SSW,DRY,DAY,SINGLE,LIGHT,FINE,6,BUS - OTHER
DEPOT,OSR,BTMO,DRY,DAY,SINGLE,LIGHT,FINE,6,EMP
DEPOT,REAR,REVERSING,DRY,DAY,MULTI,NO,FINE,4,EMP
RAD,OSM,SSW,DRY,DAY,SINGLE,LIGHT,FINE,1,OTH
DEPOT,NSF,SSW,DRY,DAY,SINGLE,LIGHT,FINE,0,EMP
RAD,REAR,BTMO,DRY,DAY,SINGLE,LIGHT,FINE,6,OTH
RAD,FRNT,SSW,WET,DAY,SINGLE,NO,FINE,4,EMP
DEPOT,FRNT,REVERSING,DRY,DAWN,BUS,NO,FINE,4,EMP
XRD,MIR,SSW,DRY,DAY,MULTI,MODERATE,FINE,5,EMP
DEPOT,NSF,SSW,DRY,DAY,SINGLE,LIGHT,FINE,6,OTH
RAD,OSF,SSW,DRY,DAY,MULTI,NO,FINE,1,CARS TRUCKS
RAD,NSF,SSW,DRY,DAY,MULTI,MODERATE,FINE,6,OTH
DEPOT,REAR,SSW,DRY,DAY,SINGLE,LIGHT,FINE,6,BUS - OTHER
DEPOT,FRNT,N2T,DRY,DAY,MULTI,NO,FINE,1,EMP
RAD,FRNT,HON,DRY,DAY,SINGLE,LIGHT,FINE,6,EMP
DEPOT,WIN,SSW,WET,DAWN,SINGLE,LIGHT,FINE,4,EMP
DEPOT,OSM,SSW,DRY,DAY,SINGLE,LIGHT,FINE,2,CARS TRUCKS
DEPOT,NSR,SSW,DRY,NIGHT,SINGLE,NO,FINE,1,CARS TRUCKS
RAD,NSR,BTMO,DRY,DAY,SINGLE,LIGHT,FINE,6,EMP
RAD,NSR,SSW,DRY,NIGHT,MULTI,LIGHT,FINE,0,PAS
BSP,NSR,N2T,DRY,DAY,SINGLE,NO,FINE,4,BUS - OTHER
DEPOT,REAR,SSW,DRY,NIGHT,SINGLE,LIGHT,FINE,0,BUS - OTHER
RAD,FRNT,HON,SLIP,NIGHT,SINGLE,MODERATE,FINE,0,OTH
RAD,Scratch on righ,SSW,DRY,DAY,SINGLE,LIGHT,FINE,1,EMP
RAD,N/S/F Cant Rail,SSW,DRY,DAY,SINGLE,LIGHT,FINE,4,EMP
DEPOT,MIR,TAI,DRY,DAY,SINGLE,NO,SUN,2,EMP
DEPOT,NSR,N2T,DRY,DAWN,SINGLE,NO,FINE,4,EMP
DEPOT,OSR,SSW,DRY,NIGHT,BUS,NO,FINE,4,OTH
DEPOT,TOPM,SSW,DRY,DAY,SINGLE,LIGHT,FINE,0,EMP
DEPOT,TOPM,SSW,DRY,DAY,SINGLE,LIGHT,FINE,0,ENV
DEPOT,WSRE,SSW,DRY,NIGHT,SINGLE,NO,FINE,0,CARS TRUCKS
BSP,MIR,SSW,DRY,DAY,BUS,LIGHT,FINE,1,CARS TRUCKS
RAD,NSR,SSW,WET,NIGHT,SINGLE,MODERATE,FOG,1,EMP
DEPOT,OSM,SSW,DRY,DAY,SINGLE,LIGHT,FINE,5,EMP
RAD,Shattered refle,SSW,DRY,DAY,SINGLE,LIGHT,FINE,4,EMP
RAD,TOPF,N2T,DRY,DAY,SINGLE,LIGHT,FINE,4,EMP
DEPOT,REAR,TAI,DRY,DAY,SINGLE,NO,FINE,4,EMP
DEPOT,MIR,TAI,DRY,DAY,SINGLE,NO,FINE,2,CARS TRUCKS
DEPOT,NSR,HON,DRY,DAY,SINGLE,LIGHT,FINE,4,EMP
DEPOT,FRNT,HON,DRY,DAY,SINGLE,NO,FINE,1,CARS TRUCKS
DEPOT,FRNT,N2T,DRY,NIGHT,SINGLE,NO,FINE,2,EMP
DEPOT,MIR,SSW,DRY,NIGHT,SINGLE,NO,FINE,4,EMP
DEPOT,REAR,BTMO,DRY,DAY,SINGLE,LIGHT,FINE,6,OTH
RAD,MIR,HON,DRY,DAY,MULTI,MODERATE,FINE,6,EMP
DEPOT,OSR,BTMO,DRY,NIGHT,BUS,NO,FINE,4,CARS TRUCKS
RAD,NSR,SSW,DRY,DAWN,SINGLE,NO,FINE,6,EMP
RAD,FRNT,N2T,SLIP,DAY,SINGLE,MODERATE,FINE,4,EMP
RAD,FRNT,SSW,DRY,DAY,SINGLE,LIGHT,FINE,2,EMP
DEPOT,NSM,SSW,WET,DUSK,SINGLE,NO,RAIN,4,BUS BRAKING
RAD,NSR,SSW,DRY,DAY,SINGLE,LIGHT,FINE,6,PAS
BSP,OSF,REVERSING,DRY,DAY,SINGLE,LIGHT,FINE,6,EMP
RAD,NSR,SSW,DRY,DAY,SINGLE,LIGHT,FINE,5,OTH
RAD,FRNT,SSW,DRY,DAY,SINGLE,LIGHT,FINE,0,PL&EQ
RAD,TOPR,SSW,DRY,DAY,SINGLE,LIGHT,FINE,6,EMP
RAD,Dent and scrape,SSW,DRY,DAY,SINGLE,LIGHT,FINE,1,EMP
DEPOT,REAR,REVERSING,DRY,DAWN,SINGLE,NO,FINE,4,EMP
RAD,REAR,SSW,DRY,DAY,SINGLE,LIGHT,FINE,5,EMP
DEPOT,FRNT,N2T,DRY,DAY,SINGLE,NO,FINE,4,EMP
RAD,OSR,SSW,DRY,DAY,SINGLE,LIGHT,RAIN,4,EMP
RAD,OSR,SSW,DRY,DAWN,SINGLE,NO,FINE,3,EMP
DEPOT,NSF,REVERSING,DRY,DAY,SINGLE,LIGHT,FINE,2,EMP
TIN,NSR,TAI,DRY,DAY,SINGLE,MODERATE,FINE,4,EMP
RAD,WIN,SSW,DRY,DAY,SINGLE,MODERATE,FINE,4,EMP
RAD,Rear R/H panel ,SSW,DRY,DAY,SINGLE,LIGHT,FINE,4,EMP
BSP,NSR,SSW,DRY,DUSK,SINGLE,LIGHT,FOG,4,EMP
RAD,NSR,SSW,DRY,DUSK,SINGLE,LIGHT,FINE,3,EMP
RAD,WIN,SSW,DRY,DAWN,SINGLE,NO,FINE,4,EMP
RAD,REAR,SSW,WET,DAWN,SINGLE,LIGHT,RAIN,4,EMP
XRD,OSM,SSW,DRY,DAY,SINGLE,LIGHT,FINE,3,EMP
RAD,OSM,SSW,DRY,DAY,SINGLE,NO,FINE,3,EMP
RAD,NSF,SSW,WET,NIGHT,FREE,NO,FOG,4,EMP
RAD,REAR,SSW,DRY,NIGHT,MULTI,NO,FINE,4,EMP
RAD,REAR,N2T,DRY,DAWN,SINGLE,NO,FINE,4,EMP
XRD,NSR,SSW,DRY,STREET,MULTI,NO,FINE,4,EMP
RAD,TOPM,SSW,SLIP,DAY,SINGLE,NO,ICE,1,EMP
BSP,REAR,N2T,DRY,DUSK,BUS,LIGHT,FINE,4,EMP
XRD,OSR,SSW,DRY,DUSK,SINGLE,LIGHT,FINE,4,EMP
XRD,OSM,SSW,WET,DAY,MULTI,MODERATE,RAIN,1,EMP
XRD,OSR,SSW,DRY,DAY,MULTI,EXTREME,FINE,1,EMP
XRD,NSM,SSW,SLIP,STREET,SINGLE,NO,RAIN,4,EMP
RAD,FRNT,HON,SLIP,DAY,SINGLE,NO,RAIN,1,EMP
RAD,REAR,SSW,WET,DAY,BUS,NO,FINE,4,EMP
RAD,FRNT,SSW,DRY,NIGHT,SINGLE,NO,FINE,1,EMP
BSP,OSR,SSW,DRY,NIGHT,MULTI,MODERATE,FINE,1,EMP
XRD,NSM,SSW,DRY,NIGHT,SINGLE,MODERATE,FINE,4,EMP
RAD,OSR,SSW,WET,DAY,MULTI,NO,RAIN,4,EMP
BSP,TOPM,SSW,DRY,DAY,SINGLE,LIGHT,FINE,1,EMP
RAD,NSR,ROO,DRY,DAY,SINGLE,LIGHT,FINE,6,BUS - OTHER
RAD,MIR,SSW,DRY,DAY,MULTI,LIGHT,FINE,6,EMP
DEPOT,OSR,SSW,DRY,DAY,SINGLE,LIGHT,FINE,6,EMP
DEPOT,WSRE,TAI,SLIP,DAY,SINGLE,NO,FINE,5,EMP
RAD,FRNT,BTMO,DRY,DAY,SINGLE,LIGHT,FINE,6,EMP
DEPOT,OSM,SSW,WET,NIGHT,SINGLE,HEAVY,FOG,4,EMP
RAD,OSR,BTMO,DRY,DAY,SINGLE,LIGHT,FINE,6,EMP
DEPOT,NSR,N2T,DRY,DUSK,BUS,NO,FINE,4,EMP
DEPOT,OSR,SSW,WET,DAY,SINGLE,LIGHT,FINE,4,EMP
DEPOT,OSM,REVERSING,DRY,DAY,SINGLE,LIGHT,FINE,4,EMP
RAD,OSR,BTMO,DRY,DAY,SINGLE,LIGHT,FINE,6,OTH
DEPOT,WSRE,HON,DRY,DAY,SINGLE,LIGHT,FINE,0,OTH
RAD,Rubbber torn D/,SSW,DRY,DAY,SINGLE,LIGHT,FINE,4,EMP
RAD,N/S lower panel,SSW,DRY,DAY,SINGLE,LIGHT,FINE,4,EMP
RAD,Driver's side m,SSW,DRY,DAY,SINGLE,LIGHT,FINE,4,EMP
RAD,Broken R/H/S fr,SSW,DRY,DAY,SINGLE,LIGHT,FINE,4,EMP
RAD,Broken glass in,SSW,DRY,DAY,SINGLE,LIGHT,FINE,4,EMP
RAD,Rear L/H/S tail,SSW,DRY,DAY,SINGLE,LIGHT,FINE,4,EMP
RAD,rED Paint on re,SSW,DRY,DAY,SINGLE,LIGHT,FINE,4,EMP
RAD,Scratched paint,SSW,DRY,DAY,SINGLE,LIGHT,FINE,4,EMP
RAD,R/H/S broken le,SSW,DRY,DAY,SINGLE,LIGHT,FINE,4,EMP
RAD,R/H rear accide,SSW,DRY,DAY,SINGLE,LIGHT,FINE,4,EMP
RAD,R/H/S front cor,SSW,DRY,DAY,SINGLE,LIGHT,FINE,4,EMP
RAD,R/H/S mirror in,SSW,DRY,DAY,SINGLE,LIGHT,FINE,4,EMP
RAD,Unknown,SSW,DRY,DAY,SINGLE,LIGHT,FINE,4,EMP
RAD,FRNT,N2T,DRY,DAY,MULTI,MODERATE,FINE,5,ROA
RAD,FRNT,BTMO,DRY,DAY,SINGLE,LIGHT,FINE,6,OTH
RAD,NSR,TAI,DRY,DAY,SINGLE,LIGHT,FINE,6,BUS - OTHER
DEPOT,NSF,SSW,DRY,NIGHT,SINGLE,NO,FINE,2,EMP
RAD,NSR,N2T,DRY,DAY,SINGLE,LIGHT,FINE,4,BUS - OTHER
RAD,REAR,BTMO,DRY,DAY,SINGLE,LIGHT,FINE,6,EMP
RAD,OSR,TAI,DRY,DAY,SINGLE,LIGHT,FINE,4,OTH
DEPOT,NSR,SSW,DRY,DAY,SINGLE,LIGHT,FINE,5,OTH
RAD,NSF,SSW,WET,NIGHT,SINGLE,LIGHT,FINE,4,EMP
RAD,NSM,TAI,DRY,DAY,SINGLE,LIGHT,FINE,4,EMP
RAD,MIR,SSW,DRY,DAY,SINGLE,LIGHT,FINE,6,EMP
DEPOT,NSR,TAI,DRY,NIGHT,MULTI,MODERATE,FINE,4,EMP
BSP,NSM,REVERSING,WET,NIGHT,BUS,LIGHT,RAIN,1,CARS TRUCKS
DEPOT,MIR,REVERSING,DRY,DAY,SINGLE,NO,FINE,4,EMP
DEPOT,OSR,REVERSING,DRY,DAY,SINGLE,NO,FINE,4,BUS - OTHER
DEPOT,OSF,SSW,DRY,DAY,SINGLE,LIGHT,FINE,6,EMP
RAD,NSM,SSW,DRY,DAY,SINGLE,LIGHT,FINE,6,CARS TRUCKS
BSP,OSR,REVERSING,DRY,DAY,SINGLE,LIGHT,FINE,6,EMP
RAD,NSR,TAI,DRY,DAY,SINGLE,LIGHT,FINE,6,EMP
RAD,OSF,BTMO,DRY,DAY,SINGLE,LIGHT,FINE,6,EMP
RAD,NSF,SSW,DRY,DAY,SINGLE,LIGHT,FINE,6,CARS TRUCKS
DEPOT,NSF,SSW,DRY,DAY,SINGLE,NO,FINE,0,BUS - OTHER
RAD,WSRE,SSW,DRY,DAY,SINGLE,LIGHT,FINE,6,EMP
RAD,OSR,SSW,DRY,DAWN,BUS,EXTREME,FINE,6,EMP
BSP,REAR,HON,DRY,DAY,MULTI,MODERATE,SUN,1,CARS TRUCKS
RAD,OSR,TAI,DRY,DAY,SINGLE,LIGHT,FINE,6,BUS - OTHER
RAD,NSM,SSW,DRY,DAWN,SINGLE,LIGHT,FINE,4,BUS - OTHER
DEPOT,MIR,SSW,DRY,DAY,SINGLE,LIGHT,FINE,4,PAS
DEPOT,FRNT,SSW,DRY,DAY,SINGLE,LIGHT,FINE,0,BUS - OTHER
RAD,OSF,HON,SLIP,NIGHT,MULTI,MODERATE,FINE,1,CARS TRUCKS
RAD,OSR,SSW,WET,DAWN,SINGLE,LIGHT,RAIN,4,BUS - OTHER
DEPOT,NSR,REVERSING,DRY,DAY,SINGLE,LIGHT,FINE,4,BUS - OTHER
DEPOT,NSR,SSW,WET,DAY,SINGLE,NO,FINE,4,BUS - OTHER